[ 1/341] league_per_game_stats ... OK  (rows=736, 1.2s)
[ 2/341] league_per_36_minutes ... OK  (rows=709, 6.9s)
[ 3/341] league_totals ... OK  (rows=652, 6.8s)
[ 4/341] league_per_100_possessions ... OK  (rows=652, 6.2s)
[ 5/341] league_shooting ... OK  (rows=706, 7.0s)
[ 6/341] league_transactions ... OK  (rows=1799, 5.5s)
[ 7/341] rookie_stats ... OK  (rows=85, 6.7s)
[ 8/341] standings ... OK  (rows=30, 6.1s)
[ 9/341] standings_by_date ... ERROR schema_drift SchemaDriftError  (12.8s)
[10/341] attendance ... ERROR schema_drift SchemaDriftError  (6.4s)
[11/341] playoff_per_game ... OK  (rows=218, 7.0s)
[12/341] playoff_totals ... OK  (rows=240, 6.3s)
[13/341] playoff_bracket ... ERROR schema_drift SchemaDriftError  (6.1s)
[14/341] draft_picks ... OK  (rows=58, 7.0s)
[15/341] season_awards ... OK  (rows=11, 7.0s)
[16/341] season_leaders ... ERROR schema_drift SchemaDriftError  (6.4s)
[17/341] career_leaders ... ERROR schema_drift SchemaDriftError  (6.9s)
[18/341] player_career_stats ... OK  (rows=19, 6.8s)
[19/341] player_playoff_series ... OK  (rows=34, 6.7s)
[20/341] player_adjusted_shooting ... OK  (rows=10, 6.7s)
[21/341] player_play_by_play ... OK  (rows=9, 6.4s)
[22/341] player_game_highs ... OK  (rows=20, 6.3s)
[23/341] player_all_star ... OK  (rows=1, 6.1s)
[24/341] player_similarity_scores ... OK  (rows=11, 6.3s)
[25/341] player_salaries ... OK  (rows=8, 6.8s)
[26/341] player_splits ... OK  (rows=66, 6.2s)
[27/341] player_on_off ... OK  (rows=2, 6.0s)
[28/341] player_shot_charts ... OK  (rows=0, 6.4s)
[29/341] team_roster ... OK  (rows=20, 6.9s)
[30/341] team_injury_report ... OK  (rows=42, 6.1s)
[31/341] team_and_opponent ... OK  (rows=6, 6.7s)
[32/341] team_misc_four_factors ... OK  (rows=2, 6.3s)
[33/341] team_opponent_stats ... OK  (rows=6, 6.4s)
[34/341] team_schedule ... OK  (rows=82, 7.0s)
[35/341] team_transactions ... OK  (rows=37, 6.5s)
[36/341] team_splits ... ERROR schema_drift SchemaDriftError  (6.3s)
[37/341] team_contracts ... OK  (rows=20, 6.1s)
[38/341] team_lineups ... ERROR schema_drift SchemaDriftError  (6.6s)
[39/341] team_starting_lineups ... OK  (rows=82, 6.8s)
[40/341] team_on_off ... OK  (rows=40, 6.6s)
[41/341] franchise_history ... ERROR schema_drift SchemaDriftError  (6.3s)
[42/341] player_box_scores ... OK  (rows=92, 6.6s)
[43/341] team_box_scores ... OK  (rows=10, 38.9s)
[44/341] play_by_play ... OK  (rows=464, 13.7s)
[45/341] regular_season_player_box_scores ... OK  (rows=73, 6.7s)
[46/341] playoff_player_box_scores ... OK  (rows=19, 6.2s)
[47/341] season_schedule ... OK  (rows=1312, 58.6s)
[48/341] players_season_totals ... OK  (rows=715, 7.3s)
[49/341] players_advanced_season_totals ... OK  (rows=626, 6.4s)
[50/341] search ... OK  (rows=5, 6.1s)
[51/341] league_play_by_play ... OK  (rows=574, 6.7s)
[52/341] league_play_by_play_pbp_stats_post ... OK  (rows=189, 5.9s)
[53/341] allstar_career_leaders ... OK  (rows=0, 6.4s)
[54/341] allstar_career_stats ... OK  (rows=468, 7.1s)
[55/341] allstar_contests ... OK  (rows=115, 5.8s)
[56/341] allstar_game_boxscore ... ERROR other TypeError  (0.0s)
[57/341] allstar_game_boxscore_team_shaq ... ERROR other TypeError  (0.0s)
[58/341] allstar_game_boxscore_line_score ... ERROR other TypeError  (0.0s)
[59/341] allstar_game_index ... OK  (rows=0, 6.2s)
[60/341] allstar_game_index_team_shaq ... OK  (rows=0, 6.6s)
[61/341] allstar_game_index_line_score ... OK  (rows=2, 6.4s)
[62/341] allstar_legends ... OK  (rows=10, 6.1s)
[63/341] allstar_rookies ... OK  (rows=32, 7.9s)
[64/341] allstar_single_game_leaders ... OK  (rows=0, 6.4s)
C:\Users\nicolas\Documents\GitHub\courtside-data\courtside_data\output\field_types.py:405: UserWarning: Failed to coerce '1.0' via int, leaving as string
  return {key: get_coercion(key)(value) for key, value in row.items()}
C:\Users\nicolas\Documents\GitHub\courtside-data\courtside_data\output\field_types.py:405: UserWarning: Failed to coerce '2.5' via int, leaving as string
  return {key: get_coercion(key)(value) for key, value in row.items()}
C:\Users\nicolas\Documents\GitHub\courtside-data\courtside_data\output\field_types.py:405: UserWarning: Failed to coerce '4.2' via int, leaving as string
  return {key: get_coercion(key)(value) for key, value in row.items()}
C:\Users\nicolas\Documents\GitHub\courtside-data\courtside_data\output\field_types.py:405: UserWarning: Failed to coerce '33.8' via int, leaving as string
  return {key: get_coercion(key)(value) for key, value in row.items()}
C:\Users\nicolas\Documents\GitHub\courtside-data\courtside_data\output\field_types.py:405: UserWarning: Failed to coerce '35.5' via int, leaving as string
  return {key: get_coercion(key)(value) for key, value in row.items()}
C:\Users\nicolas\Documents\GitHub\courtside-data\courtside_data\output\field_types.py:405: UserWarning: Failed to coerce '37.5' via int, leaving as string
  return {key: get_coercion(key)(value) for key, value in row.items()}
C:\Users\nicolas\Documents\GitHub\courtside-data\courtside_data\output\field_types.py:405: UserWarning: Failed to coerce '38.8' via int, leaving as string
  return {key: get_coercion(key)(value) for key, value in row.items()}
C:\Users\nicolas\Documents\GitHub\courtside-data\courtside_data\output\field_types.py:405: UserWarning: Failed to coerce '41.0' via int, leaving as string
  return {key: get_coercion(key)(value) for key, value in row.items()}
C:\Users\nicolas\Documents\GitHub\courtside-data\courtside_data\output\field_types.py:405: UserWarning: Failed to coerce '41.8' via int, leaving as string
  return {key: get_coercion(key)(value) for key, value in row.items()}
C:\Users\nicolas\Documents\GitHub\courtside-data\courtside_data\output\field_types.py:405: UserWarning: Failed to coerce '42.5' via int, leaving as string
  return {key: get_coercion(key)(value) for key, value in row.items()}
C:\Users\nicolas\Documents\GitHub\courtside-data\courtside_data\output\field_types.py:405: UserWarning: Failed to coerce '44.2' via int, leaving as string
  return {key: get_coercion(key)(value) for key, value in row.items()}
C:\Users\nicolas\Documents\GitHub\courtside-data\courtside_data\output\field_types.py:405: UserWarning: Failed to coerce '44.5' via int, leaving as string
  return {key: get_coercion(key)(value) for key, value in row.items()}
C:\Users\nicolas\Documents\GitHub\courtside-data\courtside_data\output\field_types.py:405: UserWarning: Failed to coerce '45.8' via int, leaving as string
  return {key: get_coercion(key)(value) for key, value in row.items()}
C:\Users\nicolas\Documents\GitHub\courtside-data\courtside_data\output\field_types.py:405: UserWarning: Failed to coerce '46.8' via int, leaving as string
  return {key: get_coercion(key)(value) for key, value in row.items()}
C:\Users\nicolas\Documents\GitHub\courtside-data\courtside_data\output\field_types.py:405: UserWarning: Failed to coerce '49.2' via int, leaving as string
  return {key: get_coercion(key)(value) for key, value in row.items()}
C:\Users\nicolas\Documents\GitHub\courtside-data\courtside_data\output\field_types.py:405: UserWarning: Failed to coerce '49.5' via int, leaving as string
  return {key: get_coercion(key)(value) for key, value in row.items()}
C:\Users\nicolas\Documents\GitHub\courtside-data\courtside_data\output\field_types.py:405: UserWarning: Failed to coerce '50.2' via int, leaving as string
  return {key: get_coercion(key)(value) for key, value in row.items()}
C:\Users\nicolas\Documents\GitHub\courtside-data\courtside_data\output\field_types.py:405: UserWarning: Failed to coerce '50.8' via int, leaving as string
  return {key: get_coercion(key)(value) for key, value in row.items()}
C:\Users\nicolas\Documents\GitHub\courtside-data\courtside_data\output\field_types.py:405: UserWarning: Failed to coerce '51.2' via int, leaving as string
  return {key: get_coercion(key)(value) for key, value in row.items()}
C:\Users\nicolas\Documents\GitHub\courtside-data\courtside_data\output\field_types.py:405: UserWarning: Failed to coerce '51.8' via int, leaving as string
  return {key: get_coercion(key)(value) for key, value in row.items()}
C:\Users\nicolas\Documents\GitHub\courtside-data\courtside_data\output\field_types.py:405: UserWarning: Failed to coerce '52.8' via int, leaving as string
  return {key: get_coercion(key)(value) for key, value in row.items()}
C:\Users\nicolas\Documents\GitHub\courtside-data\courtside_data\output\field_types.py:405: UserWarning: Failed to coerce '56.8' via int, leaving as string
  return {key: get_coercion(key)(value) for key, value in row.items()}
C:\Users\nicolas\Documents\GitHub\courtside-data\courtside_data\output\field_types.py:405: UserWarning: Failed to coerce '57.2' via int, leaving as string
  return {key: get_coercion(key)(value) for key, value in row.items()}
C:\Users\nicolas\Documents\GitHub\courtside-data\courtside_data\output\field_types.py:405: UserWarning: Failed to coerce '58.2' via int, leaving as string
  return {key: get_coercion(key)(value) for key, value in row.items()}
C:\Users\nicolas\Documents\GitHub\courtside-data\courtside_data\output\field_types.py:405: UserWarning: Failed to coerce '59.2' via int, leaving as string
  return {key: get_coercion(key)(value) for key, value in row.items()}
C:\Users\nicolas\Documents\GitHub\courtside-data\courtside_data\output\field_types.py:405: UserWarning: Failed to coerce '61.2' via int, leaving as string
  return {key: get_coercion(key)(value) for key, value in row.items()}
C:\Users\nicolas\Documents\GitHub\courtside-data\courtside_data\output\field_types.py:405: UserWarning: Failed to coerce '62.2' via int, leaving as string
  return {key: get_coercion(key)(value) for key, value in row.items()}
C:\Users\nicolas\Documents\GitHub\courtside-data\courtside_data\output\field_types.py:405: UserWarning: Failed to coerce '62.8' via int, leaving as string
  return {key: get_coercion(key)(value) for key, value in row.items()}
C:\Users\nicolas\Documents\GitHub\courtside-data\courtside_data\output\field_types.py:405: UserWarning: Failed to coerce '63.0' via int, leaving as string
  return {key: get_coercion(key)(value) for key, value in row.items()}
C:\Users\nicolas\Documents\GitHub\courtside-data\courtside_data\output\field_types.py:405: UserWarning: Failed to coerce '63.2' via int, leaving as string
  return {key: get_coercion(key)(value) for key, value in row.items()}
C:\Users\nicolas\Documents\GitHub\courtside-data\courtside_data\output\field_types.py:405: UserWarning: Failed to coerce '63.8' via int, leaving as string
  return {key: get_coercion(key)(value) for key, value in row.items()}
C:\Users\nicolas\Documents\GitHub\courtside-data\courtside_data\output\field_types.py:405: UserWarning: Failed to coerce '64.2' via int, leaving as string
  return {key: get_coercion(key)(value) for key, value in row.items()}
C:\Users\nicolas\Documents\GitHub\courtside-data\courtside_data\output\field_types.py:405: UserWarning: Failed to coerce '65.2' via int, leaving as string
  return {key: get_coercion(key)(value) for key, value in row.items()}
C:\Users\nicolas\Documents\GitHub\courtside-data\courtside_data\output\field_types.py:405: UserWarning: Failed to coerce '65.8' via int, leaving as string
  return {key: get_coercion(key)(value) for key, value in row.items()}
C:\Users\nicolas\Documents\GitHub\courtside-data\courtside_data\output\field_types.py:405: UserWarning: Failed to coerce '66.2' via int, leaving as string
  return {key: get_coercion(key)(value) for key, value in row.items()}
C:\Users\nicolas\Documents\GitHub\courtside-data\courtside_data\output\field_types.py:405: UserWarning: Failed to coerce '66.8' via int, leaving as string
  return {key: get_coercion(key)(value) for key, value in row.items()}
C:\Users\nicolas\Documents\GitHub\courtside-data\courtside_data\output\field_types.py:405: UserWarning: Failed to coerce '68.8' via int, leaving as string
  return {key: get_coercion(key)(value) for key, value in row.items()}
C:\Users\nicolas\Documents\GitHub\courtside-data\courtside_data\output\field_types.py:405: UserWarning: Failed to coerce '69.2' via int, leaving as string
  return {key: get_coercion(key)(value) for key, value in row.items()}
C:\Users\nicolas\Documents\GitHub\courtside-data\courtside_data\output\field_types.py:405: UserWarning: Failed to coerce '71.8' via int, leaving as string
  return {key: get_coercion(key)(value) for key, value in row.items()}
C:\Users\nicolas\Documents\GitHub\courtside-data\courtside_data\output\field_types.py:405: UserWarning: Failed to coerce '72.2' via int, leaving as string
  return {key: get_coercion(key)(value) for key, value in row.items()}
C:\Users\nicolas\Documents\GitHub\courtside-data\courtside_data\output\field_types.py:405: UserWarning: Failed to coerce '72.8' via int, leaving as string
  return {key: get_coercion(key)(value) for key, value in row.items()}
C:\Users\nicolas\Documents\GitHub\courtside-data\courtside_data\output\field_types.py:405: UserWarning: Failed to coerce '73.2' via int, leaving as string
  return {key: get_coercion(key)(value) for key, value in row.items()}
C:\Users\nicolas\Documents\GitHub\courtside-data\courtside_data\output\field_types.py:405: UserWarning: Failed to coerce '74.8' via int, leaving as string
  return {key: get_coercion(key)(value) for key, value in row.items()}
C:\Users\nicolas\Documents\GitHub\courtside-data\courtside_data\output\field_types.py:405: UserWarning: Failed to coerce '76.2' via int, leaving as string
  return {key: get_coercion(key)(value) for key, value in row.items()}
C:\Users\nicolas\Documents\GitHub\courtside-data\courtside_data\output\field_types.py:405: UserWarning: Failed to coerce '77.8' via int, leaving as string
  return {key: get_coercion(key)(value) for key, value in row.items()}
C:\Users\nicolas\Documents\GitHub\courtside-data\courtside_data\output\field_types.py:405: UserWarning: Failed to coerce '79.5' via int, leaving as string
  return {key: get_coercion(key)(value) for key, value in row.items()}
C:\Users\nicolas\Documents\GitHub\courtside-data\courtside_data\output\field_types.py:405: UserWarning: Failed to coerce '81.8' via int, leaving as string
  return {key: get_coercion(key)(value) for key, value in row.items()}
C:\Users\nicolas\Documents\GitHub\courtside-data\courtside_data\output\field_types.py:405: UserWarning: Failed to coerce '85.0' via int, leaving as string
  return {key: get_coercion(key)(value) for key, value in row.items()}
C:\Users\nicolas\Documents\GitHub\courtside-data\courtside_data\output\field_types.py:405: UserWarning: Failed to coerce '86.8' via int, leaving as string
  return {key: get_coercion(key)(value) for key, value in row.items()}
C:\Users\nicolas\Documents\GitHub\courtside-data\courtside_data\output\field_types.py:405: UserWarning: Failed to coerce '87.5' via int, leaving as string
  return {key: get_coercion(key)(value) for key, value in row.items()}
C:\Users\nicolas\Documents\GitHub\courtside-data\courtside_data\output\field_types.py:405: UserWarning: Failed to coerce '87.8' via int, leaving as string
  return {key: get_coercion(key)(value) for key, value in row.items()}
C:\Users\nicolas\Documents\GitHub\courtside-data\courtside_data\output\field_types.py:405: UserWarning: Failed to coerce '88.8' via int, leaving as string
  return {key: get_coercion(key)(value) for key, value in row.items()}
C:\Users\nicolas\Documents\GitHub\courtside-data\courtside_data\output\field_types.py:405: UserWarning: Failed to coerce '89.5' via int, leaving as string
  return {key: get_coercion(key)(value) for key, value in row.items()}
C:\Users\nicolas\Documents\GitHub\courtside-data\courtside_data\output\field_types.py:405: UserWarning: Failed to coerce '90.8' via int, leaving as string
  return {key: get_coercion(key)(value) for key, value in row.items()}
C:\Users\nicolas\Documents\GitHub\courtside-data\courtside_data\output\field_types.py:405: UserWarning: Failed to coerce '92.8' via int, leaving as string
  return {key: get_coercion(key)(value) for key, value in row.items()}
C:\Users\nicolas\Documents\GitHub\courtside-data\courtside_data\output\field_types.py:405: UserWarning: Failed to coerce '93.0' via int, leaving as string
  return {key: get_coercion(key)(value) for key, value in row.items()}
C:\Users\nicolas\Documents\GitHub\courtside-data\courtside_data\output\field_types.py:405: UserWarning: Failed to coerce '94.0' via int, leaving as string
  return {key: get_coercion(key)(value) for key, value in row.items()}
C:\Users\nicolas\Documents\GitHub\courtside-data\courtside_data\output\field_types.py:405: UserWarning: Failed to coerce '95.0' via int, leaving as string
  return {key: get_coercion(key)(value) for key, value in row.items()}
C:\Users\nicolas\Documents\GitHub\courtside-data\courtside_data\output\field_types.py:405: UserWarning: Failed to coerce '95.5' via int, leaving as string
  return {key: get_coercion(key)(value) for key, value in row.items()}
C:\Users\nicolas\Documents\GitHub\courtside-data\courtside_data\output\field_types.py:405: UserWarning: Failed to coerce '101.5' via int, leaving as string
  return {key: get_coercion(key)(value) for key, value in row.items()}
C:\Users\nicolas\Documents\GitHub\courtside-data\courtside_data\output\field_types.py:405: UserWarning: Failed to coerce '102.0' via int, leaving as string
  return {key: get_coercion(key)(value) for key, value in row.items()}
C:\Users\nicolas\Documents\GitHub\courtside-data\courtside_data\output\field_types.py:405: UserWarning: Failed to coerce '104.5' via int, leaving as string
  return {key: get_coercion(key)(value) for key, value in row.items()}
C:\Users\nicolas\Documents\GitHub\courtside-data\courtside_data\output\field_types.py:405: UserWarning: Failed to coerce '105.0' via int, leaving as string
  return {key: get_coercion(key)(value) for key, value in row.items()}
C:\Users\nicolas\Documents\GitHub\courtside-data\courtside_data\output\field_types.py:405: UserWarning: Failed to coerce '107.5' via int, leaving as string
  return {key: get_coercion(key)(value) for key, value in row.items()}
C:\Users\nicolas\Documents\GitHub\courtside-data\courtside_data\output\field_types.py:405: UserWarning: Failed to coerce '108.0' via int, leaving as string
  return {key: get_coercion(key)(value) for key, value in row.items()}
C:\Users\nicolas\Documents\GitHub\courtside-data\courtside_data\output\field_types.py:405: UserWarning: Failed to coerce '108.5' via int, leaving as string
  return {key: get_coercion(key)(value) for key, value in row.items()}
C:\Users\nicolas\Documents\GitHub\courtside-data\courtside_data\output\field_types.py:405: UserWarning: Failed to coerce '109.0' via int, leaving as string
  return {key: get_coercion(key)(value) for key, value in row.items()}
C:\Users\nicolas\Documents\GitHub\courtside-data\courtside_data\output\field_types.py:405: UserWarning: Failed to coerce '109.5' via int, leaving as string
  return {key: get_coercion(key)(value) for key, value in row.items()}
C:\Users\nicolas\Documents\GitHub\courtside-data\courtside_data\output\field_types.py:405: UserWarning: Failed to coerce '110.0' via int, leaving as string
  return {key: get_coercion(key)(value) for key, value in row.items()}
C:\Users\nicolas\Documents\GitHub\courtside-data\courtside_data\output\field_types.py:405: UserWarning: Failed to coerce '113.0' via int, leaving as string
  return {key: get_coercion(key)(value) for key, value in row.items()}
C:\Users\nicolas\Documents\GitHub\courtside-data\courtside_data\output\field_types.py:405: UserWarning: Failed to coerce '113.5' via int, leaving as string
  return {key: get_coercion(key)(value) for key, value in row.items()}
C:\Users\nicolas\Documents\GitHub\courtside-data\courtside_data\output\field_types.py:405: UserWarning: Failed to coerce '114.5' via int, leaving as string
  return {key: get_coercion(key)(value) for key, value in row.items()}
C:\Users\nicolas\Documents\GitHub\courtside-data\courtside_data\output\field_types.py:405: UserWarning: Failed to coerce '115.0' via int, leaving as string
  return {key: get_coercion(key)(value) for key, value in row.items()}
C:\Users\nicolas\Documents\GitHub\courtside-data\courtside_data\output\field_types.py:405: UserWarning: Failed to coerce '115.5' via int, leaving as string
  return {key: get_coercion(key)(value) for key, value in row.items()}
C:\Users\nicolas\Documents\GitHub\courtside-data\courtside_data\output\field_types.py:405: UserWarning: Failed to coerce '116.0' via int, leaving as string
  return {key: get_coercion(key)(value) for key, value in row.items()}
C:\Users\nicolas\Documents\GitHub\courtside-data\courtside_data\output\field_types.py:405: UserWarning: Failed to coerce '116.5' via int, leaving as string
  return {key: get_coercion(key)(value) for key, value in row.items()}
C:\Users\nicolas\Documents\GitHub\courtside-data\courtside_data\output\field_types.py:405: UserWarning: Failed to coerce '117.0' via int, leaving as string
  return {key: get_coercion(key)(value) for key, value in row.items()}
C:\Users\nicolas\Documents\GitHub\courtside-data\courtside_data\output\field_types.py:405: UserWarning: Failed to coerce '117.5' via int, leaving as string
  return {key: get_coercion(key)(value) for key, value in row.items()}
C:\Users\nicolas\Documents\GitHub\courtside-data\courtside_data\output\field_types.py:405: UserWarning: Failed to coerce '118.0' via int, leaving as string
  return {key: get_coercion(key)(value) for key, value in row.items()}
C:\Users\nicolas\Documents\GitHub\courtside-data\courtside_data\output\field_types.py:405: UserWarning: Failed to coerce '118.5' via int, leaving as string
  return {key: get_coercion(key)(value) for key, value in row.items()}
C:\Users\nicolas\Documents\GitHub\courtside-data\courtside_data\output\field_types.py:405: UserWarning: Failed to coerce '119.0' via int, leaving as string
  return {key: get_coercion(key)(value) for key, value in row.items()}
C:\Users\nicolas\Documents\GitHub\courtside-data\courtside_data\output\field_types.py:405: UserWarning: Failed to coerce '120.0' via int, leaving as string
  return {key: get_coercion(key)(value) for key, value in row.items()}
C:\Users\nicolas\Documents\GitHub\courtside-data\courtside_data\output\field_types.py:405: UserWarning: Failed to coerce '120.5' via int, leaving as string
  return {key: get_coercion(key)(value) for key, value in row.items()}
C:\Users\nicolas\Documents\GitHub\courtside-data\courtside_data\output\field_types.py:405: UserWarning: Failed to coerce '121.0' via int, leaving as string
  return {key: get_coercion(key)(value) for key, value in row.items()}
C:\Users\nicolas\Documents\GitHub\courtside-data\courtside_data\output\field_types.py:405: UserWarning: Failed to coerce '122.0' via int, leaving as string
  return {key: get_coercion(key)(value) for key, value in row.items()}
C:\Users\nicolas\Documents\GitHub\courtside-data\courtside_data\output\field_types.py:405: UserWarning: Failed to coerce '122.5' via int, leaving as string
  return {key: get_coercion(key)(value) for key, value in row.items()}
C:\Users\nicolas\Documents\GitHub\courtside-data\courtside_data\output\field_types.py:405: UserWarning: Failed to coerce '123.5' via int, leaving as string
  return {key: get_coercion(key)(value) for key, value in row.items()}
C:\Users\nicolas\Documents\GitHub\courtside-data\courtside_data\output\field_types.py:405: UserWarning: Failed to coerce '124.0' via int, leaving as string
  return {key: get_coercion(key)(value) for key, value in row.items()}
C:\Users\nicolas\Documents\GitHub\courtside-data\courtside_data\output\field_types.py:405: UserWarning: Failed to coerce '126.0' via int, leaving as string
  return {key: get_coercion(key)(value) for key, value in row.items()}
C:\Users\nicolas\Documents\GitHub\courtside-data\courtside_data\output\field_types.py:405: UserWarning: Failed to coerce '126.5' via int, leaving as string
  return {key: get_coercion(key)(value) for key, value in row.items()}
C:\Users\nicolas\Documents\GitHub\courtside-data\courtside_data\output\field_types.py:405: UserWarning: Failed to coerce '127.5' via int, leaving as string
  return {key: get_coercion(key)(value) for key, value in row.items()}
C:\Users\nicolas\Documents\GitHub\courtside-data\courtside_data\output\field_types.py:405: UserWarning: Failed to coerce '128.0' via int, leaving as string
  return {key: get_coercion(key)(value) for key, value in row.items()}
C:\Users\nicolas\Documents\GitHub\courtside-data\courtside_data\output\field_types.py:405: UserWarning: Failed to coerce '128.5' via int, leaving as string
  return {key: get_coercion(key)(value) for key, value in row.items()}
C:\Users\nicolas\Documents\GitHub\courtside-data\courtside_data\output\field_types.py:405: UserWarning: Failed to coerce '129.0' via int, leaving as string
  return {key: get_coercion(key)(value) for key, value in row.items()}
C:\Users\nicolas\Documents\GitHub\courtside-data\courtside_data\output\field_types.py:405: UserWarning: Failed to coerce '129.5' via int, leaving as string
  return {key: get_coercion(key)(value) for key, value in row.items()}
C:\Users\nicolas\Documents\GitHub\courtside-data\courtside_data\output\field_types.py:405: UserWarning: Failed to coerce '130.0' via int, leaving as string
  return {key: get_coercion(key)(value) for key, value in row.items()}
C:\Users\nicolas\Documents\GitHub\courtside-data\courtside_data\output\field_types.py:405: UserWarning: Failed to coerce '130.5' via int, leaving as string
  return {key: get_coercion(key)(value) for key, value in row.items()}
C:\Users\nicolas\Documents\GitHub\courtside-data\courtside_data\output\field_types.py:405: UserWarning: Failed to coerce '131.0' via int, leaving as string
  return {key: get_coercion(key)(value) for key, value in row.items()}
C:\Users\nicolas\Documents\GitHub\courtside-data\courtside_data\output\field_types.py:405: UserWarning: Failed to coerce '132.0' via int, leaving as string
  return {key: get_coercion(key)(value) for key, value in row.items()}
C:\Users\nicolas\Documents\GitHub\courtside-data\courtside_data\output\field_types.py:405: UserWarning: Failed to coerce '132.5' via int, leaving as string
  return {key: get_coercion(key)(value) for key, value in row.items()}
C:\Users\nicolas\Documents\GitHub\courtside-data\courtside_data\output\field_types.py:405: UserWarning: Failed to coerce '133.0' via int, leaving as string
  return {key: get_coercion(key)(value) for key, value in row.items()}
[65/341] allstar_voting ... ERROR other ValueError  (7.0s)
[66/341] awards_index ... ERROR other TypeError  (0.0s)
[67/341] awards_index_mvp_nba ... ERROR other TypeError  (0.0s)
[68/341] awards_index_mvp_summary ... ERROR other TypeError  (0.0s)
[69/341] awards_player_of_the_seeding_games ... OK  (rows=1, 6.4s)
[70/341] awards_player_of_the_seeding_games_player_of_the_seeding_games_summary ... OK  (rows=1, 6.3s)
[71/341] season_awards_voting ... OK  (rows=0, 6.1s)
[72/341] season_awards_voting_coy ... OK  (rows=7, 6.6s)
C:\Users\nicolas\Documents\GitHub\courtside-data\courtside_data\output\field_types.py:405: UserWarning: Failed to coerce '6T' via int, leaving as string
  return {key: get_coercion(key)(value) for key, value in row.items()}
C:\Users\nicolas\Documents\GitHub\courtside-data\courtside_data\output\field_types.py:405: UserWarning: Failed to coerce '9T' via int, leaving as string
  return {key: get_coercion(key)(value) for key, value in row.items()}
[73/341] season_awards_voting_dpoy ... ERROR other ValueError  (6.8s)
[74/341] season_awards_voting_leading_all_defense ... OK  (rows=38, 6.4s)
[75/341] season_awards_voting_leading_all_nba ... OK  (rows=33, 6.4s)
[76/341] season_awards_voting_leading_all_rookie ... OK  (rows=18, 6.7s)
C:\Users\nicolas\Documents\GitHub\courtside-data\courtside_data\output\field_types.py:405: UserWarning: Failed to coerce '10T' via int, leaving as string
  return {key: get_coercion(key)(value) for key, value in row.items()}
C:\Users\nicolas\Documents\GitHub\courtside-data\courtside_data\output\field_types.py:405: UserWarning: Failed to coerce '12T' via int, leaving as string
  return {key: get_coercion(key)(value) for key, value in row.items()}
[77/341] season_awards_voting_mip ... ERROR other ValueError  (6.3s)
C:\Users\nicolas\Documents\GitHub\courtside-data\courtside_data\output\field_types.py:405: UserWarning: Failed to coerce '13T' via int, leaving as string
  return {key: get_coercion(key)(value) for key, value in row.items()}
[78/341] season_awards_voting_mvp ... ERROR other ValueError  (6.7s)
[79/341] season_awards_voting_roy ... OK  (rows=4, 7.0s)
C:\Users\nicolas\Documents\GitHub\courtside-data\courtside_data\output\field_types.py:405: UserWarning: Failed to coerce '4T' via int, leaving as string
  return {key: get_coercion(key)(value) for key, value in row.items()}
[80/341] season_awards_voting_smoy ... ERROR other ValueError  (6.1s)
[81/341] boxscore_four_factors ... ERROR other TypeError  (0.0s)
[82/341] boxscore_four_factors_box_nyk_game_basic ... ERROR other TypeError  (0.0s)
[83/341] boxscore_four_factors_box_nyk_h1_basic ... ERROR other TypeError  (0.0s)
[84/341] boxscore_four_factors_box_nyk_h2_basic ... ERROR other TypeError  (0.0s)
[85/341] boxscore_four_factors_box_nyk_q1_basic ... ERROR other TypeError  (0.0s)
[86/341] boxscore_four_factors_box_nyk_q2_basic ... ERROR other TypeError  (0.0s)
[87/341] boxscore_four_factors_box_nyk_q3_basic ... ERROR other TypeError  (0.0s)
[88/341] boxscore_four_factors_box_nyk_q4_basic ... ERROR other TypeError  (0.0s)
[89/341] boxscore_four_factors_box_sas_game_advanced ... ERROR other TypeError  (0.0s)
[90/341] boxscore_four_factors_box_sas_game_basic ... ERROR other TypeError  (0.0s)
[91/341] boxscore_four_factors_box_sas_h1_basic ... ERROR other TypeError  (0.0s)
[92/341] boxscore_four_factors_box_sas_h2_basic ... ERROR other TypeError  (0.0s)
[93/341] boxscore_four_factors_box_sas_q1_basic ... ERROR other TypeError  (0.0s)
[94/341] boxscore_four_factors_box_sas_q2_basic ... ERROR other TypeError  (0.0s)
[95/341] boxscore_four_factors_box_sas_q3_basic ... ERROR other TypeError  (0.0s)
[96/341] boxscore_four_factors_box_sas_q4_basic ... ERROR other TypeError  (0.0s)
[97/341] boxscore_four_factors_four_factors ... ERROR other TypeError  (0.0s)
[98/341] boxscore_four_factors_line_score ... ERROR other TypeError  (0.0s)
[99/341] boxscore_plus_minus ... ERROR other TypeError  (0.0s)
[100/341] boxscore_shot_chart ... ERROR other TypeError  (0.0s)
[101/341] boxscore_shot_chart_shooting_sas ... ERROR other TypeError  (0.0s)
[102/341] draft_combined_college ... OK  (rows=56, 6.4s)
[103/341] draft_combined_college_drafted_wnba_players ... OK  (rows=20, 6.4s)
[104/341] draft_expansion ... OK  (rows=19, 6.7s)
C:\Users\nicolas\Documents\GitHub\courtside-data\courtside_data\output\field_types.py:405: UserWarning: Failed to coerce 'ATL' via int, leaving as string
  return {key: get_coercion(key)(value) for key, value in row.items()}
C:\Users\nicolas\Documents\GitHub\courtside-data\courtside_data\output\field_types.py:405: UserWarning: Failed to coerce 'BOS' via int, leaving as string
  return {key: get_coercion(key)(value) for key, value in row.items()}
C:\Users\nicolas\Documents\GitHub\courtside-data\courtside_data\output\field_types.py:405: UserWarning: Failed to coerce 'NOP' via int, leaving as string
  return {key: get_coercion(key)(value) for key, value in row.items()}
C:\Users\nicolas\Documents\GitHub\courtside-data\courtside_data\output\field_types.py:405: UserWarning: Failed to coerce 'WAS' via int, leaving as string
  return {key: get_coercion(key)(value) for key, value in row.items()}
C:\Users\nicolas\Documents\GitHub\courtside-data\courtside_data\output\field_types.py:405: UserWarning: Failed to coerce 'SAS' via int, leaving as string
  return {key: get_coercion(key)(value) for key, value in row.items()}
C:\Users\nicolas\Documents\GitHub\courtside-data\courtside_data\output\field_types.py:405: UserWarning: Failed to coerce 'ORL' via int, leaving as string
  return {key: get_coercion(key)(value) for key, value in row.items()}
C:\Users\nicolas\Documents\GitHub\courtside-data\courtside_data\output\field_types.py:405: UserWarning: Failed to coerce 'CLE' via int, leaving as string
  return {key: get_coercion(key)(value) for key, value in row.items()}
C:\Users\nicolas\Documents\GitHub\courtside-data\courtside_data\output\field_types.py:405: UserWarning: Failed to coerce 'PHI' via int, leaving as string
  return {key: get_coercion(key)(value) for key, value in row.items()}
C:\Users\nicolas\Documents\GitHub\courtside-data\courtside_data\output\field_types.py:405: UserWarning: Failed to coerce 'LAL' via int, leaving as string
  return {key: get_coercion(key)(value) for key, value in row.items()}
C:\Users\nicolas\Documents\GitHub\courtside-data\courtside_data\output\field_types.py:405: UserWarning: Failed to coerce 'NYK' via int, leaving as string
  return {key: get_coercion(key)(value) for key, value in row.items()}
C:\Users\nicolas\Documents\GitHub\courtside-data\courtside_data\output\field_types.py:405: UserWarning: Failed to coerce 'DEN' via int, leaving as string
  return {key: get_coercion(key)(value) for key, value in row.items()}
C:\Users\nicolas\Documents\GitHub\courtside-data\courtside_data\output\field_types.py:405: UserWarning: Failed to coerce 'DET' via int, leaving as string
  return {key: get_coercion(key)(value) for key, value in row.items()}
C:\Users\nicolas\Documents\GitHub\courtside-data\courtside_data\output\field_types.py:405: UserWarning: Failed to coerce 'SAC' via int, leaving as string
  return {key: get_coercion(key)(value) for key, value in row.items()}
C:\Users\nicolas\Documents\GitHub\courtside-data\courtside_data\output\field_types.py:405: UserWarning: Failed to coerce 'IND' via int, leaving as string
  return {key: get_coercion(key)(value) for key, value in row.items()}
C:\Users\nicolas\Documents\GitHub\courtside-data\courtside_data\output\field_types.py:405: UserWarning: Failed to coerce 'MIL' via int, leaving as string
  return {key: get_coercion(key)(value) for key, value in row.items()}
C:\Users\nicolas\Documents\GitHub\courtside-data\courtside_data\output\field_types.py:405: UserWarning: Failed to coerce 'MIN' via int, leaving as string
  return {key: get_coercion(key)(value) for key, value in row.items()}
C:\Users\nicolas\Documents\GitHub\courtside-data\courtside_data\output\field_types.py:405: UserWarning: Failed to coerce 'OKC' via int, leaving as string
  return {key: get_coercion(key)(value) for key, value in row.items()}
[105/341] draft_rights ... ERROR other ValueError  (6.1s)
C:\Users\nicolas\Documents\GitHub\courtside-data\courtside_data\output\field_types.py:405: UserWarning: Failed to coerce 'MEM' via int, leaving as string
  return {key: get_coercion(key)(value) for key, value in row.items()}
C:\Users\nicolas\Documents\GitHub\courtside-data\courtside_data\output\field_types.py:405: UserWarning: Failed to coerce 'CHO' via int, leaving as string
  return {key: get_coercion(key)(value) for key, value in row.items()}
C:\Users\nicolas\Documents\GitHub\courtside-data\courtside_data\output\field_types.py:405: UserWarning: Failed to coerce 'UTA' via int, leaving as string
  return {key: get_coercion(key)(value) for key, value in row.items()}
C:\Users\nicolas\Documents\GitHub\courtside-data\courtside_data\output\field_types.py:405: UserWarning: Failed to coerce 'MIA' via int, leaving as string
  return {key: get_coercion(key)(value) for key, value in row.items()}
C:\Users\nicolas\Documents\GitHub\courtside-data\courtside_data\output\field_types.py:405: UserWarning: Failed to coerce 'PHO' via int, leaving as string
  return {key: get_coercion(key)(value) for key, value in row.items()}
C:\Users\nicolas\Documents\GitHub\courtside-data\courtside_data\output\field_types.py:405: UserWarning: Failed to coerce 'GSW' via int, leaving as string
  return {key: get_coercion(key)(value) for key, value in row.items()}
C:\Users\nicolas\Documents\GitHub\courtside-data\courtside_data\output\field_types.py:405: UserWarning: Failed to coerce 'POR' via int, leaving as string
  return {key: get_coercion(key)(value) for key, value in row.items()}
[106/341] draft_team_picks ... OK  (rows=509, 7.1s)
[107/341] draft_year_2_rounds ... ERROR http_status HTTPStatusError  (5.6s)
[108/341] friv_birthdays ... OK  (rows=19, 7.0s)
[109/341] friv_birthdays_wnba_players ... OK  (rows=1, 6.1s)
[110/341] friv_birthplaces ... OK  (rows=0, 6.7s)
[111/341] friv_birthyears ... OK  (rows=52, 7.0s)
C:\Users\nicolas\Documents\GitHub\courtside-data\courtside_data\output\field_types.py:405: UserWarning: Failed to coerce 'unassisted' via int, leaving as string
  return {key: get_coercion(key)(value) for key, value in row.items()}
C:\Users\nicolas\Documents\GitHub\courtside-data\courtside_data\output\field_types.py:405: UserWarning: Failed to coerce '37:56' via int, leaving as string
  return {key: get_coercion(key)(value) for key, value in row.items()}
C:\Users\nicolas\Documents\GitHub\courtside-data\courtside_data\output\field_types.py:405: UserWarning: Failed to coerce "R. O'Neale" via int, leaving as string
  return {key: get_coercion(key)(value) for key, value in row.items()}
C:\Users\nicolas\Documents\GitHub\courtside-data\courtside_data\output\field_types.py:405: UserWarning: Failed to coerce '36:47' via int, leaving as string
  return {key: get_coercion(key)(value) for key, value in row.items()}
C:\Users\nicolas\Documents\GitHub\courtside-data\courtside_data\output\field_types.py:405: UserWarning: Failed to coerce 'A. Black' via int, leaving as string
  return {key: get_coercion(key)(value) for key, value in row.items()}
C:\Users\nicolas\Documents\GitHub\courtside-data\courtside_data\output\field_types.py:405: UserWarning: Failed to coerce '42:37' via int, leaving as string
  return {key: get_coercion(key)(value) for key, value in row.items()}
C:\Users\nicolas\Documents\GitHub\courtside-data\courtside_data\output\field_types.py:405: UserWarning: Failed to coerce 'S. Mamukelashvili' via int, leaving as string
  return {key: get_coercion(key)(value) for key, value in row.items()}
C:\Users\nicolas\Documents\GitHub\courtside-data\courtside_data\output\field_types.py:405: UserWarning: Failed to coerce '33:13' via int, leaving as string
  return {key: get_coercion(key)(value) for key, value in row.items()}
C:\Users\nicolas\Documents\GitHub\courtside-data\courtside_data\output\field_types.py:405: UserWarning: Failed to coerce 'L. James' via int, leaving as string
  return {key: get_coercion(key)(value) for key, value in row.items()}
C:\Users\nicolas\Documents\GitHub\courtside-data\courtside_data\output\field_types.py:405: UserWarning: Failed to coerce '34:58' via int, leaving as string
  return {key: get_coercion(key)(value) for key, value in row.items()}
C:\Users\nicolas\Documents\GitHub\courtside-data\courtside_data\output\field_types.py:405: UserWarning: Failed to coerce 'C. White' via int, leaving as string
  return {key: get_coercion(key)(value) for key, value in row.items()}
C:\Users\nicolas\Documents\GitHub\courtside-data\courtside_data\output\field_types.py:405: UserWarning: Failed to coerce '33:34' via int, leaving as string
  return {key: get_coercion(key)(value) for key, value in row.items()}
C:\Users\nicolas\Documents\GitHub\courtside-data\courtside_data\output\field_types.py:405: UserWarning: Failed to coerce 'N. Jovi\u0107' via int, leaving as string
  return {key: get_coercion(key)(value) for key, value in row.items()}
C:\Users\nicolas\Documents\GitHub\courtside-data\courtside_data\output\field_types.py:405: UserWarning: Failed to coerce '37:26' via int, leaving as string
  return {key: get_coercion(key)(value) for key, value in row.items()}
C:\Users\nicolas\Documents\GitHub\courtside-data\courtside_data\output\field_types.py:405: UserWarning: Failed to coerce 'F. Wagner' via int, leaving as string
  return {key: get_coercion(key)(value) for key, value in row.items()}
C:\Users\nicolas\Documents\GitHub\courtside-data\courtside_data\output\field_types.py:405: UserWarning: Failed to coerce '33:12' via int, leaving as string
  return {key: get_coercion(key)(value) for key, value in row.items()}
C:\Users\nicolas\Documents\GitHub\courtside-data\courtside_data\output\field_types.py:405: UserWarning: Failed to coerce '31:44' via int, leaving as string
  return {key: get_coercion(key)(value) for key, value in row.items()}
C:\Users\nicolas\Documents\GitHub\courtside-data\courtside_data\output\field_types.py:405: UserWarning: Failed to coerce 'D. Jones' via int, leaving as string
  return {key: get_coercion(key)(value) for key, value in row.items()}
C:\Users\nicolas\Documents\GitHub\courtside-data\courtside_data\output\field_types.py:405: UserWarning: Failed to coerce '36:14' via int, leaving as string
  return {key: get_coercion(key)(value) for key, value in row.items()}
C:\Users\nicolas\Documents\GitHub\courtside-data\courtside_data\output\field_types.py:405: UserWarning: Failed to coerce '39:39' via int, leaving as string
  return {key: get_coercion(key)(value) for key, value in row.items()}
C:\Users\nicolas\Documents\GitHub\courtside-data\courtside_data\output\field_types.py:405: UserWarning: Failed to coerce '42:55' via int, leaving as string
  return {key: get_coercion(key)(value) for key, value in row.items()}
C:\Users\nicolas\Documents\GitHub\courtside-data\courtside_data\output\field_types.py:405: UserWarning: Failed to coerce '40:46' via int, leaving as string
  return {key: get_coercion(key)(value) for key, value in row.items()}
C:\Users\nicolas\Documents\GitHub\courtside-data\courtside_data\output\field_types.py:405: UserWarning: Failed to coerce 'S. Castle' via int, leaving as string
  return {key: get_coercion(key)(value) for key, value in row.items()}
C:\Users\nicolas\Documents\GitHub\courtside-data\courtside_data\output\field_types.py:405: UserWarning: Failed to coerce '35:43' via int, leaving as string
  return {key: get_coercion(key)(value) for key, value in row.items()}
C:\Users\nicolas\Documents\GitHub\courtside-data\courtside_data\output\field_types.py:405: UserWarning: Failed to coerce '32:23' via int, leaving as string
  return {key: get_coercion(key)(value) for key, value in row.items()}
C:\Users\nicolas\Documents\GitHub\courtside-data\courtside_data\output\field_types.py:405: UserWarning: Failed to coerce 'P. Williams' via int, leaving as string
  return {key: get_coercion(key)(value) for key, value in row.items()}
C:\Users\nicolas\Documents\GitHub\courtside-data\courtside_data\output\field_types.py:405: UserWarning: Failed to coerce '39:51' via int, leaving as string
  return {key: get_coercion(key)(value) for key, value in row.items()}
C:\Users\nicolas\Documents\GitHub\courtside-data\courtside_data\output\field_types.py:405: UserWarning: Failed to coerce '37:44' via int, leaving as string
  return {key: get_coercion(key)(value) for key, value in row.items()}
C:\Users\nicolas\Documents\GitHub\courtside-data\courtside_data\output\field_types.py:405: UserWarning: Failed to coerce 'J. Hart' via int, leaving as string
  return {key: get_coercion(key)(value) for key, value in row.items()}
C:\Users\nicolas\Documents\GitHub\courtside-data\courtside_data\output\field_types.py:405: UserWarning: Failed to coerce '40:43' via int, leaving as string
  return {key: get_coercion(key)(value) for key, value in row.items()}
C:\Users\nicolas\Documents\GitHub\courtside-data\courtside_data\output\field_types.py:405: UserWarning: Failed to coerce '40:11' via int, leaving as string
  return {key: get_coercion(key)(value) for key, value in row.items()}
C:\Users\nicolas\Documents\GitHub\courtside-data\courtside_data\output\field_types.py:405: UserWarning: Failed to coerce 'D. Daniels' via int, leaving as string
  return {key: get_coercion(key)(value) for key, value in row.items()}
C:\Users\nicolas\Documents\GitHub\courtside-data\courtside_data\output\field_types.py:405: UserWarning: Failed to coerce '31:50' via int, leaving as string
  return {key: get_coercion(key)(value) for key, value in row.items()}
C:\Users\nicolas\Documents\GitHub\courtside-data\courtside_data\output\field_types.py:405: UserWarning: Failed to coerce '35:51' via int, leaving as string
  return {key: get_coercion(key)(value) for key, value in row.items()}
C:\Users\nicolas\Documents\GitHub\courtside-data\courtside_data\output\field_types.py:405: UserWarning: Failed to coerce '31:29' via int, leaving as string
  return {key: get_coercion(key)(value) for key, value in row.items()}
C:\Users\nicolas\Documents\GitHub\courtside-data\courtside_data\output\field_types.py:405: UserWarning: Failed to coerce '37:42' via int, leaving as string
  return {key: get_coercion(key)(value) for key, value in row.items()}
C:\Users\nicolas\Documents\GitHub\courtside-data\courtside_data\output\field_types.py:405: UserWarning: Failed to coerce '36:34' via int, leaving as string
  return {key: get_coercion(key)(value) for key, value in row.items()}
C:\Users\nicolas\Documents\GitHub\courtside-data\courtside_data\output\field_types.py:405: UserWarning: Failed to coerce '35:00' via int, leaving as string
  return {key: get_coercion(key)(value) for key, value in row.items()}
C:\Users\nicolas\Documents\GitHub\courtside-data\courtside_data\output\field_types.py:405: UserWarning: Failed to coerce '36:22' via int, leaving as string
  return {key: get_coercion(key)(value) for key, value in row.items()}
C:\Users\nicolas\Documents\GitHub\courtside-data\courtside_data\output\field_types.py:405: UserWarning: Failed to coerce 'J. Ingles' via int, leaving as string
  return {key: get_coercion(key)(value) for key, value in row.items()}
C:\Users\nicolas\Documents\GitHub\courtside-data\courtside_data\output\field_types.py:405: UserWarning: Failed to coerce '33:52' via int, leaving as string
  return {key: get_coercion(key)(value) for key, value in row.items()}
C:\Users\nicolas\Documents\GitHub\courtside-data\courtside_data\output\field_types.py:405: UserWarning: Failed to coerce '41:39' via int, leaving as string
  return {key: get_coercion(key)(value) for key, value in row.items()}
C:\Users\nicolas\Documents\GitHub\courtside-data\courtside_data\output\field_types.py:405: UserWarning: Failed to coerce '28:32' via int, leaving as string
  return {key: get_coercion(key)(value) for key, value in row.items()}
C:\Users\nicolas\Documents\GitHub\courtside-data\courtside_data\output\field_types.py:405: UserWarning: Failed to coerce '39:30' via int, leaving as string
  return {key: get_coercion(key)(value) for key, value in row.items()}
C:\Users\nicolas\Documents\GitHub\courtside-data\courtside_data\output\field_types.py:405: UserWarning: Failed to coerce 'M. Kleber' via int, leaving as string
  return {key: get_coercion(key)(value) for key, value in row.items()}
C:\Users\nicolas\Documents\GitHub\courtside-data\courtside_data\output\field_types.py:405: UserWarning: Failed to coerce 'T. Rozier' via int, leaving as string
  return {key: get_coercion(key)(value) for key, value in row.items()}
C:\Users\nicolas\Documents\GitHub\courtside-data\courtside_data\output\field_types.py:405: UserWarning: Failed to coerce '37:33' via int, leaving as string
  return {key: get_coercion(key)(value) for key, value in row.items()}
C:\Users\nicolas\Documents\GitHub\courtside-data\courtside_data\output\field_types.py:405: UserWarning: Failed to coerce 'E. Mobley' via int, leaving as string
  return {key: get_coercion(key)(value) for key, value in row.items()}
C:\Users\nicolas\Documents\GitHub\courtside-data\courtside_data\output\field_types.py:405: UserWarning: Failed to coerce '25:33' via int, leaving as string
  return {key: get_coercion(key)(value) for key, value in row.items()}
C:\Users\nicolas\Documents\GitHub\courtside-data\courtside_data\output\field_types.py:405: UserWarning: Failed to coerce '36:02' via int, leaving as string
  return {key: get_coercion(key)(value) for key, value in row.items()}
C:\Users\nicolas\Documents\GitHub\courtside-data\courtside_data\output\field_types.py:405: UserWarning: Failed to coerce '41:25' via int, leaving as string
  return {key: get_coercion(key)(value) for key, value in row.items()}
C:\Users\nicolas\Documents\GitHub\courtside-data\courtside_data\output\field_types.py:405: UserWarning: Failed to coerce '38:25' via int, leaving as string
  return {key: get_coercion(key)(value) for key, value in row.items()}
C:\Users\nicolas\Documents\GitHub\courtside-data\courtside_data\output\field_types.py:405: UserWarning: Failed to coerce '34:46' via int, leaving as string
  return {key: get_coercion(key)(value) for key, value in row.items()}
C:\Users\nicolas\Documents\GitHub\courtside-data\courtside_data\output\field_types.py:405: UserWarning: Failed to coerce '42:03' via int, leaving as string
  return {key: get_coercion(key)(value) for key, value in row.items()}
C:\Users\nicolas\Documents\GitHub\courtside-data\courtside_data\output\field_types.py:405: UserWarning: Failed to coerce 'K. Irving' via int, leaving as string
  return {key: get_coercion(key)(value) for key, value in row.items()}
C:\Users\nicolas\Documents\GitHub\courtside-data\courtside_data\output\field_types.py:405: UserWarning: Failed to coerce '28:55' via int, leaving as string
  return {key: get_coercion(key)(value) for key, value in row.items()}
C:\Users\nicolas\Documents\GitHub\courtside-data\courtside_data\output\field_types.py:405: UserWarning: Failed to coerce '24:38' via int, leaving as string
  return {key: get_coercion(key)(value) for key, value in row.items()}
C:\Users\nicolas\Documents\GitHub\courtside-data\courtside_data\output\field_types.py:405: UserWarning: Failed to coerce '33:48' via int, leaving as string
  return {key: get_coercion(key)(value) for key, value in row.items()}
C:\Users\nicolas\Documents\GitHub\courtside-data\courtside_data\output\field_types.py:405: UserWarning: Failed to coerce '31:46' via int, leaving as string
  return {key: get_coercion(key)(value) for key, value in row.items()}
C:\Users\nicolas\Documents\GitHub\courtside-data\courtside_data\output\field_types.py:405: UserWarning: Failed to coerce 'K. Hayes' via int, leaving as string
  return {key: get_coercion(key)(value) for key, value in row.items()}
C:\Users\nicolas\Documents\GitHub\courtside-data\courtside_data\output\field_types.py:405: UserWarning: Failed to coerce '28:46' via int, leaving as string
  return {key: get_coercion(key)(value) for key, value in row.items()}
C:\Users\nicolas\Documents\GitHub\courtside-data\courtside_data\output\field_types.py:405: UserWarning: Failed to coerce '32:25' via int, leaving as string
  return {key: get_coercion(key)(value) for key, value in row.items()}
C:\Users\nicolas\Documents\GitHub\courtside-data\courtside_data\output\field_types.py:405: UserWarning: Failed to coerce '34:01' via int, leaving as string
  return {key: get_coercion(key)(value) for key, value in row.items()}
C:\Users\nicolas\Documents\GitHub\courtside-data\courtside_data\output\field_types.py:405: UserWarning: Failed to coerce '34:26' via int, leaving as string
  return {key: get_coercion(key)(value) for key, value in row.items()}
C:\Users\nicolas\Documents\GitHub\courtside-data\courtside_data\output\field_types.py:405: UserWarning: Failed to coerce 'J. Williams' via int, leaving as string
  return {key: get_coercion(key)(value) for key, value in row.items()}
C:\Users\nicolas\Documents\GitHub\courtside-data\courtside_data\output\field_types.py:405: UserWarning: Failed to coerce 'B. Simmons' via int, leaving as string
  return {key: get_coercion(key)(value) for key, value in row.items()}
C:\Users\nicolas\Documents\GitHub\courtside-data\courtside_data\output\field_types.py:405: UserWarning: Failed to coerce '35:12' via int, leaving as string
  return {key: get_coercion(key)(value) for key, value in row.items()}
C:\Users\nicolas\Documents\GitHub\courtside-data\courtside_data\output\field_types.py:405: UserWarning: Failed to coerce 'J. Johnson' via int, leaving as string
  return {key: get_coercion(key)(value) for key, value in row.items()}
C:\Users\nicolas\Documents\GitHub\courtside-data\courtside_data\output\field_types.py:405: UserWarning: Failed to coerce 'T. Haliburton' via int, leaving as string
  return {key: get_coercion(key)(value) for key, value in row.items()}
C:\Users\nicolas\Documents\GitHub\courtside-data\courtside_data\output\field_types.py:405: UserWarning: Failed to coerce 'T. Young' via int, leaving as string
  return {key: get_coercion(key)(value) for key, value in row.items()}
C:\Users\nicolas\Documents\GitHub\courtside-data\courtside_data\output\field_types.py:405: UserWarning: Failed to coerce '30:00' via int, leaving as string
  return {key: get_coercion(key)(value) for key, value in row.items()}
C:\Users\nicolas\Documents\GitHub\courtside-data\courtside_data\output\field_types.py:405: UserWarning: Failed to coerce 'D. Lillard' via int, leaving as string
  return {key: get_coercion(key)(value) for key, value in row.items()}
C:\Users\nicolas\Documents\GitHub\courtside-data\courtside_data\output\field_types.py:405: UserWarning: Failed to coerce '36:51' via int, leaving as string
  return {key: get_coercion(key)(value) for key, value in row.items()}
C:\Users\nicolas\Documents\GitHub\courtside-data\courtside_data\output\field_types.py:405: UserWarning: Failed to coerce '40:17' via int, leaving as string
  return {key: get_coercion(key)(value) for key, value in row.items()}
C:\Users\nicolas\Documents\GitHub\courtside-data\courtside_data\output\field_types.py:405: UserWarning: Failed to coerce 'J. Winslow' via int, leaving as string
  return {key: get_coercion(key)(value) for key, value in row.items()}
C:\Users\nicolas\Documents\GitHub\courtside-data\courtside_data\output\field_types.py:405: UserWarning: Failed to coerce '38:42' via int, leaving as string
  return {key: get_coercion(key)(value) for key, value in row.items()}
C:\Users\nicolas\Documents\GitHub\courtside-data\courtside_data\output\field_types.py:405: UserWarning: Failed to coerce 'M. Smart' via int, leaving as string
  return {key: get_coercion(key)(value) for key, value in row.items()}
C:\Users\nicolas\Documents\GitHub\courtside-data\courtside_data\output\field_types.py:405: UserWarning: Failed to coerce '44:54' via int, leaving as string
  return {key: get_coercion(key)(value) for key, value in row.items()}
C:\Users\nicolas\Documents\GitHub\courtside-data\courtside_data\output\field_types.py:405: UserWarning: Failed to coerce 'L. Don\u010di\u0107' via int, leaving as string
  return {key: get_coercion(key)(value) for key, value in row.items()}
C:\Users\nicolas\Documents\GitHub\courtside-data\courtside_data\output\field_types.py:405: UserWarning: Failed to coerce '33:17' via int, leaving as string
  return {key: get_coercion(key)(value) for key, value in row.items()}
C:\Users\nicolas\Documents\GitHub\courtside-data\courtside_data\output\field_types.py:405: UserWarning: Failed to coerce 'C. Payne' via int, leaving as string
  return {key: get_coercion(key)(value) for key, value in row.items()}
C:\Users\nicolas\Documents\GitHub\courtside-data\courtside_data\output\field_types.py:405: UserWarning: Failed to coerce '28:13' via int, leaving as string
  return {key: get_coercion(key)(value) for key, value in row.items()}
C:\Users\nicolas\Documents\GitHub\courtside-data\courtside_data\output\field_types.py:405: UserWarning: Failed to coerce '24:10' via int, leaving as string
  return {key: get_coercion(key)(value) for key, value in row.items()}
C:\Users\nicolas\Documents\GitHub\courtside-data\courtside_data\output\field_types.py:405: UserWarning: Failed to coerce 'N. Joki\u0107' via int, leaving as string
  return {key: get_coercion(key)(value) for key, value in row.items()}
C:\Users\nicolas\Documents\GitHub\courtside-data\courtside_data\output\field_types.py:405: UserWarning: Failed to coerce '31:28' via int, leaving as string
  return {key: get_coercion(key)(value) for key, value in row.items()}
C:\Users\nicolas\Documents\GitHub\courtside-data\courtside_data\output\field_types.py:405: UserWarning: Failed to coerce '38:56' via int, leaving as string
  return {key: get_coercion(key)(value) for key, value in row.items()}
C:\Users\nicolas\Documents\GitHub\courtside-data\courtside_data\output\field_types.py:405: UserWarning: Failed to coerce 'A. Burks' via int, leaving as string
  return {key: get_coercion(key)(value) for key, value in row.items()}
C:\Users\nicolas\Documents\GitHub\courtside-data\courtside_data\output\field_types.py:405: UserWarning: Failed to coerce '33:20' via int, leaving as string
  return {key: get_coercion(key)(value) for key, value in row.items()}
C:\Users\nicolas\Documents\GitHub\courtside-data\courtside_data\output\field_types.py:405: UserWarning: Failed to coerce '35:15' via int, leaving as string
  return {key: get_coercion(key)(value) for key, value in row.items()}
C:\Users\nicolas\Documents\GitHub\courtside-data\courtside_data\output\field_types.py:405: UserWarning: Failed to coerce '35:06' via int, leaving as string
  return {key: get_coercion(key)(value) for key, value in row.items()}
C:\Users\nicolas\Documents\GitHub\courtside-data\courtside_data\output\field_types.py:405: UserWarning: Failed to coerce 'D. Fox' via int, leaving as string
  return {key: get_coercion(key)(value) for key, value in row.items()}
C:\Users\nicolas\Documents\GitHub\courtside-data\courtside_data\output\field_types.py:405: UserWarning: Failed to coerce '20:13' via int, leaving as string
  return {key: get_coercion(key)(value) for key, value in row.items()}
C:\Users\nicolas\Documents\GitHub\courtside-data\courtside_data\output\field_types.py:405: UserWarning: Failed to coerce 'M. Muscala' via int, leaving as string
  return {key: get_coercion(key)(value) for key, value in row.items()}
C:\Users\nicolas\Documents\GitHub\courtside-data\courtside_data\output\field_types.py:405: UserWarning: Failed to coerce '35:49' via int, leaving as string
  return {key: get_coercion(key)(value) for key, value in row.items()}
C:\Users\nicolas\Documents\GitHub\courtside-data\courtside_data\output\field_types.py:405: UserWarning: Failed to coerce '33:24' via int, leaving as string
  return {key: get_coercion(key)(value) for key, value in row.items()}
C:\Users\nicolas\Documents\GitHub\courtside-data\courtside_data\output\field_types.py:405: UserWarning: Failed to coerce '35:04' via int, leaving as string
  return {key: get_coercion(key)(value) for key, value in row.items()}
C:\Users\nicolas\Documents\GitHub\courtside-data\courtside_data\output\field_types.py:405: UserWarning: Failed to coerce '32:39' via int, leaving as string
  return {key: get_coercion(key)(value) for key, value in row.items()}
C:\Users\nicolas\Documents\GitHub\courtside-data\courtside_data\output\field_types.py:405: UserWarning: Failed to coerce '34:16' via int, leaving as string
  return {key: get_coercion(key)(value) for key, value in row.items()}
C:\Users\nicolas\Documents\GitHub\courtside-data\courtside_data\output\field_types.py:405: UserWarning: Failed to coerce '31:12' via int, leaving as string
  return {key: get_coercion(key)(value) for key, value in row.items()}
C:\Users\nicolas\Documents\GitHub\courtside-data\courtside_data\output\field_types.py:405: UserWarning: Failed to coerce '36:28' via int, leaving as string
  return {key: get_coercion(key)(value) for key, value in row.items()}
C:\Users\nicolas\Documents\GitHub\courtside-data\courtside_data\output\field_types.py:405: UserWarning: Failed to coerce '26:28' via int, leaving as string
  return {key: get_coercion(key)(value) for key, value in row.items()}
C:\Users\nicolas\Documents\GitHub\courtside-data\courtside_data\output\field_types.py:405: UserWarning: Failed to coerce 'A. Horford' via int, leaving as string
  return {key: get_coercion(key)(value) for key, value in row.items()}
C:\Users\nicolas\Documents\GitHub\courtside-data\courtside_data\output\field_types.py:405: UserWarning: Failed to coerce '30:44' via int, leaving as string
  return {key: get_coercion(key)(value) for key, value in row.items()}
C:\Users\nicolas\Documents\GitHub\courtside-data\courtside_data\output\field_types.py:405: UserWarning: Failed to coerce '38:54' via int, leaving as string
  return {key: get_coercion(key)(value) for key, value in row.items()}
C:\Users\nicolas\Documents\GitHub\courtside-data\courtside_data\output\field_types.py:405: UserWarning: Failed to coerce '36:27' via int, leaving as string
  return {key: get_coercion(key)(value) for key, value in row.items()}
C:\Users\nicolas\Documents\GitHub\courtside-data\courtside_data\output\field_types.py:405: UserWarning: Failed to coerce '27:57' via int, leaving as string
  return {key: get_coercion(key)(value) for key, value in row.items()}
C:\Users\nicolas\Documents\GitHub\courtside-data\courtside_data\output\field_types.py:405: UserWarning: Failed to coerce '41:07' via int, leaving as string
  return {key: get_coercion(key)(value) for key, value in row.items()}
C:\Users\nicolas\Documents\GitHub\courtside-data\courtside_data\output\field_types.py:405: UserWarning: Failed to coerce 'R. Rondo' via int, leaving as string
  return {key: get_coercion(key)(value) for key, value in row.items()}
C:\Users\nicolas\Documents\GitHub\courtside-data\courtside_data\output\field_types.py:405: UserWarning: Failed to coerce '39:18' via int, leaving as string
  return {key: get_coercion(key)(value) for key, value in row.items()}
C:\Users\nicolas\Documents\GitHub\courtside-data\courtside_data\output\field_types.py:405: UserWarning: Failed to coerce 'K. Lowry' via int, leaving as string
  return {key: get_coercion(key)(value) for key, value in row.items()}
C:\Users\nicolas\Documents\GitHub\courtside-data\courtside_data\output\field_types.py:405: UserWarning: Failed to coerce '45:28' via int, leaving as string
  return {key: get_coercion(key)(value) for key, value in row.items()}
C:\Users\nicolas\Documents\GitHub\courtside-data\courtside_data\output\field_types.py:405: UserWarning: Failed to coerce '36:13' via int, leaving as string
  return {key: get_coercion(key)(value) for key, value in row.items()}
C:\Users\nicolas\Documents\GitHub\courtside-data\courtside_data\output\field_types.py:405: UserWarning: Failed to coerce '45:45' via int, leaving as string
  return {key: get_coercion(key)(value) for key, value in row.items()}
C:\Users\nicolas\Documents\GitHub\courtside-data\courtside_data\output\field_types.py:405: UserWarning: Failed to coerce '37:08' via int, leaving as string
  return {key: get_coercion(key)(value) for key, value in row.items()}
C:\Users\nicolas\Documents\GitHub\courtside-data\courtside_data\output\field_types.py:405: UserWarning: Failed to coerce '32:16' via int, leaving as string
  return {key: get_coercion(key)(value) for key, value in row.items()}
C:\Users\nicolas\Documents\GitHub\courtside-data\courtside_data\output\field_types.py:405: UserWarning: Failed to coerce 'C. Joseph' via int, leaving as string
  return {key: get_coercion(key)(value) for key, value in row.items()}
C:\Users\nicolas\Documents\GitHub\courtside-data\courtside_data\output\field_types.py:405: UserWarning: Failed to coerce '29:39' via int, leaving as string
  return {key: get_coercion(key)(value) for key, value in row.items()}
C:\Users\nicolas\Documents\GitHub\courtside-data\courtside_data\output\field_types.py:405: UserWarning: Failed to coerce 'C. Martin' via int, leaving as string
  return {key: get_coercion(key)(value) for key, value in row.items()}
C:\Users\nicolas\Documents\GitHub\courtside-data\courtside_data\output\field_types.py:405: UserWarning: Failed to coerce '21:57' via int, leaving as string
  return {key: get_coercion(key)(value) for key, value in row.items()}
C:\Users\nicolas\Documents\GitHub\courtside-data\courtside_data\output\field_types.py:405: UserWarning: Failed to coerce 'J. Morant' via int, leaving as string
  return {key: get_coercion(key)(value) for key, value in row.items()}
C:\Users\nicolas\Documents\GitHub\courtside-data\courtside_data\output\field_types.py:405: UserWarning: Failed to coerce '37:43' via int, leaving as string
  return {key: get_coercion(key)(value) for key, value in row.items()}
C:\Users\nicolas\Documents\GitHub\courtside-data\courtside_data\output\field_types.py:405: UserWarning: Failed to coerce '43:17' via int, leaving as string
  return {key: get_coercion(key)(value) for key, value in row.items()}
C:\Users\nicolas\Documents\GitHub\courtside-data\courtside_data\output\field_types.py:405: UserWarning: Failed to coerce '45:16' via int, leaving as string
  return {key: get_coercion(key)(value) for key, value in row.items()}
C:\Users\nicolas\Documents\GitHub\courtside-data\courtside_data\output\field_types.py:405: UserWarning: Failed to coerce 'C. McCollum' via int, leaving as string
  return {key: get_coercion(key)(value) for key, value in row.items()}
C:\Users\nicolas\Documents\GitHub\courtside-data\courtside_data\output\field_types.py:405: UserWarning: Failed to coerce '33:59' via int, leaving as string
  return {key: get_coercion(key)(value) for key, value in row.items()}
C:\Users\nicolas\Documents\GitHub\courtside-data\courtside_data\output\field_types.py:405: UserWarning: Failed to coerce '35:27' via int, leaving as string
  return {key: get_coercion(key)(value) for key, value in row.items()}
C:\Users\nicolas\Documents\GitHub\courtside-data\courtside_data\output\field_types.py:405: UserWarning: Failed to coerce '25:01' via int, leaving as string
  return {key: get_coercion(key)(value) for key, value in row.items()}
C:\Users\nicolas\Documents\GitHub\courtside-data\courtside_data\output\field_types.py:405: UserWarning: Failed to coerce 'D. Gallinari' via int, leaving as string
  return {key: get_coercion(key)(value) for key, value in row.items()}
C:\Users\nicolas\Documents\GitHub\courtside-data\courtside_data\output\field_types.py:405: UserWarning: Failed to coerce '26:32' via int, leaving as string
  return {key: get_coercion(key)(value) for key, value in row.items()}
C:\Users\nicolas\Documents\GitHub\courtside-data\courtside_data\output\field_types.py:405: UserWarning: Failed to coerce '29:58' via int, leaving as string
  return {key: get_coercion(key)(value) for key, value in row.items()}
C:\Users\nicolas\Documents\GitHub\courtside-data\courtside_data\output\field_types.py:405: UserWarning: Failed to coerce '25:45' via int, leaving as string
  return {key: get_coercion(key)(value) for key, value in row.items()}
C:\Users\nicolas\Documents\GitHub\courtside-data\courtside_data\output\field_types.py:405: UserWarning: Failed to coerce '35:01' via int, leaving as string
  return {key: get_coercion(key)(value) for key, value in row.items()}
C:\Users\nicolas\Documents\GitHub\courtside-data\courtside_data\output\field_types.py:405: UserWarning: Failed to coerce '26:27' via int, leaving as string
  return {key: get_coercion(key)(value) for key, value in row.items()}
C:\Users\nicolas\Documents\GitHub\courtside-data\courtside_data\output\field_types.py:405: UserWarning: Failed to coerce '31:42' via int, leaving as string
  return {key: get_coercion(key)(value) for key, value in row.items()}
C:\Users\nicolas\Documents\GitHub\courtside-data\courtside_data\output\field_types.py:405: UserWarning: Failed to coerce '33:00' via int, leaving as string
  return {key: get_coercion(key)(value) for key, value in row.items()}
C:\Users\nicolas\Documents\GitHub\courtside-data\courtside_data\output\field_types.py:405: UserWarning: Failed to coerce 'A. Gordon' via int, leaving as string
  return {key: get_coercion(key)(value) for key, value in row.items()}
C:\Users\nicolas\Documents\GitHub\courtside-data\courtside_data\output\field_types.py:405: UserWarning: Failed to coerce '29:36' via int, leaving as string
  return {key: get_coercion(key)(value) for key, value in row.items()}
C:\Users\nicolas\Documents\GitHub\courtside-data\courtside_data\output\field_types.py:405: UserWarning: Failed to coerce 'N. Bjelica' via int, leaving as string
  return {key: get_coercion(key)(value) for key, value in row.items()}
C:\Users\nicolas\Documents\GitHub\courtside-data\courtside_data\output\field_types.py:405: UserWarning: Failed to coerce '30:16' via int, leaving as string
  return {key: get_coercion(key)(value) for key, value in row.items()}
C:\Users\nicolas\Documents\GitHub\courtside-data\courtside_data\output\field_types.py:405: UserWarning: Failed to coerce '33:26' via int, leaving as string
  return {key: get_coercion(key)(value) for key, value in row.items()}
C:\Users\nicolas\Documents\GitHub\courtside-data\courtside_data\output\field_types.py:405: UserWarning: Failed to coerce 'J. Calder≤n' via int, leaving as string
  return {key: get_coercion(key)(value) for key, value in row.items()}
C:\Users\nicolas\Documents\GitHub\courtside-data\courtside_data\output\field_types.py:405: UserWarning: Failed to coerce '28:56' via int, leaving as string
  return {key: get_coercion(key)(value) for key, value in row.items()}
C:\Users\nicolas\Documents\GitHub\courtside-data\courtside_data\output\field_types.py:405: UserWarning: Failed to coerce '31:58' via int, leaving as string
  return {key: get_coercion(key)(value) for key, value in row.items()}
C:\Users\nicolas\Documents\GitHub\courtside-data\courtside_data\output\field_types.py:405: UserWarning: Failed to coerce '41:16' via int, leaving as string
  return {key: get_coercion(key)(value) for key, value in row.items()}
C:\Users\nicolas\Documents\GitHub\courtside-data\courtside_data\output\field_types.py:405: UserWarning: Failed to coerce 'J. Green' via int, leaving as string
  return {key: get_coercion(key)(value) for key, value in row.items()}
C:\Users\nicolas\Documents\GitHub\courtside-data\courtside_data\output\field_types.py:405: UserWarning: Failed to coerce '41:49' via int, leaving as string
  return {key: get_coercion(key)(value) for key, value in row.items()}
C:\Users\nicolas\Documents\GitHub\courtside-data\courtside_data\output\field_types.py:405: UserWarning: Failed to coerce 'T. Ariza' via int, leaving as string
  return {key: get_coercion(key)(value) for key, value in row.items()}
C:\Users\nicolas\Documents\GitHub\courtside-data\courtside_data\output\field_types.py:405: UserWarning: Failed to coerce '28:17' via int, leaving as string
  return {key: get_coercion(key)(value) for key, value in row.items()}
C:\Users\nicolas\Documents\GitHub\courtside-data\courtside_data\output\field_types.py:405: UserWarning: Failed to coerce 'C. Anthony' via int, leaving as string
  return {key: get_coercion(key)(value) for key, value in row.items()}
C:\Users\nicolas\Documents\GitHub\courtside-data\courtside_data\output\field_types.py:405: UserWarning: Failed to coerce '38:22' via int, leaving as string
  return {key: get_coercion(key)(value) for key, value in row.items()}
C:\Users\nicolas\Documents\GitHub\courtside-data\courtside_data\output\field_types.py:405: UserWarning: Failed to coerce '48:19' via int, leaving as string
  return {key: get_coercion(key)(value) for key, value in row.items()}
C:\Users\nicolas\Documents\GitHub\courtside-data\courtside_data\output\field_types.py:405: UserWarning: Failed to coerce 'J. Brown' via int, leaving as string
  return {key: get_coercion(key)(value) for key, value in row.items()}
C:\Users\nicolas\Documents\GitHub\courtside-data\courtside_data\output\field_types.py:405: UserWarning: Failed to coerce '36:17' via int, leaving as string
  return {key: get_coercion(key)(value) for key, value in row.items()}
C:\Users\nicolas\Documents\GitHub\courtside-data\courtside_data\output\field_types.py:405: UserWarning: Failed to coerce '37:59' via int, leaving as string
  return {key: get_coercion(key)(value) for key, value in row.items()}
C:\Users\nicolas\Documents\GitHub\courtside-data\courtside_data\output\field_types.py:405: UserWarning: Failed to coerce 'D. Smith' via int, leaving as string
  return {key: get_coercion(key)(value) for key, value in row.items()}
C:\Users\nicolas\Documents\GitHub\courtside-data\courtside_data\output\field_types.py:405: UserWarning: Failed to coerce '34:51' via int, leaving as string
  return {key: get_coercion(key)(value) for key, value in row.items()}
C:\Users\nicolas\Documents\GitHub\courtside-data\courtside_data\output\field_types.py:405: UserWarning: Failed to coerce '40:22' via int, leaving as string
  return {key: get_coercion(key)(value) for key, value in row.items()}
C:\Users\nicolas\Documents\GitHub\courtside-data\courtside_data\output\field_types.py:405: UserWarning: Failed to coerce 'J. Harden' via int, leaving as string
  return {key: get_coercion(key)(value) for key, value in row.items()}
C:\Users\nicolas\Documents\GitHub\courtside-data\courtside_data\output\field_types.py:405: UserWarning: Failed to coerce '39:54' via int, leaving as string
  return {key: get_coercion(key)(value) for key, value in row.items()}
C:\Users\nicolas\Documents\GitHub\courtside-data\courtside_data\output\field_types.py:405: UserWarning: Failed to coerce '39:24' via int, leaving as string
  return {key: get_coercion(key)(value) for key, value in row.items()}
C:\Users\nicolas\Documents\GitHub\courtside-data\courtside_data\output\field_types.py:405: UserWarning: Failed to coerce '31:17' via int, leaving as string
  return {key: get_coercion(key)(value) for key, value in row.items()}
C:\Users\nicolas\Documents\GitHub\courtside-data\courtside_data\output\field_types.py:405: UserWarning: Failed to coerce '37:03' via int, leaving as string
  return {key: get_coercion(key)(value) for key, value in row.items()}
C:\Users\nicolas\Documents\GitHub\courtside-data\courtside_data\output\field_types.py:405: UserWarning: Failed to coerce 'S. Adams' via int, leaving as string
  return {key: get_coercion(key)(value) for key, value in row.items()}
C:\Users\nicolas\Documents\GitHub\courtside-data\courtside_data\output\field_types.py:405: UserWarning: Failed to coerce '36:57' via int, leaving as string
  return {key: get_coercion(key)(value) for key, value in row.items()}
C:\Users\nicolas\Documents\GitHub\courtside-data\courtside_data\output\field_types.py:405: UserWarning: Failed to coerce 'J. Randle' via int, leaving as string
  return {key: get_coercion(key)(value) for key, value in row.items()}
C:\Users\nicolas\Documents\GitHub\courtside-data\courtside_data\output\field_types.py:405: UserWarning: Failed to coerce '34:27' via int, leaving as string
  return {key: get_coercion(key)(value) for key, value in row.items()}
C:\Users\nicolas\Documents\GitHub\courtside-data\courtside_data\output\field_types.py:405: UserWarning: Failed to coerce '30:03' via int, leaving as string
  return {key: get_coercion(key)(value) for key, value in row.items()}
C:\Users\nicolas\Documents\GitHub\courtside-data\courtside_data\output\field_types.py:405: UserWarning: Failed to coerce 'R. Foye' via int, leaving as string
  return {key: get_coercion(key)(value) for key, value in row.items()}
C:\Users\nicolas\Documents\GitHub\courtside-data\courtside_data\output\field_types.py:405: UserWarning: Failed to coerce '32:53' via int, leaving as string
  return {key: get_coercion(key)(value) for key, value in row.items()}
C:\Users\nicolas\Documents\GitHub\courtside-data\courtside_data\output\field_types.py:405: UserWarning: Failed to coerce '34:30' via int, leaving as string
  return {key: get_coercion(key)(value) for key, value in row.items()}
C:\Users\nicolas\Documents\GitHub\courtside-data\courtside_data\output\field_types.py:405: UserWarning: Failed to coerce '33:08' via int, leaving as string
  return {key: get_coercion(key)(value) for key, value in row.items()}
C:\Users\nicolas\Documents\GitHub\courtside-data\courtside_data\output\field_types.py:405: UserWarning: Failed to coerce '41:27' via int, leaving as string
  return {key: get_coercion(key)(value) for key, value in row.items()}
C:\Users\nicolas\Documents\GitHub\courtside-data\courtside_data\output\field_types.py:405: UserWarning: Failed to coerce '40:51' via int, leaving as string
  return {key: get_coercion(key)(value) for key, value in row.items()}
C:\Users\nicolas\Documents\GitHub\courtside-data\courtside_data\output\field_types.py:405: UserWarning: Failed to coerce '38:39' via int, leaving as string
  return {key: get_coercion(key)(value) for key, value in row.items()}
C:\Users\nicolas\Documents\GitHub\courtside-data\courtside_data\output\field_types.py:405: UserWarning: Failed to coerce '37:40' via int, leaving as string
  return {key: get_coercion(key)(value) for key, value in row.items()}
C:\Users\nicolas\Documents\GitHub\courtside-data\courtside_data\output\field_types.py:405: UserWarning: Failed to coerce 'E. \u0130lyasova' via int, leaving as string
  return {key: get_coercion(key)(value) for key, value in row.items()}
C:\Users\nicolas\Documents\GitHub\courtside-data\courtside_data\output\field_types.py:405: UserWarning: Failed to coerce '34:04' via int, leaving as string
  return {key: get_coercion(key)(value) for key, value in row.items()}
C:\Users\nicolas\Documents\GitHub\courtside-data\courtside_data\output\field_types.py:405: UserWarning: Failed to coerce '38:33' via int, leaving as string
  return {key: get_coercion(key)(value) for key, value in row.items()}
C:\Users\nicolas\Documents\GitHub\courtside-data\courtside_data\output\field_types.py:405: UserWarning: Failed to coerce '38:21' via int, leaving as string
  return {key: get_coercion(key)(value) for key, value in row.items()}
C:\Users\nicolas\Documents\GitHub\courtside-data\courtside_data\output\field_types.py:405: UserWarning: Failed to coerce 'B. Bogdanovi\u0107' via int, leaving as string
  return {key: get_coercion(key)(value) for key, value in row.items()}
C:\Users\nicolas\Documents\GitHub\courtside-data\courtside_data\output\field_types.py:405: UserWarning: Failed to coerce '20:43' via int, leaving as string
  return {key: get_coercion(key)(value) for key, value in row.items()}
C:\Users\nicolas\Documents\GitHub\courtside-data\courtside_data\output\field_types.py:405: UserWarning: Failed to coerce 'V. Carter' via int, leaving as string
  return {key: get_coercion(key)(value) for key, value in row.items()}
C:\Users\nicolas\Documents\GitHub\courtside-data\courtside_data\output\field_types.py:405: UserWarning: Failed to coerce '30:20' via int, leaving as string
  return {key: get_coercion(key)(value) for key, value in row.items()}
C:\Users\nicolas\Documents\GitHub\courtside-data\courtside_data\output\field_types.py:405: UserWarning: Failed to coerce '39:55' via int, leaving as string
  return {key: get_coercion(key)(value) for key, value in row.items()}
C:\Users\nicolas\Documents\GitHub\courtside-data\courtside_data\output\field_types.py:405: UserWarning: Failed to coerce '20:56' via int, leaving as string
  return {key: get_coercion(key)(value) for key, value in row.items()}
C:\Users\nicolas\Documents\GitHub\courtside-data\courtside_data\output\field_types.py:405: UserWarning: Failed to coerce 'C. Paul' via int, leaving as string
  return {key: get_coercion(key)(value) for key, value in row.items()}
C:\Users\nicolas\Documents\GitHub\courtside-data\courtside_data\output\field_types.py:405: UserWarning: Failed to coerce '25:09' via int, leaving as string
  return {key: get_coercion(key)(value) for key, value in row.items()}
C:\Users\nicolas\Documents\GitHub\courtside-data\courtside_data\output\field_types.py:405: UserWarning: Failed to coerce '42:02' via int, leaving as string
  return {key: get_coercion(key)(value) for key, value in row.items()}
C:\Users\nicolas\Documents\GitHub\courtside-data\courtside_data\output\field_types.py:405: UserWarning: Failed to coerce '45:10' via int, leaving as string
  return {key: get_coercion(key)(value) for key, value in row.items()}
C:\Users\nicolas\Documents\GitHub\courtside-data\courtside_data\output\field_types.py:405: UserWarning: Failed to coerce 'M. Brown' via int, leaving as string
  return {key: get_coercion(key)(value) for key, value in row.items()}
C:\Users\nicolas\Documents\GitHub\courtside-data\courtside_data\output\field_types.py:405: UserWarning: Failed to coerce '29:34' via int, leaving as string
  return {key: get_coercion(key)(value) for key, value in row.items()}
C:\Users\nicolas\Documents\GitHub\courtside-data\courtside_data\output\field_types.py:405: UserWarning: Failed to coerce 'E. Payton' via int, leaving as string
  return {key: get_coercion(key)(value) for key, value in row.items()}
C:\Users\nicolas\Documents\GitHub\courtside-data\courtside_data\output\field_types.py:405: UserWarning: Failed to coerce '34:48' via int, leaving as string
  return {key: get_coercion(key)(value) for key, value in row.items()}
C:\Users\nicolas\Documents\GitHub\courtside-data\courtside_data\output\field_types.py:405: UserWarning: Failed to coerce 'I. Thomas' via int, leaving as string
  return {key: get_coercion(key)(value) for key, value in row.items()}
C:\Users\nicolas\Documents\GitHub\courtside-data\courtside_data\output\field_types.py:405: UserWarning: Failed to coerce '35:41' via int, leaving as string
  return {key: get_coercion(key)(value) for key, value in row.items()}
C:\Users\nicolas\Documents\GitHub\courtside-data\courtside_data\output\field_types.py:405: UserWarning: Failed to coerce 'D. Harris' via int, leaving as string
  return {key: get_coercion(key)(value) for key, value in row.items()}
C:\Users\nicolas\Documents\GitHub\courtside-data\courtside_data\output\field_types.py:405: UserWarning: Failed to coerce '43:25' via int, leaving as string
  return {key: get_coercion(key)(value) for key, value in row.items()}
C:\Users\nicolas\Documents\GitHub\courtside-data\courtside_data\output\field_types.py:405: UserWarning: Failed to coerce '34:20' via int, leaving as string
  return {key: get_coercion(key)(value) for key, value in row.items()}
C:\Users\nicolas\Documents\GitHub\courtside-data\courtside_data\output\field_types.py:405: UserWarning: Failed to coerce 'T. Harris' via int, leaving as string
  return {key: get_coercion(key)(value) for key, value in row.items()}
C:\Users\nicolas\Documents\GitHub\courtside-data\courtside_data\output\field_types.py:405: UserWarning: Failed to coerce '25:34' via int, leaving as string
  return {key: get_coercion(key)(value) for key, value in row.items()}
C:\Users\nicolas\Documents\GitHub\courtside-data\courtside_data\output\field_types.py:405: UserWarning: Failed to coerce 'M. Dellavedova' via int, leaving as string
  return {key: get_coercion(key)(value) for key, value in row.items()}
C:\Users\nicolas\Documents\GitHub\courtside-data\courtside_data\output\field_types.py:405: UserWarning: Failed to coerce '43:09' via int, leaving as string
  return {key: get_coercion(key)(value) for key, value in row.items()}
C:\Users\nicolas\Documents\GitHub\courtside-data\courtside_data\output\field_types.py:405: UserWarning: Failed to coerce '25:35' via int, leaving as string
  return {key: get_coercion(key)(value) for key, value in row.items()}
C:\Users\nicolas\Documents\GitHub\courtside-data\courtside_data\output\field_types.py:405: UserWarning: Failed to coerce 'M. Dunleavy' via int, leaving as string
  return {key: get_coercion(key)(value) for key, value in row.items()}
C:\Users\nicolas\Documents\GitHub\courtside-data\courtside_data\output\field_types.py:405: UserWarning: Failed to coerce '38:43' via int, leaving as string
  return {key: get_coercion(key)(value) for key, value in row.items()}
C:\Users\nicolas\Documents\GitHub\courtside-data\courtside_data\output\field_types.py:405: UserWarning: Failed to coerce 'J. Dudley' via int, leaving as string
  return {key: get_coercion(key)(value) for key, value in row.items()}
C:\Users\nicolas\Documents\GitHub\courtside-data\courtside_data\output\field_types.py:405: UserWarning: Failed to coerce '25:12' via int, leaving as string
  return {key: get_coercion(key)(value) for key, value in row.items()}
C:\Users\nicolas\Documents\GitHub\courtside-data\courtside_data\output\field_types.py:405: UserWarning: Failed to coerce '31:53' via int, leaving as string
  return {key: get_coercion(key)(value) for key, value in row.items()}
C:\Users\nicolas\Documents\GitHub\courtside-data\courtside_data\output\field_types.py:405: UserWarning: Failed to coerce 'Z. Pachulia' via int, leaving as string
  return {key: get_coercion(key)(value) for key, value in row.items()}
C:\Users\nicolas\Documents\GitHub\courtside-data\courtside_data\output\field_types.py:405: UserWarning: Failed to coerce '39:05' via int, leaving as string
  return {key: get_coercion(key)(value) for key, value in row.items()}
C:\Users\nicolas\Documents\GitHub\courtside-data\courtside_data\output\field_types.py:405: UserWarning: Failed to coerce '29:48' via int, leaving as string
  return {key: get_coercion(key)(value) for key, value in row.items()}
C:\Users\nicolas\Documents\GitHub\courtside-data\courtside_data\output\field_types.py:405: UserWarning: Failed to coerce 'B. McLemore' via int, leaving as string
  return {key: get_coercion(key)(value) for key, value in row.items()}
C:\Users\nicolas\Documents\GitHub\courtside-data\courtside_data\output\field_types.py:405: UserWarning: Failed to coerce '36:43' via int, leaving as string
  return {key: get_coercion(key)(value) for key, value in row.items()}
C:\Users\nicolas\Documents\GitHub\courtside-data\courtside_data\output\field_types.py:405: UserWarning: Failed to coerce 'T. Evans' via int, leaving as string
  return {key: get_coercion(key)(value) for key, value in row.items()}
C:\Users\nicolas\Documents\GitHub\courtside-data\courtside_data\output\field_types.py:405: UserWarning: Failed to coerce '44:25' via int, leaving as string
  return {key: get_coercion(key)(value) for key, value in row.items()}
C:\Users\nicolas\Documents\GitHub\courtside-data\courtside_data\output\field_types.py:405: UserWarning: Failed to coerce '39:48' via int, leaving as string
  return {key: get_coercion(key)(value) for key, value in row.items()}
C:\Users\nicolas\Documents\GitHub\courtside-data\courtside_data\output\field_types.py:405: UserWarning: Failed to coerce '28:51' via int, leaving as string
  return {key: get_coercion(key)(value) for key, value in row.items()}
C:\Users\nicolas\Documents\GitHub\courtside-data\courtside_data\output\field_types.py:405: UserWarning: Failed to coerce '39:12' via int, leaving as string
  return {key: get_coercion(key)(value) for key, value in row.items()}
C:\Users\nicolas\Documents\GitHub\courtside-data\courtside_data\output\field_types.py:405: UserWarning: Failed to coerce 'A. Miller' via int, leaving as string
  return {key: get_coercion(key)(value) for key, value in row.items()}
C:\Users\nicolas\Documents\GitHub\courtside-data\courtside_data\output\field_types.py:405: UserWarning: Failed to coerce '33:54' via int, leaving as string
  return {key: get_coercion(key)(value) for key, value in row.items()}
C:\Users\nicolas\Documents\GitHub\courtside-data\courtside_data\output\field_types.py:405: UserWarning: Failed to coerce '42:32' via int, leaving as string
  return {key: get_coercion(key)(value) for key, value in row.items()}
C:\Users\nicolas\Documents\GitHub\courtside-data\courtside_data\output\field_types.py:405: UserWarning: Failed to coerce '39:03' via int, leaving as string
  return {key: get_coercion(key)(value) for key, value in row.items()}
C:\Users\nicolas\Documents\GitHub\courtside-data\courtside_data\output\field_types.py:405: UserWarning: Failed to coerce '36:08' via int, leaving as string
  return {key: get_coercion(key)(value) for key, value in row.items()}
C:\Users\nicolas\Documents\GitHub\courtside-data\courtside_data\output\field_types.py:405: UserWarning: Failed to coerce '37:30' via int, leaving as string
  return {key: get_coercion(key)(value) for key, value in row.items()}
C:\Users\nicolas\Documents\GitHub\courtside-data\courtside_data\output\field_types.py:405: UserWarning: Failed to coerce '35:22' via int, leaving as string
  return {key: get_coercion(key)(value) for key, value in row.items()}
C:\Users\nicolas\Documents\GitHub\courtside-data\courtside_data\output\field_types.py:405: UserWarning: Failed to coerce '35:55' via int, leaving as string
  return {key: get_coercion(key)(value) for key, value in row.items()}
C:\Users\nicolas\Documents\GitHub\courtside-data\courtside_data\output\field_types.py:405: UserWarning: Failed to coerce 'M. Williams' via int, leaving as string
  return {key: get_coercion(key)(value) for key, value in row.items()}
C:\Users\nicolas\Documents\GitHub\courtside-data\courtside_data\output\field_types.py:405: UserWarning: Failed to coerce '47:11' via int, leaving as string
  return {key: get_coercion(key)(value) for key, value in row.items()}
C:\Users\nicolas\Documents\GitHub\courtside-data\courtside_data\output\field_types.py:405: UserWarning: Failed to coerce 'E. Fournier' via int, leaving as string
  return {key: get_coercion(key)(value) for key, value in row.items()}
C:\Users\nicolas\Documents\GitHub\courtside-data\courtside_data\output\field_types.py:405: UserWarning: Failed to coerce '36:26' via int, leaving as string
  return {key: get_coercion(key)(value) for key, value in row.items()}
C:\Users\nicolas\Documents\GitHub\courtside-data\courtside_data\output\field_types.py:405: UserWarning: Failed to coerce '36:33' via int, leaving as string
  return {key: get_coercion(key)(value) for key, value in row.items()}
C:\Users\nicolas\Documents\GitHub\courtside-data\courtside_data\output\field_types.py:405: UserWarning: Failed to coerce 'N. Batum' via int, leaving as string
  return {key: get_coercion(key)(value) for key, value in row.items()}
C:\Users\nicolas\Documents\GitHub\courtside-data\courtside_data\output\field_types.py:405: UserWarning: Failed to coerce '43:24' via int, leaving as string
  return {key: get_coercion(key)(value) for key, value in row.items()}
C:\Users\nicolas\Documents\GitHub\courtside-data\courtside_data\output\field_types.py:405: UserWarning: Failed to coerce '22:50' via int, leaving as string
  return {key: get_coercion(key)(value) for key, value in row.items()}
C:\Users\nicolas\Documents\GitHub\courtside-data\courtside_data\output\field_types.py:405: UserWarning: Failed to coerce 'J. McRoberts' via int, leaving as string
  return {key: get_coercion(key)(value) for key, value in row.items()}
C:\Users\nicolas\Documents\GitHub\courtside-data\courtside_data\output\field_types.py:405: UserWarning: Failed to coerce '23:23' via int, leaving as string
  return {key: get_coercion(key)(value) for key, value in row.items()}
C:\Users\nicolas\Documents\GitHub\courtside-data\courtside_data\output\field_types.py:405: UserWarning: Failed to coerce 'L. Deng' via int, leaving as string
  return {key: get_coercion(key)(value) for key, value in row.items()}
C:\Users\nicolas\Documents\GitHub\courtside-data\courtside_data\output\field_types.py:405: UserWarning: Failed to coerce '38:32' via int, leaving as string
  return {key: get_coercion(key)(value) for key, value in row.items()}
C:\Users\nicolas\Documents\GitHub\courtside-data\courtside_data\output\field_types.py:405: UserWarning: Failed to coerce '32:26' via int, leaving as string
  return {key: get_coercion(key)(value) for key, value in row.items()}
C:\Users\nicolas\Documents\GitHub\courtside-data\courtside_data\output\field_types.py:405: UserWarning: Failed to coerce 'M. Harkless' via int, leaving as string
  return {key: get_coercion(key)(value) for key, value in row.items()}
C:\Users\nicolas\Documents\GitHub\courtside-data\courtside_data\output\field_types.py:405: UserWarning: Failed to coerce '34:13' via int, leaving as string
  return {key: get_coercion(key)(value) for key, value in row.items()}
C:\Users\nicolas\Documents\GitHub\courtside-data\courtside_data\output\field_types.py:405: UserWarning: Failed to coerce '40:12' via int, leaving as string
  return {key: get_coercion(key)(value) for key, value in row.items()}
C:\Users\nicolas\Documents\GitHub\courtside-data\courtside_data\output\field_types.py:405: UserWarning: Failed to coerce '32:00' via int, leaving as string
  return {key: get_coercion(key)(value) for key, value in row.items()}
C:\Users\nicolas\Documents\GitHub\courtside-data\courtside_data\output\field_types.py:405: UserWarning: Failed to coerce 'S. Curry' via int, leaving as string
  return {key: get_coercion(key)(value) for key, value in row.items()}
C:\Users\nicolas\Documents\GitHub\courtside-data\courtside_data\output\field_types.py:405: UserWarning: Failed to coerce '26:48' via int, leaving as string
  return {key: get_coercion(key)(value) for key, value in row.items()}
C:\Users\nicolas\Documents\GitHub\courtside-data\courtside_data\output\field_types.py:405: UserWarning: Failed to coerce '30:21' via int, leaving as string
  return {key: get_coercion(key)(value) for key, value in row.items()}
C:\Users\nicolas\Documents\GitHub\courtside-data\courtside_data\output\field_types.py:405: UserWarning: Failed to coerce '48:44' via int, leaving as string
  return {key: get_coercion(key)(value) for key, value in row.items()}
C:\Users\nicolas\Documents\GitHub\courtside-data\courtside_data\output\field_types.py:405: UserWarning: Failed to coerce '47:13' via int, leaving as string
  return {key: get_coercion(key)(value) for key, value in row.items()}
C:\Users\nicolas\Documents\GitHub\courtside-data\courtside_data\output\field_types.py:405: UserWarning: Failed to coerce '43:58' via int, leaving as string
  return {key: get_coercion(key)(value) for key, value in row.items()}
C:\Users\nicolas\Documents\GitHub\courtside-data\courtside_data\output\field_types.py:405: UserWarning: Failed to coerce 'P. Anti\u0107' via int, leaving as string
  return {key: get_coercion(key)(value) for key, value in row.items()}
C:\Users\nicolas\Documents\GitHub\courtside-data\courtside_data\output\field_types.py:405: UserWarning: Failed to coerce '41:00' via int, leaving as string
  return {key: get_coercion(key)(value) for key, value in row.items()}
C:\Users\nicolas\Documents\GitHub\courtside-data\courtside_data\output\field_types.py:405: UserWarning: Failed to coerce '39:11' via int, leaving as string
  return {key: get_coercion(key)(value) for key, value in row.items()}
C:\Users\nicolas\Documents\GitHub\courtside-data\courtside_data\output\field_types.py:405: UserWarning: Failed to coerce '44:47' via int, leaving as string
  return {key: get_coercion(key)(value) for key, value in row.items()}
C:\Users\nicolas\Documents\GitHub\courtside-data\courtside_data\output\field_types.py:405: UserWarning: Failed to coerce 'K. Thompson' via int, leaving as string
  return {key: get_coercion(key)(value) for key, value in row.items()}
C:\Users\nicolas\Documents\GitHub\courtside-data\courtside_data\output\field_types.py:405: UserWarning: Failed to coerce '37:25' via int, leaving as string
  return {key: get_coercion(key)(value) for key, value in row.items()}
C:\Users\nicolas\Documents\GitHub\courtside-data\courtside_data\output\field_types.py:405: UserWarning: Failed to coerce 'G. Wallace' via int, leaving as string
  return {key: get_coercion(key)(value) for key, value in row.items()}
C:\Users\nicolas\Documents\GitHub\courtside-data\courtside_data\output\field_types.py:405: UserWarning: Failed to coerce '46:33' via int, leaving as string
  return {key: get_coercion(key)(value) for key, value in row.items()}
C:\Users\nicolas\Documents\GitHub\courtside-data\courtside_data\output\field_types.py:405: UserWarning: Failed to coerce '44:10' via int, leaving as string
  return {key: get_coercion(key)(value) for key, value in row.items()}
C:\Users\nicolas\Documents\GitHub\courtside-data\courtside_data\output\field_types.py:405: UserWarning: Failed to coerce 'A. Bradley' via int, leaving as string
  return {key: get_coercion(key)(value) for key, value in row.items()}
C:\Users\nicolas\Documents\GitHub\courtside-data\courtside_data\output\field_types.py:405: UserWarning: Failed to coerce '41:26' via int, leaving as string
  return {key: get_coercion(key)(value) for key, value in row.items()}
C:\Users\nicolas\Documents\GitHub\courtside-data\courtside_data\output\field_types.py:405: UserWarning: Failed to coerce 'B. Jennings' via int, leaving as string
  return {key: get_coercion(key)(value) for key, value in row.items()}
C:\Users\nicolas\Documents\GitHub\courtside-data\courtside_data\output\field_types.py:405: UserWarning: Failed to coerce '44:37' via int, leaving as string
  return {key: get_coercion(key)(value) for key, value in row.items()}
C:\Users\nicolas\Documents\GitHub\courtside-data\courtside_data\output\field_types.py:405: UserWarning: Failed to coerce '44:01' via int, leaving as string
  return {key: get_coercion(key)(value) for key, value in row.items()}
C:\Users\nicolas\Documents\GitHub\courtside-data\courtside_data\output\field_types.py:405: UserWarning: Failed to coerce 'W. Matthews' via int, leaving as string
  return {key: get_coercion(key)(value) for key, value in row.items()}
C:\Users\nicolas\Documents\GitHub\courtside-data\courtside_data\output\field_types.py:405: UserWarning: Failed to coerce '41:47' via int, leaving as string
  return {key: get_coercion(key)(value) for key, value in row.items()}
C:\Users\nicolas\Documents\GitHub\courtside-data\courtside_data\output\field_types.py:405: UserWarning: Failed to coerce '43:27' via int, leaving as string
  return {key: get_coercion(key)(value) for key, value in row.items()}
C:\Users\nicolas\Documents\GitHub\courtside-data\courtside_data\output\field_types.py:405: UserWarning: Failed to coerce 'M. Webster' via int, leaving as string
  return {key: get_coercion(key)(value) for key, value in row.items()}
C:\Users\nicolas\Documents\GitHub\courtside-data\courtside_data\output\field_types.py:405: UserWarning: Failed to coerce '22:11' via int, leaving as string
  return {key: get_coercion(key)(value) for key, value in row.items()}
C:\Users\nicolas\Documents\GitHub\courtside-data\courtside_data\output\field_types.py:405: UserWarning: Failed to coerce 'J. Salmons' via int, leaving as string
  return {key: get_coercion(key)(value) for key, value in row.items()}
C:\Users\nicolas\Documents\GitHub\courtside-data\courtside_data\output\field_types.py:405: UserWarning: Failed to coerce 'J. Kidd' via int, leaving as string
  return {key: get_coercion(key)(value) for key, value in row.items()}
C:\Users\nicolas\Documents\GitHub\courtside-data\courtside_data\output\field_types.py:405: UserWarning: Failed to coerce '37:05' via int, leaving as string
  return {key: get_coercion(key)(value) for key, value in row.items()}
C:\Users\nicolas\Documents\GitHub\courtside-data\courtside_data\output\field_types.py:405: UserWarning: Failed to coerce '51:58' via int, leaving as string
  return {key: get_coercion(key)(value) for key, value in row.items()}
C:\Users\nicolas\Documents\GitHub\courtside-data\courtside_data\output\field_types.py:405: UserWarning: Failed to coerce '32:02' via int, leaving as string
  return {key: get_coercion(key)(value) for key, value in row.items()}
C:\Users\nicolas\Documents\GitHub\courtside-data\courtside_data\output\field_types.py:405: UserWarning: Failed to coerce '31:43' via int, leaving as string
  return {key: get_coercion(key)(value) for key, value in row.items()}
C:\Users\nicolas\Documents\GitHub\courtside-data\courtside_data\output\field_types.py:405: UserWarning: Failed to coerce '37:14' via int, leaving as string
  return {key: get_coercion(key)(value) for key, value in row.items()}
C:\Users\nicolas\Documents\GitHub\courtside-data\courtside_data\output\field_types.py:405: UserWarning: Failed to coerce 'D. Green' via int, leaving as string
  return {key: get_coercion(key)(value) for key, value in row.items()}
C:\Users\nicolas\Documents\GitHub\courtside-data\courtside_data\output\field_types.py:405: UserWarning: Failed to coerce '34:52' via int, leaving as string
  return {key: get_coercion(key)(value) for key, value in row.items()}
C:\Users\nicolas\Documents\GitHub\courtside-data\courtside_data\output\field_types.py:405: UserWarning: Failed to coerce '44:29' via int, leaving as string
  return {key: get_coercion(key)(value) for key, value in row.items()}
C:\Users\nicolas\Documents\GitHub\courtside-data\courtside_data\output\field_types.py:405: UserWarning: Failed to coerce '49:33' via int, leaving as string
  return {key: get_coercion(key)(value) for key, value in row.items()}
C:\Users\nicolas\Documents\GitHub\courtside-data\courtside_data\output\field_types.py:405: UserWarning: Failed to coerce '39:17' via int, leaving as string
  return {key: get_coercion(key)(value) for key, value in row.items()}
C:\Users\nicolas\Documents\GitHub\courtside-data\courtside_data\output\field_types.py:405: UserWarning: Failed to coerce 'J. Barea' via int, leaving as string
  return {key: get_coercion(key)(value) for key, value in row.items()}
C:\Users\nicolas\Documents\GitHub\courtside-data\courtside_data\output\field_types.py:405: UserWarning: Failed to coerce '34:44' via int, leaving as string
  return {key: get_coercion(key)(value) for key, value in row.items()}
C:\Users\nicolas\Documents\GitHub\courtside-data\courtside_data\output\field_types.py:405: UserWarning: Failed to coerce 'L. Ridnour' via int, leaving as string
  return {key: get_coercion(key)(value) for key, value in row.items()}
C:\Users\nicolas\Documents\GitHub\courtside-data\courtside_data\output\field_types.py:405: UserWarning: Failed to coerce '36:21' via int, leaving as string
  return {key: get_coercion(key)(value) for key, value in row.items()}
C:\Users\nicolas\Documents\GitHub\courtside-data\courtside_data\output\field_types.py:405: UserWarning: Failed to coerce 'T. Sefolosha' via int, leaving as string
  return {key: get_coercion(key)(value) for key, value in row.items()}
C:\Users\nicolas\Documents\GitHub\courtside-data\courtside_data\output\field_types.py:405: UserWarning: Failed to coerce '41:10' via int, leaving as string
  return {key: get_coercion(key)(value) for key, value in row.items()}
C:\Users\nicolas\Documents\GitHub\courtside-data\courtside_data\output\field_types.py:405: UserWarning: Failed to coerce '32:48' via int, leaving as string
  return {key: get_coercion(key)(value) for key, value in row.items()}
C:\Users\nicolas\Documents\GitHub\courtside-data\courtside_data\output\field_types.py:405: UserWarning: Failed to coerce '35:10' via int, leaving as string
  return {key: get_coercion(key)(value) for key, value in row.items()}
C:\Users\nicolas\Documents\GitHub\courtside-data\courtside_data\output\field_types.py:405: UserWarning: Failed to coerce '42:08' via int, leaving as string
  return {key: get_coercion(key)(value) for key, value in row.items()}
C:\Users\nicolas\Documents\GitHub\courtside-data\courtside_data\output\field_types.py:405: UserWarning: Failed to coerce 'S. Nash' via int, leaving as string
  return {key: get_coercion(key)(value) for key, value in row.items()}
C:\Users\nicolas\Documents\GitHub\courtside-data\courtside_data\output\field_types.py:405: UserWarning: Failed to coerce '42:54' via int, leaving as string
  return {key: get_coercion(key)(value) for key, value in row.items()}
C:\Users\nicolas\Documents\GitHub\courtside-data\courtside_data\output\field_types.py:405: UserWarning: Failed to coerce '42:57' via int, leaving as string
  return {key: get_coercion(key)(value) for key, value in row.items()}
C:\Users\nicolas\Documents\GitHub\courtside-data\courtside_data\output\field_types.py:405: UserWarning: Failed to coerce 'C. Billups' via int, leaving as string
  return {key: get_coercion(key)(value) for key, value in row.items()}
C:\Users\nicolas\Documents\GitHub\courtside-data\courtside_data\output\field_types.py:405: UserWarning: Failed to coerce '34:35' via int, leaving as string
  return {key: get_coercion(key)(value) for key, value in row.items()}
C:\Users\nicolas\Documents\GitHub\courtside-data\courtside_data\output\field_types.py:405: UserWarning: Failed to coerce '41:46' via int, leaving as string
  return {key: get_coercion(key)(value) for key, value in row.items()}
C:\Users\nicolas\Documents\GitHub\courtside-data\courtside_data\output\field_types.py:405: UserWarning: Failed to coerce 'D. Cousins' via int, leaving as string
  return {key: get_coercion(key)(value) for key, value in row.items()}
C:\Users\nicolas\Documents\GitHub\courtside-data\courtside_data\output\field_types.py:405: UserWarning: Failed to coerce '38:05' via int, leaving as string
  return {key: get_coercion(key)(value) for key, value in row.items()}
C:\Users\nicolas\Documents\GitHub\courtside-data\courtside_data\output\field_types.py:405: UserWarning: Failed to coerce '27:30' via int, leaving as string
  return {key: get_coercion(key)(value) for key, value in row.items()}
C:\Users\nicolas\Documents\GitHub\courtside-data\courtside_data\output\field_types.py:405: UserWarning: Failed to coerce '30:29' via int, leaving as string
  return {key: get_coercion(key)(value) for key, value in row.items()}
C:\Users\nicolas\Documents\GitHub\courtside-data\courtside_data\output\field_types.py:405: UserWarning: Failed to coerce '24:19' via int, leaving as string
  return {key: get_coercion(key)(value) for key, value in row.items()}
C:\Users\nicolas\Documents\GitHub\courtside-data\courtside_data\output\field_types.py:405: UserWarning: Failed to coerce 'L. Mbah a Moute' via int, leaving as string
  return {key: get_coercion(key)(value) for key, value in row.items()}
C:\Users\nicolas\Documents\GitHub\courtside-data\courtside_data\output\field_types.py:405: UserWarning: Failed to coerce '37:37' via int, leaving as string
  return {key: get_coercion(key)(value) for key, value in row.items()}
C:\Users\nicolas\Documents\GitHub\courtside-data\courtside_data\output\field_types.py:405: UserWarning: Failed to coerce '39:20' via int, leaving as string
  return {key: get_coercion(key)(value) for key, value in row.items()}
C:\Users\nicolas\Documents\GitHub\courtside-data\courtside_data\output\field_types.py:405: UserWarning: Failed to coerce '32:36' via int, leaving as string
  return {key: get_coercion(key)(value) for key, value in row.items()}
C:\Users\nicolas\Documents\GitHub\courtside-data\courtside_data\output\field_types.py:405: UserWarning: Failed to coerce '35:16' via int, leaving as string
  return {key: get_coercion(key)(value) for key, value in row.items()}
C:\Users\nicolas\Documents\GitHub\courtside-data\courtside_data\output\field_types.py:405: UserWarning: Failed to coerce '31:08' via int, leaving as string
  return {key: get_coercion(key)(value) for key, value in row.items()}
C:\Users\nicolas\Documents\GitHub\courtside-data\courtside_data\output\field_types.py:405: UserWarning: Failed to coerce '43:47' via int, leaving as string
  return {key: get_coercion(key)(value) for key, value in row.items()}
C:\Users\nicolas\Documents\GitHub\courtside-data\courtside_data\output\field_types.py:405: UserWarning: Failed to coerce '40:53' via int, leaving as string
  return {key: get_coercion(key)(value) for key, value in row.items()}
C:\Users\nicolas\Documents\GitHub\courtside-data\courtside_data\output\field_types.py:405: UserWarning: Failed to coerce '36:40' via int, leaving as string
  return {key: get_coercion(key)(value) for key, value in row.items()}
C:\Users\nicolas\Documents\GitHub\courtside-data\courtside_data\output\field_types.py:405: UserWarning: Failed to coerce '40:57' via int, leaving as string
  return {key: get_coercion(key)(value) for key, value in row.items()}
C:\Users\nicolas\Documents\GitHub\courtside-data\courtside_data\output\field_types.py:405: UserWarning: Failed to coerce '26:12' via int, leaving as string
  return {key: get_coercion(key)(value) for key, value in row.items()}
C:\Users\nicolas\Documents\GitHub\courtside-data\courtside_data\output\field_types.py:405: UserWarning: Failed to coerce 'M. Bibby' via int, leaving as string
  return {key: get_coercion(key)(value) for key, value in row.items()}
C:\Users\nicolas\Documents\GitHub\courtside-data\courtside_data\output\field_types.py:405: UserWarning: Failed to coerce '30:34' via int, leaving as string
  return {key: get_coercion(key)(value) for key, value in row.items()}
C:\Users\nicolas\Documents\GitHub\courtside-data\courtside_data\output\field_types.py:405: UserWarning: Failed to coerce 'R. Price' via int, leaving as string
  return {key: get_coercion(key)(value) for key, value in row.items()}
C:\Users\nicolas\Documents\GitHub\courtside-data\courtside_data\output\field_types.py:405: UserWarning: Failed to coerce '9:25' via int, leaving as string
  return {key: get_coercion(key)(value) for key, value in row.items()}
C:\Users\nicolas\Documents\GitHub\courtside-data\courtside_data\output\field_types.py:405: UserWarning: Failed to coerce '43:19' via int, leaving as string
  return {key: get_coercion(key)(value) for key, value in row.items()}
C:\Users\nicolas\Documents\GitHub\courtside-data\courtside_data\output\field_types.py:405: UserWarning: Failed to coerce 'P. Gasol' via int, leaving as string
  return {key: get_coercion(key)(value) for key, value in row.items()}
C:\Users\nicolas\Documents\GitHub\courtside-data\courtside_data\output\field_types.py:405: UserWarning: Failed to coerce '47:15' via int, leaving as string
  return {key: get_coercion(key)(value) for key, value in row.items()}
C:\Users\nicolas\Documents\GitHub\courtside-data\courtside_data\output\field_types.py:405: UserWarning: Failed to coerce 'R. Butler' via int, leaving as string
  return {key: get_coercion(key)(value) for key, value in row.items()}
C:\Users\nicolas\Documents\GitHub\courtside-data\courtside_data\output\field_types.py:405: UserWarning: Failed to coerce '35:54' via int, leaving as string
  return {key: get_coercion(key)(value) for key, value in row.items()}
C:\Users\nicolas\Documents\GitHub\courtside-data\courtside_data\output\field_types.py:405: UserWarning: Failed to coerce '49:59' via int, leaving as string
  return {key: get_coercion(key)(value) for key, value in row.items()}
C:\Users\nicolas\Documents\GitHub\courtside-data\courtside_data\output\field_types.py:405: UserWarning: Failed to coerce '42:18' via int, leaving as string
  return {key: get_coercion(key)(value) for key, value in row.items()}
C:\Users\nicolas\Documents\GitHub\courtside-data\courtside_data\output\field_types.py:405: UserWarning: Failed to coerce 'P. Pierce' via int, leaving as string
  return {key: get_coercion(key)(value) for key, value in row.items()}
C:\Users\nicolas\Documents\GitHub\courtside-data\courtside_data\output\field_types.py:405: UserWarning: Failed to coerce '32:21' via int, leaving as string
  return {key: get_coercion(key)(value) for key, value in row.items()}
C:\Users\nicolas\Documents\GitHub\courtside-data\courtside_data\output\field_types.py:405: UserWarning: Failed to coerce '42:56' via int, leaving as string
  return {key: get_coercion(key)(value) for key, value in row.items()}
C:\Users\nicolas\Documents\GitHub\courtside-data\courtside_data\output\field_types.py:405: UserWarning: Failed to coerce '25:44' via int, leaving as string
  return {key: get_coercion(key)(value) for key, value in row.items()}
C:\Users\nicolas\Documents\GitHub\courtside-data\courtside_data\output\field_types.py:405: UserWarning: Failed to coerce '33:11' via int, leaving as string
  return {key: get_coercion(key)(value) for key, value in row.items()}
C:\Users\nicolas\Documents\GitHub\courtside-data\courtside_data\output\field_types.py:405: UserWarning: Failed to coerce '42:58' via int, leaving as string
  return {key: get_coercion(key)(value) for key, value in row.items()}
C:\Users\nicolas\Documents\GitHub\courtside-data\courtside_data\output\field_types.py:405: UserWarning: Failed to coerce 'D. Brown' via int, leaving as string
  return {key: get_coercion(key)(value) for key, value in row.items()}
C:\Users\nicolas\Documents\GitHub\courtside-data\courtside_data\output\field_types.py:405: UserWarning: Failed to coerce '44:22' via int, leaving as string
  return {key: get_coercion(key)(value) for key, value in row.items()}
C:\Users\nicolas\Documents\GitHub\courtside-data\courtside_data\output\field_types.py:405: UserWarning: Failed to coerce '45:53' via int, leaving as string
  return {key: get_coercion(key)(value) for key, value in row.items()}
C:\Users\nicolas\Documents\GitHub\courtside-data\courtside_data\output\field_types.py:405: UserWarning: Failed to coerce 'B. Davis' via int, leaving as string
  return {key: get_coercion(key)(value) for key, value in row.items()}
C:\Users\nicolas\Documents\GitHub\courtside-data\courtside_data\output\field_types.py:405: UserWarning: Failed to coerce '23:58' via int, leaving as string
  return {key: get_coercion(key)(value) for key, value in row.items()}
C:\Users\nicolas\Documents\GitHub\courtside-data\courtside_data\output\field_types.py:405: UserWarning: Failed to coerce '49:51' via int, leaving as string
  return {key: get_coercion(key)(value) for key, value in row.items()}
C:\Users\nicolas\Documents\GitHub\courtside-data\courtside_data\output\field_types.py:405: UserWarning: Failed to coerce '41:42' via int, leaving as string
  return {key: get_coercion(key)(value) for key, value in row.items()}
C:\Users\nicolas\Documents\GitHub\courtside-data\courtside_data\output\field_types.py:405: UserWarning: Failed to coerce '39:58' via int, leaving as string
  return {key: get_coercion(key)(value) for key, value in row.items()}
C:\Users\nicolas\Documents\GitHub\courtside-data\courtside_data\output\field_types.py:405: UserWarning: Failed to coerce '40:18' via int, leaving as string
  return {key: get_coercion(key)(value) for key, value in row.items()}
C:\Users\nicolas\Documents\GitHub\courtside-data\courtside_data\output\field_types.py:405: UserWarning: Failed to coerce '40:39' via int, leaving as string
  return {key: get_coercion(key)(value) for key, value in row.items()}
C:\Users\nicolas\Documents\GitHub\courtside-data\courtside_data\output\field_types.py:405: UserWarning: Failed to coerce 'R. Westbrook' via int, leaving as string
  return {key: get_coercion(key)(value) for key, value in row.items()}
C:\Users\nicolas\Documents\GitHub\courtside-data\courtside_data\output\field_types.py:405: UserWarning: Failed to coerce '32:14' via int, leaving as string
  return {key: get_coercion(key)(value) for key, value in row.items()}
C:\Users\nicolas\Documents\GitHub\courtside-data\courtside_data\output\field_types.py:405: UserWarning: Failed to coerce 'J. Posey' via int, leaving as string
  return {key: get_coercion(key)(value) for key, value in row.items()}
C:\Users\nicolas\Documents\GitHub\courtside-data\courtside_data\output\field_types.py:405: UserWarning: Failed to coerce '38:58' via int, leaving as string
  return {key: get_coercion(key)(value) for key, value in row.items()}
C:\Users\nicolas\Documents\GitHub\courtside-data\courtside_data\output\field_types.py:405: UserWarning: Failed to coerce '40:03' via int, leaving as string
  return {key: get_coercion(key)(value) for key, value in row.items()}
C:\Users\nicolas\Documents\GitHub\courtside-data\courtside_data\output\field_types.py:405: UserWarning: Failed to coerce '37:57' via int, leaving as string
  return {key: get_coercion(key)(value) for key, value in row.items()}
C:\Users\nicolas\Documents\GitHub\courtside-data\courtside_data\output\field_types.py:405: UserWarning: Failed to coerce '38:18' via int, leaving as string
  return {key: get_coercion(key)(value) for key, value in row.items()}
C:\Users\nicolas\Documents\GitHub\courtside-data\courtside_data\output\field_types.py:405: UserWarning: Failed to coerce '42:07' via int, leaving as string
  return {key: get_coercion(key)(value) for key, value in row.items()}
C:\Users\nicolas\Documents\GitHub\courtside-data\courtside_data\output\field_types.py:405: UserWarning: Failed to coerce 'T. Parker' via int, leaving as string
  return {key: get_coercion(key)(value) for key, value in row.items()}
C:\Users\nicolas\Documents\GitHub\courtside-data\courtside_data\output\field_types.py:405: UserWarning: Failed to coerce '26:41' via int, leaving as string
  return {key: get_coercion(key)(value) for key, value in row.items()}
C:\Users\nicolas\Documents\GitHub\courtside-data\courtside_data\output\field_types.py:405: UserWarning: Failed to coerce '40:40' via int, leaving as string
  return {key: get_coercion(key)(value) for key, value in row.items()}
C:\Users\nicolas\Documents\GitHub\courtside-data\courtside_data\output\field_types.py:405: UserWarning: Failed to coerce '37:45' via int, leaving as string
  return {key: get_coercion(key)(value) for key, value in row.items()}
C:\Users\nicolas\Documents\GitHub\courtside-data\courtside_data\output\field_types.py:405: UserWarning: Failed to coerce '29:28' via int, leaving as string
  return {key: get_coercion(key)(value) for key, value in row.items()}
C:\Users\nicolas\Documents\GitHub\courtside-data\courtside_data\output\field_types.py:405: UserWarning: Failed to coerce 'S. Blake' via int, leaving as string
  return {key: get_coercion(key)(value) for key, value in row.items()}
C:\Users\nicolas\Documents\GitHub\courtside-data\courtside_data\output\field_types.py:405: UserWarning: Failed to coerce '40:07' via int, leaving as string
  return {key: get_coercion(key)(value) for key, value in row.items()}
C:\Users\nicolas\Documents\GitHub\courtside-data\courtside_data\output\field_types.py:405: UserWarning: Failed to coerce '43:14' via int, leaving as string
  return {key: get_coercion(key)(value) for key, value in row.items()}
C:\Users\nicolas\Documents\GitHub\courtside-data\courtside_data\output\field_types.py:405: UserWarning: Failed to coerce 'A. Bogut' via int, leaving as string
  return {key: get_coercion(key)(value) for key, value in row.items()}
C:\Users\nicolas\Documents\GitHub\courtside-data\courtside_data\output\field_types.py:405: UserWarning: Failed to coerce '24:00' via int, leaving as string
  return {key: get_coercion(key)(value) for key, value in row.items()}
C:\Users\nicolas\Documents\GitHub\courtside-data\courtside_data\output\field_types.py:405: UserWarning: Failed to coerce '40:47' via int, leaving as string
  return {key: get_coercion(key)(value) for key, value in row.items()}
C:\Users\nicolas\Documents\GitHub\courtside-data\courtside_data\output\field_types.py:405: UserWarning: Failed to coerce '36:55' via int, leaving as string
  return {key: get_coercion(key)(value) for key, value in row.items()}
C:\Users\nicolas\Documents\GitHub\courtside-data\courtside_data\output\field_types.py:405: UserWarning: Failed to coerce '27:26' via int, leaving as string
  return {key: get_coercion(key)(value) for key, value in row.items()}
C:\Users\nicolas\Documents\GitHub\courtside-data\courtside_data\output\field_types.py:405: UserWarning: Failed to coerce '47:54' via int, leaving as string
  return {key: get_coercion(key)(value) for key, value in row.items()}
C:\Users\nicolas\Documents\GitHub\courtside-data\courtside_data\output\field_types.py:405: UserWarning: Failed to coerce '39:34' via int, leaving as string
  return {key: get_coercion(key)(value) for key, value in row.items()}
C:\Users\nicolas\Documents\GitHub\courtside-data\courtside_data\output\field_types.py:405: UserWarning: Failed to coerce '36:23' via int, leaving as string
  return {key: get_coercion(key)(value) for key, value in row.items()}
C:\Users\nicolas\Documents\GitHub\courtside-data\courtside_data\output\field_types.py:405: UserWarning: Failed to coerce '38:34' via int, leaving as string
  return {key: get_coercion(key)(value) for key, value in row.items()}
C:\Users\nicolas\Documents\GitHub\courtside-data\courtside_data\output\field_types.py:405: UserWarning: Failed to coerce 'J. Terry' via int, leaving as string
  return {key: get_coercion(key)(value) for key, value in row.items()}
C:\Users\nicolas\Documents\GitHub\courtside-data\courtside_data\output\field_types.py:405: UserWarning: Failed to coerce '27:55' via int, leaving as string
  return {key: get_coercion(key)(value) for key, value in row.items()}
C:\Users\nicolas\Documents\GitHub\courtside-data\courtside_data\output\field_types.py:405: UserWarning: Failed to coerce '26:38' via int, leaving as string
  return {key: get_coercion(key)(value) for key, value in row.items()}
C:\Users\nicolas\Documents\GitHub\courtside-data\courtside_data\output\field_types.py:405: UserWarning: Failed to coerce '35:35' via int, leaving as string
  return {key: get_coercion(key)(value) for key, value in row.items()}
C:\Users\nicolas\Documents\GitHub\courtside-data\courtside_data\output\field_types.py:405: UserWarning: Failed to coerce '44:19' via int, leaving as string
  return {key: get_coercion(key)(value) for key, value in row.items()}
C:\Users\nicolas\Documents\GitHub\courtside-data\courtside_data\output\field_types.py:405: UserWarning: Failed to coerce '46:57' via int, leaving as string
  return {key: get_coercion(key)(value) for key, value in row.items()}
C:\Users\nicolas\Documents\GitHub\courtside-data\courtside_data\output\field_types.py:405: UserWarning: Failed to coerce '30:10' via int, leaving as string
  return {key: get_coercion(key)(value) for key, value in row.items()}
C:\Users\nicolas\Documents\GitHub\courtside-data\courtside_data\output\field_types.py:405: UserWarning: Failed to coerce 'E. Watson' via int, leaving as string
  return {key: get_coercion(key)(value) for key, value in row.items()}
C:\Users\nicolas\Documents\GitHub\courtside-data\courtside_data\output\field_types.py:405: UserWarning: Failed to coerce '44:38' via int, leaving as string
  return {key: get_coercion(key)(value) for key, value in row.items()}
C:\Users\nicolas\Documents\GitHub\courtside-data\courtside_data\output\field_types.py:405: UserWarning: Failed to coerce 'T. Hassell' via int, leaving as string
  return {key: get_coercion(key)(value) for key, value in row.items()}
C:\Users\nicolas\Documents\GitHub\courtside-data\courtside_data\output\field_types.py:405: UserWarning: Failed to coerce '34:54' via int, leaving as string
  return {key: get_coercion(key)(value) for key, value in row.items()}
C:\Users\nicolas\Documents\GitHub\courtside-data\courtside_data\output\field_types.py:405: UserWarning: Failed to coerce '38:14' via int, leaving as string
  return {key: get_coercion(key)(value) for key, value in row.items()}
C:\Users\nicolas\Documents\GitHub\courtside-data\courtside_data\output\field_types.py:405: UserWarning: Failed to coerce '38:38' via int, leaving as string
  return {key: get_coercion(key)(value) for key, value in row.items()}
C:\Users\nicolas\Documents\GitHub\courtside-data\courtside_data\output\field_types.py:405: UserWarning: Failed to coerce '35:38' via int, leaving as string
  return {key: get_coercion(key)(value) for key, value in row.items()}
C:\Users\nicolas\Documents\GitHub\courtside-data\courtside_data\output\field_types.py:405: UserWarning: Failed to coerce '16:59' via int, leaving as string
  return {key: get_coercion(key)(value) for key, value in row.items()}
C:\Users\nicolas\Documents\GitHub\courtside-data\courtside_data\output\field_types.py:405: UserWarning: Failed to coerce '29:13' via int, leaving as string
  return {key: get_coercion(key)(value) for key, value in row.items()}
C:\Users\nicolas\Documents\GitHub\courtside-data\courtside_data\output\field_types.py:405: UserWarning: Failed to coerce '39:04' via int, leaving as string
  return {key: get_coercion(key)(value) for key, value in row.items()}
C:\Users\nicolas\Documents\GitHub\courtside-data\courtside_data\output\field_types.py:405: UserWarning: Failed to coerce '32:24' via int, leaving as string
  return {key: get_coercion(key)(value) for key, value in row.items()}
C:\Users\nicolas\Documents\GitHub\courtside-data\courtside_data\output\field_types.py:405: UserWarning: Failed to coerce '41:19' via int, leaving as string
  return {key: get_coercion(key)(value) for key, value in row.items()}
C:\Users\nicolas\Documents\GitHub\courtside-data\courtside_data\output\field_types.py:405: UserWarning: Failed to coerce '43:55' via int, leaving as string
  return {key: get_coercion(key)(value) for key, value in row.items()}
C:\Users\nicolas\Documents\GitHub\courtside-data\courtside_data\output\field_types.py:405: UserWarning: Failed to coerce '29:11' via int, leaving as string
  return {key: get_coercion(key)(value) for key, value in row.items()}
C:\Users\nicolas\Documents\GitHub\courtside-data\courtside_data\output\field_types.py:405: UserWarning: Failed to coerce 'J. Crawford' via int, leaving as string
  return {key: get_coercion(key)(value) for key, value in row.items()}
C:\Users\nicolas\Documents\GitHub\courtside-data\courtside_data\output\field_types.py:405: UserWarning: Failed to coerce '49:04' via int, leaving as string
  return {key: get_coercion(key)(value) for key, value in row.items()}
C:\Users\nicolas\Documents\GitHub\courtside-data\courtside_data\output\field_types.py:405: UserWarning: Failed to coerce '45:06' via int, leaving as string
  return {key: get_coercion(key)(value) for key, value in row.items()}
C:\Users\nicolas\Documents\GitHub\courtside-data\courtside_data\output\field_types.py:405: UserWarning: Failed to coerce '38:01' via int, leaving as string
  return {key: get_coercion(key)(value) for key, value in row.items()}
C:\Users\nicolas\Documents\GitHub\courtside-data\courtside_data\output\field_types.py:405: UserWarning: Failed to coerce '27:16' via int, leaving as string
  return {key: get_coercion(key)(value) for key, value in row.items()}
C:\Users\nicolas\Documents\GitHub\courtside-data\courtside_data\output\field_types.py:405: UserWarning: Failed to coerce '24:20' via int, leaving as string
  return {key: get_coercion(key)(value) for key, value in row.items()}
C:\Users\nicolas\Documents\GitHub\courtside-data\courtside_data\output\field_types.py:405: UserWarning: Failed to coerce '38:30' via int, leaving as string
  return {key: get_coercion(key)(value) for key, value in row.items()}
C:\Users\nicolas\Documents\GitHub\courtside-data\courtside_data\output\field_types.py:405: UserWarning: Failed to coerce '27:52' via int, leaving as string
  return {key: get_coercion(key)(value) for key, value in row.items()}
C:\Users\nicolas\Documents\GitHub\courtside-data\courtside_data\output\field_types.py:405: UserWarning: Failed to coerce '34:19' via int, leaving as string
  return {key: get_coercion(key)(value) for key, value in row.items()}
C:\Users\nicolas\Documents\GitHub\courtside-data\courtside_data\output\field_types.py:405: UserWarning: Failed to coerce '20:25' via int, leaving as string
  return {key: get_coercion(key)(value) for key, value in row.items()}
C:\Users\nicolas\Documents\GitHub\courtside-data\courtside_data\output\field_types.py:405: UserWarning: Failed to coerce '42:36' via int, leaving as string
  return {key: get_coercion(key)(value) for key, value in row.items()}
C:\Users\nicolas\Documents\GitHub\courtside-data\courtside_data\output\field_types.py:405: UserWarning: Failed to coerce '40:54' via int, leaving as string
  return {key: get_coercion(key)(value) for key, value in row.items()}
C:\Users\nicolas\Documents\GitHub\courtside-data\courtside_data\output\field_types.py:405: UserWarning: Failed to coerce 'D. Mason' via int, leaving as string
  return {key: get_coercion(key)(value) for key, value in row.items()}
C:\Users\nicolas\Documents\GitHub\courtside-data\courtside_data\output\field_types.py:405: UserWarning: Failed to coerce '39:49' via int, leaving as string
  return {key: get_coercion(key)(value) for key, value in row.items()}
C:\Users\nicolas\Documents\GitHub\courtside-data\courtside_data\output\field_types.py:405: UserWarning: Failed to coerce '51:04' via int, leaving as string
  return {key: get_coercion(key)(value) for key, value in row.items()}
C:\Users\nicolas\Documents\GitHub\courtside-data\courtside_data\output\field_types.py:405: UserWarning: Failed to coerce '45:41' via int, leaving as string
  return {key: get_coercion(key)(value) for key, value in row.items()}
C:\Users\nicolas\Documents\GitHub\courtside-data\courtside_data\output\field_types.py:405: UserWarning: Failed to coerce 'T. Kuko\u010d' via int, leaving as string
  return {key: get_coercion(key)(value) for key, value in row.items()}
C:\Users\nicolas\Documents\GitHub\courtside-data\courtside_data\output\field_types.py:405: UserWarning: Failed to coerce '28:05' via int, leaving as string
  return {key: get_coercion(key)(value) for key, value in row.items()}
C:\Users\nicolas\Documents\GitHub\courtside-data\courtside_data\output\field_types.py:405: UserWarning: Failed to coerce 'B. Miller' via int, leaving as string
  return {key: get_coercion(key)(value) for key, value in row.items()}
C:\Users\nicolas\Documents\GitHub\courtside-data\courtside_data\output\field_types.py:405: UserWarning: Failed to coerce '41:24' via int, leaving as string
  return {key: get_coercion(key)(value) for key, value in row.items()}
C:\Users\nicolas\Documents\GitHub\courtside-data\courtside_data\output\field_types.py:405: UserWarning: Failed to coerce '34:47' via int, leaving as string
  return {key: get_coercion(key)(value) for key, value in row.items()}
C:\Users\nicolas\Documents\GitHub\courtside-data\courtside_data\output\field_types.py:405: UserWarning: Failed to coerce 'M. Daniels' via int, leaving as string
  return {key: get_coercion(key)(value) for key, value in row.items()}
C:\Users\nicolas\Documents\GitHub\courtside-data\courtside_data\output\field_types.py:405: UserWarning: Failed to coerce 'S. Marbury' via int, leaving as string
  return {key: get_coercion(key)(value) for key, value in row.items()}
C:\Users\nicolas\Documents\GitHub\courtside-data\courtside_data\output\field_types.py:405: UserWarning: Failed to coerce '38:12' via int, leaving as string
  return {key: get_coercion(key)(value) for key, value in row.items()}
C:\Users\nicolas\Documents\GitHub\courtside-data\courtside_data\output\field_types.py:405: UserWarning: Failed to coerce '24:57' via int, leaving as string
  return {key: get_coercion(key)(value) for key, value in row.items()}
C:\Users\nicolas\Documents\GitHub\courtside-data\courtside_data\output\field_types.py:405: UserWarning: Failed to coerce 'T. Prince' via int, leaving as string
  return {key: get_coercion(key)(value) for key, value in row.items()}
C:\Users\nicolas\Documents\GitHub\courtside-data\courtside_data\output\field_types.py:405: UserWarning: Failed to coerce '40:10' via int, leaving as string
  return {key: get_coercion(key)(value) for key, value in row.items()}
C:\Users\nicolas\Documents\GitHub\courtside-data\courtside_data\output\field_types.py:405: UserWarning: Failed to coerce '48:00' via int, leaving as string
  return {key: get_coercion(key)(value) for key, value in row.items()}
C:\Users\nicolas\Documents\GitHub\courtside-data\courtside_data\output\field_types.py:405: UserWarning: Failed to coerce '33:36' via int, leaving as string
  return {key: get_coercion(key)(value) for key, value in row.items()}
C:\Users\nicolas\Documents\GitHub\courtside-data\courtside_data\output\field_types.py:405: UserWarning: Failed to coerce '36:44' via int, leaving as string
  return {key: get_coercion(key)(value) for key, value in row.items()}
C:\Users\nicolas\Documents\GitHub\courtside-data\courtside_data\output\field_types.py:405: UserWarning: Failed to coerce 'J. Richardson' via int, leaving as string
  return {key: get_coercion(key)(value) for key, value in row.items()}
C:\Users\nicolas\Documents\GitHub\courtside-data\courtside_data\output\field_types.py:405: UserWarning: Failed to coerce '16:10' via int, leaving as string
  return {key: get_coercion(key)(value) for key, value in row.items()}
C:\Users\nicolas\Documents\GitHub\courtside-data\courtside_data\output\field_types.py:405: UserWarning: Failed to coerce '38:17' via int, leaving as string
  return {key: get_coercion(key)(value) for key, value in row.items()}
C:\Users\nicolas\Documents\GitHub\courtside-data\courtside_data\output\field_types.py:405: UserWarning: Failed to coerce 'P. Stojakovi\u0107' via int, leaving as string
  return {key: get_coercion(key)(value) for key, value in row.items()}
C:\Users\nicolas\Documents\GitHub\courtside-data\courtside_data\output\field_types.py:405: UserWarning: Failed to coerce '44:45' via int, leaving as string
  return {key: get_coercion(key)(value) for key, value in row.items()}
C:\Users\nicolas\Documents\GitHub\courtside-data\courtside_data\output\field_types.py:405: UserWarning: Failed to coerce 'D. Anderson' via int, leaving as string
  return {key: get_coercion(key)(value) for key, value in row.items()}
C:\Users\nicolas\Documents\GitHub\courtside-data\courtside_data\output\field_types.py:405: UserWarning: Failed to coerce '36:53' via int, leaving as string
  return {key: get_coercion(key)(value) for key, value in row.items()}
C:\Users\nicolas\Documents\GitHub\courtside-data\courtside_data\output\field_types.py:405: UserWarning: Failed to coerce 'K. Thomas' via int, leaving as string
  return {key: get_coercion(key)(value) for key, value in row.items()}
C:\Users\nicolas\Documents\GitHub\courtside-data\courtside_data\output\field_types.py:405: UserWarning: Failed to coerce '33:29' via int, leaving as string
  return {key: get_coercion(key)(value) for key, value in row.items()}
C:\Users\nicolas\Documents\GitHub\courtside-data\courtside_data\output\field_types.py:405: UserWarning: Failed to coerce '20:12' via int, leaving as string
  return {key: get_coercion(key)(value) for key, value in row.items()}
C:\Users\nicolas\Documents\GitHub\courtside-data\courtside_data\output\field_types.py:405: UserWarning: Failed to coerce '36:48' via int, leaving as string
  return {key: get_coercion(key)(value) for key, value in row.items()}
C:\Users\nicolas\Documents\GitHub\courtside-data\courtside_data\output\field_types.py:405: UserWarning: Failed to coerce '42:15' via int, leaving as string
  return {key: get_coercion(key)(value) for key, value in row.items()}
C:\Users\nicolas\Documents\GitHub\courtside-data\courtside_data\output\field_types.py:405: UserWarning: Failed to coerce '36:31' via int, leaving as string
  return {key: get_coercion(key)(value) for key, value in row.items()}
C:\Users\nicolas\Documents\GitHub\courtside-data\courtside_data\output\field_types.py:405: UserWarning: Failed to coerce '39:27' via int, leaving as string
  return {key: get_coercion(key)(value) for key, value in row.items()}
C:\Users\nicolas\Documents\GitHub\courtside-data\courtside_data\output\field_types.py:405: UserWarning: Failed to coerce '46:53' via int, leaving as string
  return {key: get_coercion(key)(value) for key, value in row.items()}
C:\Users\nicolas\Documents\GitHub\courtside-data\courtside_data\output\field_types.py:405: UserWarning: Failed to coerce 'A. Hardaway' via int, leaving as string
  return {key: get_coercion(key)(value) for key, value in row.items()}
C:\Users\nicolas\Documents\GitHub\courtside-data\courtside_data\output\field_types.py:405: UserWarning: Failed to coerce '39:41' via int, leaving as string
  return {key: get_coercion(key)(value) for key, value in row.items()}
C:\Users\nicolas\Documents\GitHub\courtside-data\courtside_data\output\field_types.py:405: UserWarning: Failed to coerce '43:42' via int, leaving as string
  return {key: get_coercion(key)(value) for key, value in row.items()}
C:\Users\nicolas\Documents\GitHub\courtside-data\courtside_data\output\field_types.py:405: UserWarning: Failed to coerce '40:29' via int, leaving as string
  return {key: get_coercion(key)(value) for key, value in row.items()}
C:\Users\nicolas\Documents\GitHub\courtside-data\courtside_data\output\field_types.py:405: UserWarning: Failed to coerce 'G. Payton' via int, leaving as string
  return {key: get_coercion(key)(value) for key, value in row.items()}
C:\Users\nicolas\Documents\GitHub\courtside-data\courtside_data\output\field_types.py:405: UserWarning: Failed to coerce '24:18' via int, leaving as string
  return {key: get_coercion(key)(value) for key, value in row.items()}
C:\Users\nicolas\Documents\GitHub\courtside-data\courtside_data\output\field_types.py:405: UserWarning: Failed to coerce '53:28' via int, leaving as string
  return {key: get_coercion(key)(value) for key, value in row.items()}
C:\Users\nicolas\Documents\GitHub\courtside-data\courtside_data\output\field_types.py:405: UserWarning: Failed to coerce '24:27' via int, leaving as string
  return {key: get_coercion(key)(value) for key, value in row.items()}
C:\Users\nicolas\Documents\GitHub\courtside-data\courtside_data\output\field_types.py:405: UserWarning: Failed to coerce '43:20' via int, leaving as string
  return {key: get_coercion(key)(value) for key, value in row.items()}
C:\Users\nicolas\Documents\GitHub\courtside-data\courtside_data\output\field_types.py:405: UserWarning: Failed to coerce 'R. Bell' via int, leaving as string
  return {key: get_coercion(key)(value) for key, value in row.items()}
C:\Users\nicolas\Documents\GitHub\courtside-data\courtside_data\output\field_types.py:405: UserWarning: Failed to coerce '35:02' via int, leaving as string
  return {key: get_coercion(key)(value) for key, value in row.items()}
C:\Users\nicolas\Documents\GitHub\courtside-data\courtside_data\output\field_types.py:405: UserWarning: Failed to coerce '45:51' via int, leaving as string
  return {key: get_coercion(key)(value) for key, value in row.items()}
C:\Users\nicolas\Documents\GitHub\courtside-data\courtside_data\output\field_types.py:405: UserWarning: Failed to coerce 'C. Mobley' via int, leaving as string
  return {key: get_coercion(key)(value) for key, value in row.items()}
C:\Users\nicolas\Documents\GitHub\courtside-data\courtside_data\output\field_types.py:405: UserWarning: Failed to coerce '42:10' via int, leaving as string
  return {key: get_coercion(key)(value) for key, value in row.items()}
C:\Users\nicolas\Documents\GitHub\courtside-data\courtside_data\output\field_types.py:405: UserWarning: Failed to coerce 'M. Finley' via int, leaving as string
  return {key: get_coercion(key)(value) for key, value in row.items()}
C:\Users\nicolas\Documents\GitHub\courtside-data\courtside_data\output\field_types.py:405: UserWarning: Failed to coerce 'D. George' via int, leaving as string
  return {key: get_coercion(key)(value) for key, value in row.items()}
C:\Users\nicolas\Documents\GitHub\courtside-data\courtside_data\output\field_types.py:405: UserWarning: Failed to coerce '30:50' via int, leaving as string
  return {key: get_coercion(key)(value) for key, value in row.items()}
C:\Users\nicolas\Documents\GitHub\courtside-data\courtside_data\output\field_types.py:405: UserWarning: Failed to coerce '19:39' via int, leaving as string
  return {key: get_coercion(key)(value) for key, value in row.items()}
C:\Users\nicolas\Documents\GitHub\courtside-data\courtside_data\output\field_types.py:405: UserWarning: Failed to coerce '38:47' via int, leaving as string
  return {key: get_coercion(key)(value) for key, value in row.items()}
C:\Users\nicolas\Documents\GitHub\courtside-data\courtside_data\output\field_types.py:405: UserWarning: Failed to coerce '35:11' via int, leaving as string
  return {key: get_coercion(key)(value) for key, value in row.items()}
C:\Users\nicolas\Documents\GitHub\courtside-data\courtside_data\output\field_types.py:405: UserWarning: Failed to coerce '53:00' via int, leaving as string
  return {key: get_coercion(key)(value) for key, value in row.items()}
C:\Users\nicolas\Documents\GitHub\courtside-data\courtside_data\output\field_types.py:405: UserWarning: Failed to coerce '40:09' via int, leaving as string
  return {key: get_coercion(key)(value) for key, value in row.items()}
C:\Users\nicolas\Documents\GitHub\courtside-data\courtside_data\output\field_types.py:405: UserWarning: Failed to coerce 'A. Henderson' via int, leaving as string
  return {key: get_coercion(key)(value) for key, value in row.items()}
C:\Users\nicolas\Documents\GitHub\courtside-data\courtside_data\output\field_types.py:405: UserWarning: Failed to coerce '42:50' via int, leaving as string
  return {key: get_coercion(key)(value) for key, value in row.items()}
C:\Users\nicolas\Documents\GitHub\courtside-data\courtside_data\output\field_types.py:405: UserWarning: Failed to coerce '43:40' via int, leaving as string
  return {key: get_coercion(key)(value) for key, value in row.items()}
C:\Users\nicolas\Documents\GitHub\courtside-data\courtside_data\output\field_types.py:405: UserWarning: Failed to coerce '34:45' via int, leaving as string
  return {key: get_coercion(key)(value) for key, value in row.items()}
C:\Users\nicolas\Documents\GitHub\courtside-data\courtside_data\output\field_types.py:405: UserWarning: Failed to coerce '28:06' via int, leaving as string
  return {key: get_coercion(key)(value) for key, value in row.items()}
C:\Users\nicolas\Documents\GitHub\courtside-data\courtside_data\output\field_types.py:405: UserWarning: Failed to coerce 'A. Peeler' via int, leaving as string
  return {key: get_coercion(key)(value) for key, value in row.items()}
C:\Users\nicolas\Documents\GitHub\courtside-data\courtside_data\output\field_types.py:405: UserWarning: Failed to coerce '35:44' via int, leaving as string
  return {key: get_coercion(key)(value) for key, value in row.items()}
C:\Users\nicolas\Documents\GitHub\courtside-data\courtside_data\output\field_types.py:405: UserWarning: Failed to coerce '42:16' via int, leaving as string
  return {key: get_coercion(key)(value) for key, value in row.items()}
C:\Users\nicolas\Documents\GitHub\courtside-data\courtside_data\output\field_types.py:405: UserWarning: Failed to coerce 'E. Strickland' via int, leaving as string
  return {key: get_coercion(key)(value) for key, value in row.items()}
C:\Users\nicolas\Documents\GitHub\courtside-data\courtside_data\output\field_types.py:405: UserWarning: Failed to coerce '42:11' via int, leaving as string
  return {key: get_coercion(key)(value) for key, value in row.items()}
C:\Users\nicolas\Documents\GitHub\courtside-data\courtside_data\output\field_types.py:405: UserWarning: Failed to coerce '40:00' via int, leaving as string
  return {key: get_coercion(key)(value) for key, value in row.items()}
C:\Users\nicolas\Documents\GitHub\courtside-data\courtside_data\output\field_types.py:405: UserWarning: Failed to coerce 'S. Pippen' via int, leaving as string
  return {key: get_coercion(key)(value) for key, value in row.items()}
C:\Users\nicolas\Documents\GitHub\courtside-data\courtside_data\output\field_types.py:405: UserWarning: Failed to coerce '29:08' via int, leaving as string
  return {key: get_coercion(key)(value) for key, value in row.items()}
C:\Users\nicolas\Documents\GitHub\courtside-data\courtside_data\output\field_types.py:405: UserWarning: Failed to coerce '7:01' via int, leaving as string
  return {key: get_coercion(key)(value) for key, value in row.items()}
C:\Users\nicolas\Documents\GitHub\courtside-data\courtside_data\output\field_types.py:405: UserWarning: Failed to coerce 'D. Harvey' via int, leaving as string
  return {key: get_coercion(key)(value) for key, value in row.items()}
C:\Users\nicolas\Documents\GitHub\courtside-data\courtside_data\output\field_types.py:405: UserWarning: Failed to coerce '18:08' via int, leaving as string
  return {key: get_coercion(key)(value) for key, value in row.items()}
C:\Users\nicolas\Documents\GitHub\courtside-data\courtside_data\output\field_types.py:405: UserWarning: Failed to coerce '40:30' via int, leaving as string
  return {key: get_coercion(key)(value) for key, value in row.items()}
C:\Users\nicolas\Documents\GitHub\courtside-data\courtside_data\output\field_types.py:405: UserWarning: Failed to coerce '38:19' via int, leaving as string
  return {key: get_coercion(key)(value) for key, value in row.items()}
C:\Users\nicolas\Documents\GitHub\courtside-data\courtside_data\output\field_types.py:405: UserWarning: Failed to coerce 'B. Russell' via int, leaving as string
  return {key: get_coercion(key)(value) for key, value in row.items()}
C:\Users\nicolas\Documents\GitHub\courtside-data\courtside_data\output\field_types.py:405: UserWarning: Failed to coerce 'S. Kerr' via int, leaving as string
  return {key: get_coercion(key)(value) for key, value in row.items()}
C:\Users\nicolas\Documents\GitHub\courtside-data\courtside_data\output\field_types.py:405: UserWarning: Failed to coerce '49:22' via int, leaving as string
  return {key: get_coercion(key)(value) for key, value in row.items()}
C:\Users\nicolas\Documents\GitHub\courtside-data\courtside_data\output\field_types.py:405: UserWarning: Failed to coerce '44:13' via int, leaving as string
  return {key: get_coercion(key)(value) for key, value in row.items()}
C:\Users\nicolas\Documents\GitHub\courtside-data\courtside_data\output\field_types.py:405: UserWarning: Failed to coerce '28:44' via int, leaving as string
  return {key: get_coercion(key)(value) for key, value in row.items()}
C:\Users\nicolas\Documents\GitHub\courtside-data\courtside_data\output\field_types.py:405: UserWarning: Failed to coerce '56:16' via int, leaving as string
  return {key: get_coercion(key)(value) for key, value in row.items()}
C:\Users\nicolas\Documents\GitHub\courtside-data\courtside_data\output\field_types.py:405: UserWarning: Failed to coerce '26:20' via int, leaving as string
  return {key: get_coercion(key)(value) for key, value in row.items()}
C:\Users\nicolas\Documents\GitHub\courtside-data\courtside_data\output\field_types.py:405: UserWarning: Failed to coerce '41:43' via int, leaving as string
  return {key: get_coercion(key)(value) for key, value in row.items()}
C:\Users\nicolas\Documents\GitHub\courtside-data\courtside_data\output\field_types.py:405: UserWarning: Failed to coerce 'E. Campbell' via int, leaving as string
  return {key: get_coercion(key)(value) for key, value in row.items()}
C:\Users\nicolas\Documents\GitHub\courtside-data\courtside_data\output\field_types.py:405: UserWarning: Failed to coerce 'P. Jones' via int, leaving as string
  return {key: get_coercion(key)(value) for key, value in row.items()}
C:\Users\nicolas\Documents\GitHub\courtside-data\courtside_data\output\field_types.py:405: UserWarning: Failed to coerce '39:35' via int, leaving as string
  return {key: get_coercion(key)(value) for key, value in row.items()}
C:\Users\nicolas\Documents\GitHub\courtside-data\courtside_data\output\field_types.py:405: UserWarning: Failed to coerce 'S. Francis' via int, leaving as string
  return {key: get_coercion(key)(value) for key, value in row.items()}
C:\Users\nicolas\Documents\GitHub\courtside-data\courtside_data\output\field_types.py:405: UserWarning: Failed to coerce 'R. Rogers' via int, leaving as string
  return {key: get_coercion(key)(value) for key, value in row.items()}
C:\Users\nicolas\Documents\GitHub\courtside-data\courtside_data\output\field_types.py:405: UserWarning: Failed to coerce '30:52' via int, leaving as string
  return {key: get_coercion(key)(value) for key, value in row.items()}
C:\Users\nicolas\Documents\GitHub\courtside-data\courtside_data\output\field_types.py:405: UserWarning: Failed to coerce '18:49' via int, leaving as string
  return {key: get_coercion(key)(value) for key, value in row.items()}
C:\Users\nicolas\Documents\GitHub\courtside-data\courtside_data\output\field_types.py:405: UserWarning: Failed to coerce '40:15' via int, leaving as string
  return {key: get_coercion(key)(value) for key, value in row.items()}
C:\Users\nicolas\Documents\GitHub\courtside-data\courtside_data\output\field_types.py:405: UserWarning: Failed to coerce '41:22' via int, leaving as string
  return {key: get_coercion(key)(value) for key, value in row.items()}
C:\Users\nicolas\Documents\GitHub\courtside-data\courtside_data\output\field_types.py:405: UserWarning: Failed to coerce 'D. Nowitzki' via int, leaving as string
  return {key: get_coercion(key)(value) for key, value in row.items()}
C:\Users\nicolas\Documents\GitHub\courtside-data\courtside_data\output\field_types.py:405: UserWarning: Failed to coerce '41:33' via int, leaving as string
  return {key: get_coercion(key)(value) for key, value in row.items()}
C:\Users\nicolas\Documents\GitHub\courtside-data\courtside_data\output\field_types.py:405: UserWarning: Failed to coerce 'B. Drew' via int, leaving as string
  return {key: get_coercion(key)(value) for key, value in row.items()}
C:\Users\nicolas\Documents\GitHub\courtside-data\courtside_data\output\field_types.py:405: UserWarning: Failed to coerce 'B. Barry' via int, leaving as string
  return {key: get_coercion(key)(value) for key, value in row.items()}
C:\Users\nicolas\Documents\GitHub\courtside-data\courtside_data\output\field_types.py:405: UserWarning: Failed to coerce '27:42' via int, leaving as string
  return {key: get_coercion(key)(value) for key, value in row.items()}
C:\Users\nicolas\Documents\GitHub\courtside-data\courtside_data\output\field_types.py:405: UserWarning: Failed to coerce '17:05' via int, leaving as string
  return {key: get_coercion(key)(value) for key, value in row.items()}
C:\Users\nicolas\Documents\GitHub\courtside-data\courtside_data\output\field_types.py:405: UserWarning: Failed to coerce '19:13' via int, leaving as string
  return {key: get_coercion(key)(value) for key, value in row.items()}
C:\Users\nicolas\Documents\GitHub\courtside-data\courtside_data\output\field_types.py:405: UserWarning: Failed to coerce 'M. Palacio' via int, leaving as string
  return {key: get_coercion(key)(value) for key, value in row.items()}
C:\Users\nicolas\Documents\GitHub\courtside-data\courtside_data\output\field_types.py:405: UserWarning: Failed to coerce '43:05' via int, leaving as string
  return {key: get_coercion(key)(value) for key, value in row.items()}
C:\Users\nicolas\Documents\GitHub\courtside-data\courtside_data\output\field_types.py:405: UserWarning: Failed to coerce 'S. Mitchell' via int, leaving as string
  return {key: get_coercion(key)(value) for key, value in row.items()}
C:\Users\nicolas\Documents\GitHub\courtside-data\courtside_data\output\field_types.py:405: UserWarning: Failed to coerce '39:08' via int, leaving as string
  return {key: get_coercion(key)(value) for key, value in row.items()}
C:\Users\nicolas\Documents\GitHub\courtside-data\courtside_data\output\field_types.py:405: UserWarning: Failed to coerce 'A. Mason' via int, leaving as string
  return {key: get_coercion(key)(value) for key, value in row.items()}
C:\Users\nicolas\Documents\GitHub\courtside-data\courtside_data\output\field_types.py:405: UserWarning: Failed to coerce '33:16' via int, leaving as string
  return {key: get_coercion(key)(value) for key, value in row.items()}
C:\Users\nicolas\Documents\GitHub\courtside-data\courtside_data\output\field_types.py:405: UserWarning: Failed to coerce '39:28' via int, leaving as string
  return {key: get_coercion(key)(value) for key, value in row.items()}
C:\Users\nicolas\Documents\GitHub\courtside-data\courtside_data\output\field_types.py:405: UserWarning: Failed to coerce '41:21' via int, leaving as string
  return {key: get_coercion(key)(value) for key, value in row.items()}
C:\Users\nicolas\Documents\GitHub\courtside-data\courtside_data\output\field_types.py:405: UserWarning: Failed to coerce '24:48' via int, leaving as string
  return {key: get_coercion(key)(value) for key, value in row.items()}
C:\Users\nicolas\Documents\GitHub\courtside-data\courtside_data\output\field_types.py:405: UserWarning: Failed to coerce '39:43' via int, leaving as string
  return {key: get_coercion(key)(value) for key, value in row.items()}
C:\Users\nicolas\Documents\GitHub\courtside-data\courtside_data\output\field_types.py:405: UserWarning: Failed to coerce 'T. McGrady' via int, leaving as string
  return {key: get_coercion(key)(value) for key, value in row.items()}
C:\Users\nicolas\Documents\GitHub\courtside-data\courtside_data\output\field_types.py:405: UserWarning: Failed to coerce '39:56' via int, leaving as string
  return {key: get_coercion(key)(value) for key, value in row.items()}
C:\Users\nicolas\Documents\GitHub\courtside-data\courtside_data\output\field_types.py:405: UserWarning: Failed to coerce '15:16' via int, leaving as string
  return {key: get_coercion(key)(value) for key, value in row.items()}
C:\Users\nicolas\Documents\GitHub\courtside-data\courtside_data\output\field_types.py:405: UserWarning: Failed to coerce '33:35' via int, leaving as string
  return {key: get_coercion(key)(value) for key, value in row.items()}
C:\Users\nicolas\Documents\GitHub\courtside-data\courtside_data\output\field_types.py:405: UserWarning: Failed to coerce '40:55' via int, leaving as string
  return {key: get_coercion(key)(value) for key, value in row.items()}
C:\Users\nicolas\Documents\GitHub\courtside-data\courtside_data\output\field_types.py:405: UserWarning: Failed to coerce '15:27' via int, leaving as string
  return {key: get_coercion(key)(value) for key, value in row.items()}
C:\Users\nicolas\Documents\GitHub\courtside-data\courtside_data\output\field_types.py:405: UserWarning: Failed to coerce 'V. Del Negro' via int, leaving as string
  return {key: get_coercion(key)(value) for key, value in row.items()}
C:\Users\nicolas\Documents\GitHub\courtside-data\courtside_data\output\field_types.py:405: UserWarning: Failed to coerce '38:04' via int, leaving as string
  return {key: get_coercion(key)(value) for key, value in row.items()}
C:\Users\nicolas\Documents\GitHub\courtside-data\courtside_data\output\field_types.py:405: UserWarning: Failed to coerce 'D. Scott' via int, leaving as string
  return {key: get_coercion(key)(value) for key, value in row.items()}
C:\Users\nicolas\Documents\GitHub\courtside-data\courtside_data\output\field_types.py:405: UserWarning: Failed to coerce 'E. Davis' via int, leaving as string
  return {key: get_coercion(key)(value) for key, value in row.items()}
C:\Users\nicolas\Documents\GitHub\courtside-data\courtside_data\output\field_types.py:405: UserWarning: Failed to coerce '3:06' via int, leaving as string
  return {key: get_coercion(key)(value) for key, value in row.items()}
C:\Users\nicolas\Documents\GitHub\courtside-data\courtside_data\output\field_types.py:405: UserWarning: Failed to coerce '41:11' via int, leaving as string
  return {key: get_coercion(key)(value) for key, value in row.items()}
C:\Users\nicolas\Documents\GitHub\courtside-data\courtside_data\output\field_types.py:405: UserWarning: Failed to coerce 'G. Hill' via int, leaving as string
  return {key: get_coercion(key)(value) for key, value in row.items()}
C:\Users\nicolas\Documents\GitHub\courtside-data\courtside_data\output\field_types.py:405: UserWarning: Failed to coerce '30:37' via int, leaving as string
  return {key: get_coercion(key)(value) for key, value in row.items()}
C:\Users\nicolas\Documents\GitHub\courtside-data\courtside_data\output\field_types.py:405: UserWarning: Failed to coerce '27:00' via int, leaving as string
  return {key: get_coercion(key)(value) for key, value in row.items()}
C:\Users\nicolas\Documents\GitHub\courtside-data\courtside_data\output\field_types.py:405: UserWarning: Failed to coerce 'A. McKie' via int, leaving as string
  return {key: get_coercion(key)(value) for key, value in row.items()}
C:\Users\nicolas\Documents\GitHub\courtside-data\courtside_data\output\field_types.py:405: UserWarning: Failed to coerce '41:02' via int, leaving as string
  return {key: get_coercion(key)(value) for key, value in row.items()}
C:\Users\nicolas\Documents\GitHub\courtside-data\courtside_data\output\field_types.py:405: UserWarning: Failed to coerce '34:32' via int, leaving as string
  return {key: get_coercion(key)(value) for key, value in row.items()}
C:\Users\nicolas\Documents\GitHub\courtside-data\courtside_data\output\field_types.py:405: UserWarning: Failed to coerce '36:29' via int, leaving as string
  return {key: get_coercion(key)(value) for key, value in row.items()}
C:\Users\nicolas\Documents\GitHub\courtside-data\courtside_data\output\field_types.py:405: UserWarning: Failed to coerce '37:19' via int, leaving as string
  return {key: get_coercion(key)(value) for key, value in row.items()}
C:\Users\nicolas\Documents\GitHub\courtside-data\courtside_data\output\field_types.py:405: UserWarning: Failed to coerce '41:23' via int, leaving as string
  return {key: get_coercion(key)(value) for key, value in row.items()}
C:\Users\nicolas\Documents\GitHub\courtside-data\courtside_data\output\field_types.py:405: UserWarning: Failed to coerce '30:32' via int, leaving as string
  return {key: get_coercion(key)(value) for key, value in row.items()}
C:\Users\nicolas\Documents\GitHub\courtside-data\courtside_data\output\field_types.py:405: UserWarning: Failed to coerce '42:14' via int, leaving as string
  return {key: get_coercion(key)(value) for key, value in row.items()}
C:\Users\nicolas\Documents\GitHub\courtside-data\courtside_data\output\field_types.py:405: UserWarning: Failed to coerce '23:43' via int, leaving as string
  return {key: get_coercion(key)(value) for key, value in row.items()}
C:\Users\nicolas\Documents\GitHub\courtside-data\courtside_data\output\field_types.py:405: UserWarning: Failed to coerce 'C. Person' via int, leaving as string
  return {key: get_coercion(key)(value) for key, value in row.items()}
C:\Users\nicolas\Documents\GitHub\courtside-data\courtside_data\output\field_types.py:405: UserWarning: Failed to coerce '34:41' via int, leaving as string
  return {key: get_coercion(key)(value) for key, value in row.items()}
C:\Users\nicolas\Documents\GitHub\courtside-data\courtside_data\output\field_types.py:405: UserWarning: Failed to coerce '36:03' via int, leaving as string
  return {key: get_coercion(key)(value) for key, value in row.items()}
C:\Users\nicolas\Documents\GitHub\courtside-data\courtside_data\output\field_types.py:405: UserWarning: Failed to coerce '56:53' via int, leaving as string
  return {key: get_coercion(key)(value) for key, value in row.items()}
C:\Users\nicolas\Documents\GitHub\courtside-data\courtside_data\output\field_types.py:405: UserWarning: Failed to coerce '37:28' via int, leaving as string
  return {key: get_coercion(key)(value) for key, value in row.items()}
C:\Users\nicolas\Documents\GitHub\courtside-data\courtside_data\output\field_types.py:405: UserWarning: Failed to coerce '44:16' via int, leaving as string
  return {key: get_coercion(key)(value) for key, value in row.items()}
C:\Users\nicolas\Documents\GitHub\courtside-data\courtside_data\output\field_types.py:405: UserWarning: Failed to coerce '40:56' via int, leaving as string
  return {key: get_coercion(key)(value) for key, value in row.items()}
C:\Users\nicolas\Documents\GitHub\courtside-data\courtside_data\output\field_types.py:405: UserWarning: Failed to coerce '41:48' via int, leaving as string
  return {key: get_coercion(key)(value) for key, value in row.items()}
C:\Users\nicolas\Documents\GitHub\courtside-data\courtside_data\output\field_types.py:405: UserWarning: Failed to coerce '35:47' via int, leaving as string
  return {key: get_coercion(key)(value) for key, value in row.items()}
C:\Users\nicolas\Documents\GitHub\courtside-data\courtside_data\output\field_types.py:405: UserWarning: Failed to coerce '39:37' via int, leaving as string
  return {key: get_coercion(key)(value) for key, value in row.items()}
C:\Users\nicolas\Documents\GitHub\courtside-data\courtside_data\output\field_types.py:405: UserWarning: Failed to coerce '40:52' via int, leaving as string
  return {key: get_coercion(key)(value) for key, value in row.items()}
C:\Users\nicolas\Documents\GitHub\courtside-data\courtside_data\output\field_types.py:405: UserWarning: Failed to coerce '37:51' via int, leaving as string
  return {key: get_coercion(key)(value) for key, value in row.items()}
C:\Users\nicolas\Documents\GitHub\courtside-data\courtside_data\output\field_types.py:405: UserWarning: Failed to coerce 'M. Maloney' via int, leaving as string
  return {key: get_coercion(key)(value) for key, value in row.items()}
C:\Users\nicolas\Documents\GitHub\courtside-data\courtside_data\output\field_types.py:405: UserWarning: Failed to coerce '24:04' via int, leaving as string
  return {key: get_coercion(key)(value) for key, value in row.items()}
C:\Users\nicolas\Documents\GitHub\courtside-data\courtside_data\output\field_types.py:405: UserWarning: Failed to coerce '41:04' via int, leaving as string
  return {key: get_coercion(key)(value) for key, value in row.items()}
C:\Users\nicolas\Documents\GitHub\courtside-data\courtside_data\output\field_types.py:405: UserWarning: Failed to coerce '18:47' via int, leaving as string
  return {key: get_coercion(key)(value) for key, value in row.items()}
C:\Users\nicolas\Documents\GitHub\courtside-data\courtside_data\output\field_types.py:405: UserWarning: Failed to coerce '26:29' via int, leaving as string
  return {key: get_coercion(key)(value) for key, value in row.items()}
C:\Users\nicolas\Documents\GitHub\courtside-data\courtside_data\output\field_types.py:405: UserWarning: Failed to coerce '41:51' via int, leaving as string
  return {key: get_coercion(key)(value) for key, value in row.items()}
C:\Users\nicolas\Documents\GitHub\courtside-data\courtside_data\output\field_types.py:405: UserWarning: Failed to coerce 'A. Iverson' via int, leaving as string
  return {key: get_coercion(key)(value) for key, value in row.items()}
C:\Users\nicolas\Documents\GitHub\courtside-data\courtside_data\output\field_types.py:405: UserWarning: Failed to coerce '42:44' via int, leaving as string
  return {key: get_coercion(key)(value) for key, value in row.items()}
C:\Users\nicolas\Documents\GitHub\courtside-data\courtside_data\output\field_types.py:405: UserWarning: Failed to coerce '28:28' via int, leaving as string
  return {key: get_coercion(key)(value) for key, value in row.items()}
C:\Users\nicolas\Documents\GitHub\courtside-data\courtside_data\output\field_types.py:405: UserWarning: Failed to coerce 'V. Askew' via int, leaving as string
  return {key: get_coercion(key)(value) for key, value in row.items()}
C:\Users\nicolas\Documents\GitHub\courtside-data\courtside_data\output\field_types.py:405: UserWarning: Failed to coerce 'D. Radja' via int, leaving as string
  return {key: get_coercion(key)(value) for key, value in row.items()}
C:\Users\nicolas\Documents\GitHub\courtside-data\courtside_data\output\field_types.py:405: UserWarning: Failed to coerce '45:33' via int, leaving as string
  return {key: get_coercion(key)(value) for key, value in row.items()}
C:\Users\nicolas\Documents\GitHub\courtside-data\courtside_data\output\field_types.py:405: UserWarning: Failed to coerce '23:48' via int, leaving as string
  return {key: get_coercion(key)(value) for key, value in row.items()}
C:\Users\nicolas\Documents\GitHub\courtside-data\courtside_data\output\field_types.py:405: UserWarning: Failed to coerce 'R. Horry' via int, leaving as string
  return {key: get_coercion(key)(value) for key, value in row.items()}
C:\Users\nicolas\Documents\GitHub\courtside-data\courtside_data\output\field_types.py:405: UserWarning: Failed to coerce 'C. Ehlo' via int, leaving as string
  return {key: get_coercion(key)(value) for key, value in row.items()}
C:\Users\nicolas\Documents\GitHub\courtside-data\courtside_data\output\field_types.py:405: UserWarning: Failed to coerce '43:00' via int, leaving as string
  return {key: get_coercion(key)(value) for key, value in row.items()}
C:\Users\nicolas\Documents\GitHub\courtside-data\courtside_data\output\field_types.py:405: UserWarning: Failed to coerce '39:00' via int, leaving as string
  return {key: get_coercion(key)(value) for key, value in row.items()}
C:\Users\nicolas\Documents\GitHub\courtside-data\courtside_data\output\field_types.py:405: UserWarning: Failed to coerce 'A. Keefe' via int, leaving as string
  return {key: get_coercion(key)(value) for key, value in row.items()}
C:\Users\nicolas\Documents\GitHub\courtside-data\courtside_data\output\field_types.py:405: UserWarning: Failed to coerce 'B. Reeves' via int, leaving as string
  return {key: get_coercion(key)(value) for key, value in row.items()}
C:\Users\nicolas\Documents\GitHub\courtside-data\courtside_data\output\field_types.py:405: UserWarning: Failed to coerce '34:00' via int, leaving as string
  return {key: get_coercion(key)(value) for key, value in row.items()}
C:\Users\nicolas\Documents\GitHub\courtside-data\courtside_data\output\field_types.py:405: UserWarning: Failed to coerce '36:00' via int, leaving as string
  return {key: get_coercion(key)(value) for key, value in row.items()}
C:\Users\nicolas\Documents\GitHub\courtside-data\courtside_data\output\field_types.py:405: UserWarning: Failed to coerce '38:00' via int, leaving as string
  return {key: get_coercion(key)(value) for key, value in row.items()}
C:\Users\nicolas\Documents\GitHub\courtside-data\courtside_data\output\field_types.py:405: UserWarning: Failed to coerce 'C. Drexler' via int, leaving as string
  return {key: get_coercion(key)(value) for key, value in row.items()}
C:\Users\nicolas\Documents\GitHub\courtside-data\courtside_data\output\field_types.py:405: UserWarning: Failed to coerce '26:00' via int, leaving as string
  return {key: get_coercion(key)(value) for key, value in row.items()}
C:\Users\nicolas\Documents\GitHub\courtside-data\courtside_data\output\field_types.py:405: UserWarning: Failed to coerce 'D. McKey' via int, leaving as string
  return {key: get_coercion(key)(value) for key, value in row.items()}
C:\Users\nicolas\Documents\GitHub\courtside-data\courtside_data\output\field_types.py:405: UserWarning: Failed to coerce 'S. Elliott' via int, leaving as string
  return {key: get_coercion(key)(value) for key, value in row.items()}
C:\Users\nicolas\Documents\GitHub\courtside-data\courtside_data\output\field_types.py:405: UserWarning: Failed to coerce '21:00' via int, leaving as string
  return {key: get_coercion(key)(value) for key, value in row.items()}
C:\Users\nicolas\Documents\GitHub\courtside-data\courtside_data\output\field_types.py:405: UserWarning: Failed to coerce 'D. Rivers' via int, leaving as string
  return {key: get_coercion(key)(value) for key, value in row.items()}
C:\Users\nicolas\Documents\GitHub\courtside-data\courtside_data\output\field_types.py:405: UserWarning: Failed to coerce '37:00' via int, leaving as string
  return {key: get_coercion(key)(value) for key, value in row.items()}
C:\Users\nicolas\Documents\GitHub\courtside-data\courtside_data\output\field_types.py:405: UserWarning: Failed to coerce 'L. Murray' via int, leaving as string
  return {key: get_coercion(key)(value) for key, value in row.items()}
C:\Users\nicolas\Documents\GitHub\courtside-data\courtside_data\output\field_types.py:405: UserWarning: Failed to coerce '46:00' via int, leaving as string
  return {key: get_coercion(key)(value) for key, value in row.items()}
C:\Users\nicolas\Documents\GitHub\courtside-data\courtside_data\output\field_types.py:405: UserWarning: Failed to coerce 'M. Bryant' via int, leaving as string
  return {key: get_coercion(key)(value) for key, value in row.items()}
C:\Users\nicolas\Documents\GitHub\courtside-data\courtside_data\output\field_types.py:405: UserWarning: Failed to coerce '42:00' via int, leaving as string
  return {key: get_coercion(key)(value) for key, value in row.items()}
C:\Users\nicolas\Documents\GitHub\courtside-data\courtside_data\output\field_types.py:405: UserWarning: Failed to coerce 'S. Threatt' via int, leaving as string
  return {key: get_coercion(key)(value) for key, value in row.items()}
C:\Users\nicolas\Documents\GitHub\courtside-data\courtside_data\output\field_types.py:405: UserWarning: Failed to coerce '9:00' via int, leaving as string
  return {key: get_coercion(key)(value) for key, value in row.items()}
C:\Users\nicolas\Documents\GitHub\courtside-data\courtside_data\output\field_types.py:405: UserWarning: Failed to coerce 'P. Myers' via int, leaving as string
  return {key: get_coercion(key)(value) for key, value in row.items()}
C:\Users\nicolas\Documents\GitHub\courtside-data\courtside_data\output\field_types.py:405: UserWarning: Failed to coerce '13:00' via int, leaving as string
  return {key: get_coercion(key)(value) for key, value in row.items()}
C:\Users\nicolas\Documents\GitHub\courtside-data\courtside_data\output\field_types.py:405: UserWarning: Failed to coerce '31:00' via int, leaving as string
  return {key: get_coercion(key)(value) for key, value in row.items()}
C:\Users\nicolas\Documents\GitHub\courtside-data\courtside_data\output\field_types.py:405: UserWarning: Failed to coerce '23:00' via int, leaving as string
  return {key: get_coercion(key)(value) for key, value in row.items()}
C:\Users\nicolas\Documents\GitHub\courtside-data\courtside_data\output\field_types.py:405: UserWarning: Failed to coerce '16:00' via int, leaving as string
  return {key: get_coercion(key)(value) for key, value in row.items()}
C:\Users\nicolas\Documents\GitHub\courtside-data\courtside_data\output\field_types.py:405: UserWarning: Failed to coerce 'A. Johnson' via int, leaving as string
  return {key: get_coercion(key)(value) for key, value in row.items()}
C:\Users\nicolas\Documents\GitHub\courtside-data\courtside_data\output\field_types.py:405: UserWarning: Failed to coerce 'J. Hornacek' via int, leaving as string
  return {key: get_coercion(key)(value) for key, value in row.items()}
C:\Users\nicolas\Documents\GitHub\courtside-data\courtside_data\output\field_types.py:405: UserWarning: Failed to coerce '50:00' via int, leaving as string
  return {key: get_coercion(key)(value) for key, value in row.items()}
C:\Users\nicolas\Documents\GitHub\courtside-data\courtside_data\output\field_types.py:405: UserWarning: Failed to coerce 'L. Johnson' via int, leaving as string
  return {key: get_coercion(key)(value) for key, value in row.items()}
C:\Users\nicolas\Documents\GitHub\courtside-data\courtside_data\output\field_types.py:405: UserWarning: Failed to coerce 'J. Worthy' via int, leaving as string
  return {key: get_coercion(key)(value) for key, value in row.items()}
C:\Users\nicolas\Documents\GitHub\courtside-data\courtside_data\output\field_types.py:405: UserWarning: Failed to coerce 'M. Jackson' via int, leaving as string
  return {key: get_coercion(key)(value) for key, value in row.items()}
C:\Users\nicolas\Documents\GitHub\courtside-data\courtside_data\output\field_types.py:405: UserWarning: Failed to coerce '17:00' via int, leaving as string
  return {key: get_coercion(key)(value) for key, value in row.items()}
C:\Users\nicolas\Documents\GitHub\courtside-data\courtside_data\output\field_types.py:405: UserWarning: Failed to coerce 'M. Price' via int, leaving as string
  return {key: get_coercion(key)(value) for key, value in row.items()}
C:\Users\nicolas\Documents\GitHub\courtside-data\courtside_data\output\field_types.py:405: UserWarning: Failed to coerce 'O. Miller' via int, leaving as string
  return {key: get_coercion(key)(value) for key, value in row.items()}
C:\Users\nicolas\Documents\GitHub\courtside-data\courtside_data\output\field_types.py:405: UserWarning: Failed to coerce 'S. Williams' via int, leaving as string
  return {key: get_coercion(key)(value) for key, value in row.items()}
C:\Users\nicolas\Documents\GitHub\courtside-data\courtside_data\output\field_types.py:405: UserWarning: Failed to coerce '52:00' via int, leaving as string
  return {key: get_coercion(key)(value) for key, value in row.items()}
C:\Users\nicolas\Documents\GitHub\courtside-data\courtside_data\output\field_types.py:405: UserWarning: Failed to coerce '14:00' via int, leaving as string
  return {key: get_coercion(key)(value) for key, value in row.items()}
C:\Users\nicolas\Documents\GitHub\courtside-data\courtside_data\output\field_types.py:405: UserWarning: Failed to coerce 'D. Ferrell' via int, leaving as string
  return {key: get_coercion(key)(value) for key, value in row.items()}
C:\Users\nicolas\Documents\GitHub\courtside-data\courtside_data\output\field_types.py:405: UserWarning: Failed to coerce '29:00' via int, leaving as string
  return {key: get_coercion(key)(value) for key, value in row.items()}
C:\Users\nicolas\Documents\GitHub\courtside-data\courtside_data\output\field_types.py:405: UserWarning: Failed to coerce 'O. Thorpe' via int, leaving as string
  return {key: get_coercion(key)(value) for key, value in row.items()}
C:\Users\nicolas\Documents\GitHub\courtside-data\courtside_data\output\field_types.py:405: UserWarning: Failed to coerce 'N. McMillan' via int, leaving as string
  return {key: get_coercion(key)(value) for key, value in row.items()}
C:\Users\nicolas\Documents\GitHub\courtside-data\courtside_data\output\field_types.py:405: UserWarning: Failed to coerce 'T. Campbell' via int, leaving as string
  return {key: get_coercion(key)(value) for key, value in row.items()}
C:\Users\nicolas\Documents\GitHub\courtside-data\courtside_data\output\field_types.py:405: UserWarning: Failed to coerce 'K. Gill' via int, leaving as string
  return {key: get_coercion(key)(value) for key, value in row.items()}
C:\Users\nicolas\Documents\GitHub\courtside-data\courtside_data\output\field_types.py:405: UserWarning: Failed to coerce 'B. Daugherty' via int, leaving as string
  return {key: get_coercion(key)(value) for key, value in row.items()}
C:\Users\nicolas\Documents\GitHub\courtside-data\courtside_data\output\field_types.py:405: UserWarning: Failed to coerce 'R. Anderson' via int, leaving as string
  return {key: get_coercion(key)(value) for key, value in row.items()}
C:\Users\nicolas\Documents\GitHub\courtside-data\courtside_data\output\field_types.py:405: UserWarning: Failed to coerce 'B. Shaw' via int, leaving as string
  return {key: get_coercion(key)(value) for key, value in row.items()}
C:\Users\nicolas\Documents\GitHub\courtside-data\courtside_data\output\field_types.py:405: UserWarning: Failed to coerce '18:00' via int, leaving as string
  return {key: get_coercion(key)(value) for key, value in row.items()}
C:\Users\nicolas\Documents\GitHub\courtside-data\courtside_data\output\field_types.py:405: UserWarning: Failed to coerce 'C. Oakley' via int, leaving as string
  return {key: get_coercion(key)(value) for key, value in row.items()}
C:\Users\nicolas\Documents\GitHub\courtside-data\courtside_data\output\field_types.py:405: UserWarning: Failed to coerce '15:00' via int, leaving as string
  return {key: get_coercion(key)(value) for key, value in row.items()}
C:\Users\nicolas\Documents\GitHub\courtside-data\courtside_data\output\field_types.py:405: UserWarning: Failed to coerce 'B. Wennington' via int, leaving as string
  return {key: get_coercion(key)(value) for key, value in row.items()}
C:\Users\nicolas\Documents\GitHub\courtside-data\courtside_data\output\field_types.py:405: UserWarning: Failed to coerce '44:00' via int, leaving as string
  return {key: get_coercion(key)(value) for key, value in row.items()}
C:\Users\nicolas\Documents\GitHub\courtside-data\courtside_data\output\field_types.py:405: UserWarning: Failed to coerce '28:00' via int, leaving as string
  return {key: get_coercion(key)(value) for key, value in row.items()}
C:\Users\nicolas\Documents\GitHub\courtside-data\courtside_data\output\field_types.py:405: UserWarning: Failed to coerce '45:00' via int, leaving as string
  return {key: get_coercion(key)(value) for key, value in row.items()}
C:\Users\nicolas\Documents\GitHub\courtside-data\courtside_data\output\field_types.py:405: UserWarning: Failed to coerce 'M. Jordan' via int, leaving as string
  return {key: get_coercion(key)(value) for key, value in row.items()}
C:\Users\nicolas\Documents\GitHub\courtside-data\courtside_data\output\field_types.py:405: UserWarning: Failed to coerce '25:00' via int, leaving as string
  return {key: get_coercion(key)(value) for key, value in row.items()}
C:\Users\nicolas\Documents\GitHub\courtside-data\courtside_data\output\field_types.py:405: UserWarning: Failed to coerce 'S. Douglas' via int, leaving as string
  return {key: get_coercion(key)(value) for key, value in row.items()}
C:\Users\nicolas\Documents\GitHub\courtside-data\courtside_data\output\field_types.py:405: UserWarning: Failed to coerce 'L. Nance' via int, leaving as string
  return {key: get_coercion(key)(value) for key, value in row.items()}
C:\Users\nicolas\Documents\GitHub\courtside-data\courtside_data\output\field_types.py:405: UserWarning: Failed to coerce 'M. Bogues' via int, leaving as string
  return {key: get_coercion(key)(value) for key, value in row.items()}
C:\Users\nicolas\Documents\GitHub\courtside-data\courtside_data\output\field_types.py:405: UserWarning: Failed to coerce 'J. Battle' via int, leaving as string
  return {key: get_coercion(key)(value) for key, value in row.items()}
C:\Users\nicolas\Documents\GitHub\courtside-data\courtside_data\output\field_types.py:405: UserWarning: Failed to coerce 'M. Gminski' via int, leaving as string
  return {key: get_coercion(key)(value) for key, value in row.items()}
C:\Users\nicolas\Documents\GitHub\courtside-data\courtside_data\output\field_types.py:405: UserWarning: Failed to coerce 'A. King' via int, leaving as string
  return {key: get_coercion(key)(value) for key, value in row.items()}
C:\Users\nicolas\Documents\GitHub\courtside-data\courtside_data\output\field_types.py:405: UserWarning: Failed to coerce '51:00' via int, leaving as string
  return {key: get_coercion(key)(value) for key, value in row.items()}
C:\Users\nicolas\Documents\GitHub\courtside-data\courtside_data\output\field_types.py:405: UserWarning: Failed to coerce 'J. Sundvold' via int, leaving as string
  return {key: get_coercion(key)(value) for key, value in row.items()}
C:\Users\nicolas\Documents\GitHub\courtside-data\courtside_data\output\field_types.py:405: UserWarning: Failed to coerce 'D. Ainge' via int, leaving as string
  return {key: get_coercion(key)(value) for key, value in row.items()}
C:\Users\nicolas\Documents\GitHub\courtside-data\courtside_data\output\field_types.py:405: UserWarning: Failed to coerce 'J. Dawkins' via int, leaving as string
  return {key: get_coercion(key)(value) for key, value in row.items()}
C:\Users\nicolas\Documents\GitHub\courtside-data\courtside_data\output\field_types.py:405: UserWarning: Failed to coerce '5:00' via int, leaving as string
  return {key: get_coercion(key)(value) for key, value in row.items()}
C:\Users\nicolas\Documents\GitHub\courtside-data\courtside_data\output\field_types.py:405: UserWarning: Failed to coerce 'K. Tripucka' via int, leaving as string
  return {key: get_coercion(key)(value) for key, value in row.items()}
C:\Users\nicolas\Documents\GitHub\courtside-data\courtside_data\output\field_types.py:405: UserWarning: Failed to coerce 'T. Dunn' via int, leaving as string
  return {key: get_coercion(key)(value) for key, value in row.items()}
C:\Users\nicolas\Documents\GitHub\courtside-data\courtside_data\output\field_types.py:405: UserWarning: Failed to coerce 'H. Williams' via int, leaving as string
  return {key: get_coercion(key)(value) for key, value in row.items()}
C:\Users\nicolas\Documents\GitHub\courtside-data\courtside_data\output\field_types.py:405: UserWarning: Failed to coerce 'R. Green' via int, leaving as string
  return {key: get_coercion(key)(value) for key, value in row.items()}
C:\Users\nicolas\Documents\GitHub\courtside-data\courtside_data\output\field_types.py:405: UserWarning: Failed to coerce 'R. McCray' via int, leaving as string
  return {key: get_coercion(key)(value) for key, value in row.items()}
C:\Users\nicolas\Documents\GitHub\courtside-data\courtside_data\output\field_types.py:405: UserWarning: Failed to coerce 'G. Ballard' via int, leaving as string
  return {key: get_coercion(key)(value) for key, value in row.items()}
C:\Users\nicolas\Documents\GitHub\courtside-data\courtside_data\output\field_types.py:405: UserWarning: Failed to coerce 'M. Cheeks' via int, leaving as string
  return {key: get_coercion(key)(value) for key, value in row.items()}
C:\Users\nicolas\Documents\GitHub\courtside-data\courtside_data\output\field_types.py:405: UserWarning: Failed to coerce 'L. Bird' via int, leaving as string
  return {key: get_coercion(key)(value) for key, value in row.items()}
C:\Users\nicolas\Documents\GitHub\courtside-data\courtside_data\output\field_types.py:405: UserWarning: Failed to coerce 'A. Scott' via int, leaving as string
  return {key: get_coercion(key)(value) for key, value in row.items()}
C:\Users\nicolas\Documents\GitHub\courtside-data\courtside_data\output\field_types.py:405: UserWarning: Failed to coerce 'B. Hanzlik' via int, leaving as string
  return {key: get_coercion(key)(value) for key, value in row.items()}
C:\Users\nicolas\Documents\GitHub\courtside-data\courtside_data\output\field_types.py:405: UserWarning: Failed to coerce 'F. Lever' via int, leaving as string
  return {key: get_coercion(key)(value) for key, value in row.items()}
C:\Users\nicolas\Documents\GitHub\courtside-data\courtside_data\output\field_types.py:405: UserWarning: Failed to coerce '10:00' via int, leaving as string
  return {key: get_coercion(key)(value) for key, value in row.items()}
C:\Users\nicolas\Documents\GitHub\courtside-data\courtside_data\output\field_types.py:405: UserWarning: Failed to coerce 'D. Daye' via int, leaving as string
  return {key: get_coercion(key)(value) for key, value in row.items()}
C:\Users\nicolas\Documents\GitHub\courtside-data\courtside_data\output\field_types.py:405: UserWarning: Failed to coerce 'M. Cooper' via int, leaving as string
  return {key: get_coercion(key)(value) for key, value in row.items()}
C:\Users\nicolas\Documents\GitHub\courtside-data\courtside_data\output\field_types.py:405: UserWarning: Failed to coerce 'D. Vranes' via int, leaving as string
  return {key: get_coercion(key)(value) for key, value in row.items()}
C:\Users\nicolas\Documents\GitHub\courtside-data\courtside_data\output\field_types.py:405: UserWarning: Failed to coerce 'B. Willoughby' via int, leaving as string
  return {key: get_coercion(key)(value) for key, value in row.items()}
C:\Users\nicolas\Documents\GitHub\courtside-data\courtside_data\output\field_types.py:405: UserWarning: Failed to coerce 'L. Shelton' via int, leaving as string
  return {key: get_coercion(key)(value) for key, value in row.items()}
C:\Users\nicolas\Documents\GitHub\courtside-data\courtside_data\output\field_types.py:405: UserWarning: Failed to coerce '20:00' via int, leaving as string
  return {key: get_coercion(key)(value) for key, value in row.items()}
C:\Users\nicolas\Documents\GitHub\courtside-data\courtside_data\output\field_types.py:405: UserWarning: Failed to coerce 'D. Cook' via int, leaving as string
  return {key: get_coercion(key)(value) for key, value in row.items()}
C:\Users\nicolas\Documents\GitHub\courtside-data\courtside_data\output\field_types.py:405: UserWarning: Failed to coerce 'B. Walton' via int, leaving as string
  return {key: get_coercion(key)(value) for key, value in row.items()}
C:\Users\nicolas\Documents\GitHub\courtside-data\courtside_data\output\field_types.py:405: UserWarning: Failed to coerce 'D. Corzine' via int, leaving as string
  return {key: get_coercion(key)(value) for key, value in row.items()}
C:\Users\nicolas\Documents\GitHub\courtside-data\courtside_data\output\field_types.py:405: UserWarning: Failed to coerce 'C. Maxwell' via int, leaving as string
  return {key: get_coercion(key)(value) for key, value in row.items()}
C:\Users\nicolas\Documents\GitHub\courtside-data\courtside_data\output\field_types.py:405: UserWarning: Failed to coerce 'B. Carter' via int, leaving as string
  return {key: get_coercion(key)(value) for key, value in row.items()}
C:\Users\nicolas\Documents\GitHub\courtside-data\courtside_data\output\field_types.py:405: UserWarning: Failed to coerce 'R. Williams' via int, leaving as string
  return {key: get_coercion(key)(value) for key, value in row.items()}
C:\Users\nicolas\Documents\GitHub\courtside-data\courtside_data\output\field_types.py:405: UserWarning: Failed to coerce 'J. Ruland' via int, leaving as string
  return {key: get_coercion(key)(value) for key, value in row.items()}
C:\Users\nicolas\Documents\GitHub\courtside-data\courtside_data\output\field_types.py:405: UserWarning: Failed to coerce 'W. Free' via int, leaving as string
  return {key: get_coercion(key)(value) for key, value in row.items()}
C:\Users\nicolas\Documents\GitHub\courtside-data\courtside_data\output\field_types.py:405: UserWarning: Failed to coerce 'L. Romar' via int, leaving as string
  return {key: get_coercion(key)(value) for key, value in row.items()}
C:\Users\nicolas\Documents\GitHub\courtside-data\courtside_data\output\field_types.py:405: UserWarning: Failed to coerce '11:00' via int, leaving as string
  return {key: get_coercion(key)(value) for key, value in row.items()}
C:\Users\nicolas\Documents\GitHub\courtside-data\courtside_data\output\field_types.py:405: UserWarning: Failed to coerce 'D. Roundfield' via int, leaving as string
  return {key: get_coercion(key)(value) for key, value in row.items()}
C:\Users\nicolas\Documents\GitHub\courtside-data\courtside_data\output\field_types.py:405: UserWarning: Failed to coerce 'R. Sparrow' via int, leaving as string
  return {key: get_coercion(key)(value) for key, value in row.items()}
C:\Users\nicolas\Documents\GitHub\courtside-data\courtside_data\output\field_types.py:405: UserWarning: Failed to coerce '19:00' via int, leaving as string
  return {key: get_coercion(key)(value) for key, value in row.items()}
C:\Users\nicolas\Documents\GitHub\courtside-data\courtside_data\output\field_types.py:405: UserWarning: Failed to coerce 'G. Williams' via int, leaving as string
  return {key: get_coercion(key)(value) for key, value in row.items()}
C:\Users\nicolas\Documents\GitHub\courtside-data\courtside_data\output\field_types.py:405: UserWarning: Failed to coerce '47:00' via int, leaving as string
  return {key: get_coercion(key)(value) for key, value in row.items()}
C:\Users\nicolas\Documents\GitHub\courtside-data\courtside_data\output\field_types.py:405: UserWarning: Failed to coerce 'P. Gu≡mundsson' via int, leaving as string
  return {key: get_coercion(key)(value) for key, value in row.items()}
C:\Users\nicolas\Documents\GitHub\courtside-data\courtside_data\output\field_types.py:405: UserWarning: Failed to coerce 'E. Rains' via int, leaving as string
  return {key: get_coercion(key)(value) for key, value in row.items()}
C:\Users\nicolas\Documents\GitHub\courtside-data\courtside_data\output\field_types.py:405: UserWarning: Failed to coerce 'D. Collins' via int, leaving as string
  return {key: get_coercion(key)(value) for key, value in row.items()}
C:\Users\nicolas\Documents\GitHub\courtside-data\courtside_data\output\field_types.py:405: UserWarning: Failed to coerce '49:00' via int, leaving as string
  return {key: get_coercion(key)(value) for key, value in row.items()}
C:\Users\nicolas\Documents\GitHub\courtside-data\courtside_data\output\field_types.py:405: UserWarning: Failed to coerce 'J. Hardy' via int, leaving as string
  return {key: get_coercion(key)(value) for key, value in row.items()}
C:\Users\nicolas\Documents\GitHub\courtside-data\courtside_data\output\field_types.py:405: UserWarning: Failed to coerce 'S. Lacey' via int, leaving as string
  return {key: get_coercion(key)(value) for key, value in row.items()}
C:\Users\nicolas\Documents\GitHub\courtside-data\courtside_data\output\field_types.py:405: UserWarning: Failed to coerce 'N. Nixon' via int, leaving as string
  return {key: get_coercion(key)(value) for key, value in row.items()}
C:\Users\nicolas\Documents\GitHub\courtside-data\courtside_data\output\field_types.py:405: UserWarning: Failed to coerce 'K. Washington' via int, leaving as string
  return {key: get_coercion(key)(value) for key, value in row.items()}
C:\Users\nicolas\Documents\GitHub\courtside-data\courtside_data\output\field_types.py:405: UserWarning: Failed to coerce 'J. van Breda Kolff' via int, leaving as string
  return {key: get_coercion(key)(value) for key, value in row.items()}
C:\Users\nicolas\Documents\GitHub\courtside-data\courtside_data\output\field_types.py:405: UserWarning: Failed to coerce 'Q. Buckner' via int, leaving as string
  return {key: get_coercion(key)(value) for key, value in row.items()}
C:\Users\nicolas\Documents\GitHub\courtside-data\courtside_data\output\field_types.py:405: UserWarning: Failed to coerce 'W. Unseld' via int, leaving as string
  return {key: get_coercion(key)(value) for key, value in row.items()}
C:\Users\nicolas\Documents\GitHub\courtside-data\courtside_data\output\field_types.py:405: UserWarning: Failed to coerce 'E. Jordan' via int, leaving as string
  return {key: get_coercion(key)(value) for key, value in row.items()}
C:\Users\nicolas\Documents\GitHub\courtside-data\courtside_data\output\field_types.py:405: UserWarning: Failed to coerce 'M. Johnson' via int, leaving as string
  return {key: get_coercion(key)(value) for key, value in row.items()}
C:\Users\nicolas\Documents\GitHub\courtside-data\courtside_data\output\field_types.py:405: UserWarning: Failed to coerce 'B. Winters' via int, leaving as string
  return {key: get_coercion(key)(value) for key, value in row.items()}
C:\Users\nicolas\Documents\GitHub\courtside-data\courtside_data\output\field_types.py:405: UserWarning: Failed to coerce 'A. Adams' via int, leaving as string
  return {key: get_coercion(key)(value) for key, value in row.items()}
C:\Users\nicolas\Documents\GitHub\courtside-data\courtside_data\output\field_types.py:405: UserWarning: Failed to coerce 'J. Lucas' via int, leaving as string
  return {key: get_coercion(key)(value) for key, value in row.items()}
C:\Users\nicolas\Documents\GitHub\courtside-data\courtside_data\output\field_types.py:405: UserWarning: Failed to coerce 'J. Gianelli' via int, leaving as string
  return {key: get_coercion(key)(value) for key, value in row.items()}
C:\Users\nicolas\Documents\GitHub\courtside-data\courtside_data\output\field_types.py:405: UserWarning: Failed to coerce 'K. Porter' via int, leaving as string
  return {key: get_coercion(key)(value) for key, value in row.items()}
C:\Users\nicolas\Documents\GitHub\courtside-data\courtside_data\output\field_types.py:405: UserWarning: Failed to coerce 'D. Meyers' via int, leaving as string
  return {key: get_coercion(key)(value) for key, value in row.items()}
C:\Users\nicolas\Documents\GitHub\courtside-data\courtside_data\output\field_types.py:405: UserWarning: Failed to coerce 'S. Hawes' via int, leaving as string
  return {key: get_coercion(key)(value) for key, value in row.items()}
C:\Users\nicolas\Documents\GitHub\courtside-data\courtside_data\output\field_types.py:405: UserWarning: Failed to coerce '?' via int, leaving as string
  return {key: get_coercion(key)(value) for key, value in row.items()}
C:\Users\nicolas\Documents\GitHub\courtside-data\courtside_data\output\field_types.py:405: UserWarning: Failed to coerce 'L. Hudson' via int, leaving as string
  return {key: get_coercion(key)(value) for key, value in row.items()}
C:\Users\nicolas\Documents\GitHub\courtside-data\courtside_data\output\field_types.py:405: UserWarning: Failed to coerce 'T. McMillen' via int, leaving as string
  return {key: get_coercion(key)(value) for key, value in row.items()}
C:\Users\nicolas\Documents\GitHub\courtside-data\courtside_data\output\field_types.py:405: UserWarning: Failed to coerce 'R. Behagen' via int, leaving as string
  return {key: get_coercion(key)(value) for key, value in row.items()}
C:\Users\nicolas\Documents\GitHub\courtside-data\courtside_data\output\field_types.py:405: UserWarning: Failed to coerce 'W. Frazier' via int, leaving as string
  return {key: get_coercion(key)(value) for key, value in row.items()}
C:\Users\nicolas\Documents\GitHub\courtside-data\courtside_data\output\field_types.py:405: UserWarning: Failed to coerce 'M. Davis' via int, leaving as string
  return {key: get_coercion(key)(value) for key, value in row.items()}
C:\Users\nicolas\Documents\GitHub\courtside-data\courtside_data\output\field_types.py:405: UserWarning: Failed to coerce 'E. Monroe' via int, leaving as string
  return {key: get_coercion(key)(value) for key, value in row.items()}
C:\Users\nicolas\Documents\GitHub\courtside-data\courtside_data\output\field_types.py:405: UserWarning: Failed to coerce 'D. Nelson' via int, leaving as string
  return {key: get_coercion(key)(value) for key, value in row.items()}
C:\Users\nicolas\Documents\GitHub\courtside-data\courtside_data\output\field_types.py:405: UserWarning: Failed to coerce 'C. Ray' via int, leaving as string
  return {key: get_coercion(key)(value) for key, value in row.items()}
C:\Users\nicolas\Documents\GitHub\courtside-data\courtside_data\output\field_types.py:405: UserWarning: Failed to coerce 'W. Hazzard' via int, leaving as string
  return {key: get_coercion(key)(value) for key, value in row.items()}
C:\Users\nicolas\Documents\GitHub\courtside-data\courtside_data\output\field_types.py:405: UserWarning: Failed to coerce '2:00' via int, leaving as string
  return {key: get_coercion(key)(value) for key, value in row.items()}
C:\Users\nicolas\Documents\GitHub\courtside-data\courtside_data\output\field_types.py:405: UserWarning: Failed to coerce 'J. Mullins' via int, leaving as string
  return {key: get_coercion(key)(value) for key, value in row.items()}
C:\Users\nicolas\Documents\GitHub\courtside-data\courtside_data\output\field_types.py:405: UserWarning: Failed to coerce 'N. Van Lier' via int, leaving as string
  return {key: get_coercion(key)(value) for key, value in row.items()}
C:\Users\nicolas\Documents\GitHub\courtside-data\courtside_data\output\field_types.py:405: UserWarning: Failed to coerce 'C. Johnson' via int, leaving as string
  return {key: get_coercion(key)(value) for key, value in row.items()}
C:\Users\nicolas\Documents\GitHub\courtside-data\courtside_data\output\field_types.py:405: UserWarning: Failed to coerce 'C. Hawkins' via int, leaving as string
  return {key: get_coercion(key)(value) for key, value in row.items()}
C:\Users\nicolas\Documents\GitHub\courtside-data\courtside_data\output\field_types.py:405: UserWarning: Failed to coerce 'B. Bridges' via int, leaving as string
  return {key: get_coercion(key)(value) for key, value in row.items()}
C:\Users\nicolas\Documents\GitHub\courtside-data\courtside_data\output\field_types.py:405: UserWarning: Failed to coerce 'D. Kojis' via int, leaving as string
  return {key: get_coercion(key)(value) for key, value in row.items()}
C:\Users\nicolas\Documents\GitHub\courtside-data\courtside_data\output\field_types.py:405: UserWarning: Failed to coerce 'B. Clemens' via int, leaving as string
  return {key: get_coercion(key)(value) for key, value in row.items()}
C:\Users\nicolas\Documents\GitHub\courtside-data\courtside_data\output\field_types.py:405: UserWarning: Failed to coerce 'G. Johnson' via int, leaving as string
  return {key: get_coercion(key)(value) for key, value in row.items()}
C:\Users\nicolas\Documents\GitHub\courtside-data\courtside_data\output\field_types.py:405: UserWarning: Failed to coerce 'D. Gibbs' via int, leaving as string
  return {key: get_coercion(key)(value) for key, value in row.items()}
C:\Users\nicolas\Documents\GitHub\courtside-data\courtside_data\output\field_types.py:405: UserWarning: Failed to coerce 'J. White' via int, leaving as string
  return {key: get_coercion(key)(value) for key, value in row.items()}
C:\Users\nicolas\Documents\GitHub\courtside-data\courtside_data\output\field_types.py:405: UserWarning: Failed to coerce 'P. Silas' via int, leaving as string
  return {key: get_coercion(key)(value) for key, value in row.items()}
C:\Users\nicolas\Documents\GitHub\courtside-data\courtside_data\output\field_types.py:405: UserWarning: Failed to coerce 'J. Egan' via int, leaving as string
  return {key: get_coercion(key)(value) for key, value in row.items()}
C:\Users\nicolas\Documents\GitHub\courtside-data\courtside_data\output\field_types.py:405: UserWarning: Failed to coerce 'A. Tucker' via int, leaving as string
  return {key: get_coercion(key)(value) for key, value in row.items()}
C:\Users\nicolas\Documents\GitHub\courtside-data\courtside_data\output\field_types.py:405: UserWarning: Failed to coerce 'B. Cunningham' via int, leaving as string
  return {key: get_coercion(key)(value) for key, value in row.items()}
C:\Users\nicolas\Documents\GitHub\courtside-data\courtside_data\output\field_types.py:405: UserWarning: Failed to coerce 'L. Wilkens' via int, leaving as string
  return {key: get_coercion(key)(value) for key, value in row.items()}
C:\Users\nicolas\Documents\GitHub\courtside-data\courtside_data\output\field_types.py:405: UserWarning: Failed to coerce 'L. Siegfried' via int, leaving as string
  return {key: get_coercion(key)(value) for key, value in row.items()}
C:\Users\nicolas\Documents\GitHub\courtside-data\courtside_data\output\field_types.py:405: UserWarning: Failed to coerce 'D. Barnett' via int, leaving as string
  return {key: get_coercion(key)(value) for key, value in row.items()}
C:\Users\nicolas\Documents\GitHub\courtside-data\courtside_data\output\field_types.py:405: UserWarning: Failed to coerce 'N. Thurmond' via int, leaving as string
  return {key: get_coercion(key)(value) for key, value in row.items()}
C:\Users\nicolas\Documents\GitHub\courtside-data\courtside_data\output\field_types.py:405: UserWarning: Failed to coerce '22:00' via int, leaving as string
  return {key: get_coercion(key)(value) for key, value in row.items()}
C:\Users\nicolas\Documents\GitHub\courtside-data\courtside_data\output\field_types.py:405: UserWarning: Failed to coerce 'D. Butcher' via int, leaving as string
  return {key: get_coercion(key)(value) for key, value in row.items()}
C:\Users\nicolas\Documents\GitHub\courtside-data\courtside_data\output\field_types.py:405: UserWarning: Failed to coerce 'A. Attles' via int, leaving as string
  return {key: get_coercion(key)(value) for key, value in row.items()}
C:\Users\nicolas\Documents\GitHub\courtside-data\courtside_data\output\field_types.py:405: UserWarning: Failed to coerce 'G. Rodgers' via int, leaving as string
  return {key: get_coercion(key)(value) for key, value in row.items()}
C:\Users\nicolas\Documents\GitHub\courtside-data\courtside_data\output\field_types.py:405: UserWarning: Failed to coerce 'T. Gola' via int, leaving as string
  return {key: get_coercion(key)(value) for key, value in row.items()}
C:\Users\nicolas\Documents\GitHub\courtside-data\courtside_data\output\field_types.py:405: UserWarning: Failed to coerce 'J. George' via int, leaving as string
  return {key: get_coercion(key)(value) for key, value in row.items()}
C:\Users\nicolas\Documents\GitHub\courtside-data\courtside_data\output\field_types.py:405: UserWarning: Failed to coerce 'B. Cousy' via int, leaving as string
  return {key: get_coercion(key)(value) for key, value in row.items()}
C:\Users\nicolas\Documents\GitHub\courtside-data\courtside_data\output\field_types.py:405: UserWarning: Failed to coerce 'P. Seymour' via int, leaving as string
  return {key: get_coercion(key)(value) for key, value in row.items()}
C:\Users\nicolas\Documents\GitHub\courtside-data\courtside_data\output\field_types.py:405: UserWarning: Failed to coerce 'B. Tosheff' via int, leaving as string
  return {key: get_coercion(key)(value) for key, value in row.items()}
C:\Users\nicolas\Documents\GitHub\courtside-data\courtside_data\output\field_types.py:405: UserWarning: Failed to coerce 'F. Schaus' via int, leaving as string
  return {key: get_coercion(key)(value) for key, value in row.items()}
C:\Users\nicolas\Documents\GitHub\courtside-data\courtside_data\output\field_types.py:405: UserWarning: Failed to coerce 'B. Brannum' via int, leaving as string
  return {key: get_coercion(key)(value) for key, value in row.items()}
C:\Users\nicolas\Documents\GitHub\courtside-data\courtside_data\output\field_types.py:405: UserWarning: Failed to coerce 'B. Davies' via int, leaving as string
  return {key: get_coercion(key)(value) for key, value in row.items()}
C:\Users\nicolas\Documents\GitHub\courtside-data\courtside_data\output\field_types.py:405: UserWarning: Failed to coerce 'W. Budko' via int, leaving as string
  return {key: get_coercion(key)(value) for key, value in row.items()}
C:\Users\nicolas\Documents\GitHub\courtside-data\courtside_data\output\field_types.py:405: UserWarning: Failed to coerce 'C. Simmons' via int, leaving as string
  return {key: get_coercion(key)(value) for key, value in row.items()}
C:\Users\nicolas\Documents\GitHub\courtside-data\courtside_data\output\field_types.py:405: UserWarning: Failed to coerce 'S. Hertzberg' via int, leaving as string
  return {key: get_coercion(key)(value) for key, value in row.items()}
C:\Users\nicolas\Documents\GitHub\courtside-data\courtside_data\output\field_types.py:405: UserWarning: Failed to coerce 'B. Lavoy' via int, leaving as string
  return {key: get_coercion(key)(value) for key, value in row.items()}
C:\Users\nicolas\Documents\GitHub\courtside-data\courtside_data\output\field_types.py:405: UserWarning: Failed to coerce 'P. Walther' via int, leaving as string
  return {key: get_coercion(key)(value) for key, value in row.items()}
C:\Users\nicolas\Documents\GitHub\courtside-data\courtside_data\output\field_types.py:405: UserWarning: Failed to coerce 'E. Vandeweghe' via int, leaving as string
  return {key: get_coercion(key)(value) for key, value in row.items()}
C:\Users\nicolas\Documents\GitHub\courtside-data\courtside_data\output\field_types.py:405: UserWarning: Failed to coerce 'B. Smawley' via int, leaving as string
  return {key: get_coercion(key)(value) for key, value in row.items()}
C:\Users\nicolas\Documents\GitHub\courtside-data\courtside_data\output\field_types.py:405: UserWarning: Failed to coerce 'A. Davis' via int, leaving as string
  return {key: get_coercion(key)(value) for key, value in row.items()}
[112/341] friv_buzzer_beaters ... ERROR other ValueError  (7.9s)
[113/341] friv_coffee ... OK  (rows=79, 6.0s)
[114/341] friv_colleges ... OK  (rows=40, 6.3s)
[115/341] friv_colleges_wnba_players ... OK  (rows=15, 6.5s)
[116/341] friv_continuity ... OK  (rows=74, 7.1s)
C:\Users\nicolas\Documents\GitHub\courtside-data\courtside_data\output\field_types.py:405: UserWarning: Failed to coerce '41:28' via int, leaving as string
  return {key: get_coercion(key)(value) for key, value in row.items()}
C:\Users\nicolas\Documents\GitHub\courtside-data\courtside_data\output\field_types.py:405: UserWarning: Failed to coerce '44:27' via int, leaving as string
  return {key: get_coercion(key)(value) for key, value in row.items()}
C:\Users\nicolas\Documents\GitHub\courtside-data\courtside_data\output\field_types.py:405: UserWarning: Failed to coerce '40:21' via int, leaving as string
  return {key: get_coercion(key)(value) for key, value in row.items()}
C:\Users\nicolas\Documents\GitHub\courtside-data\courtside_data\output\field_types.py:405: UserWarning: Failed to coerce '25:56' via int, leaving as string
  return {key: get_coercion(key)(value) for key, value in row.items()}
C:\Users\nicolas\Documents\GitHub\courtside-data\courtside_data\output\field_types.py:405: UserWarning: Failed to coerce '15:38' via int, leaving as string
  return {key: get_coercion(key)(value) for key, value in row.items()}
C:\Users\nicolas\Documents\GitHub\courtside-data\courtside_data\output\field_types.py:405: UserWarning: Failed to coerce '28:07' via int, leaving as string
  return {key: get_coercion(key)(value) for key, value in row.items()}
C:\Users\nicolas\Documents\GitHub\courtside-data\courtside_data\output\field_types.py:405: UserWarning: Failed to coerce '18:02' via int, leaving as string
  return {key: get_coercion(key)(value) for key, value in row.items()}
C:\Users\nicolas\Documents\GitHub\courtside-data\courtside_data\output\field_types.py:405: UserWarning: Failed to coerce '12:59' via int, leaving as string
  return {key: get_coercion(key)(value) for key, value in row.items()}
C:\Users\nicolas\Documents\GitHub\courtside-data\courtside_data\output\field_types.py:405: UserWarning: Failed to coerce '3:27' via int, leaving as string
  return {key: get_coercion(key)(value) for key, value in row.items()}
C:\Users\nicolas\Documents\GitHub\courtside-data\courtside_data\output\field_types.py:405: UserWarning: Failed to coerce '4:05' via int, leaving as string
  return {key: get_coercion(key)(value) for key, value in row.items()}
C:\Users\nicolas\Documents\GitHub\courtside-data\courtside_data\output\field_types.py:405: UserWarning: Failed to coerce '3:00' via int, leaving as string
  return {key: get_coercion(key)(value) for key, value in row.items()}
C:\Users\nicolas\Documents\GitHub\courtside-data\courtside_data\output\field_types.py:405: UserWarning: Failed to coerce '20:30' via int, leaving as string
  return {key: get_coercion(key)(value) for key, value in row.items()}
C:\Users\nicolas\Documents\GitHub\courtside-data\courtside_data\output\field_types.py:405: UserWarning: Failed to coerce '4:40' via int, leaving as string
  return {key: get_coercion(key)(value) for key, value in row.items()}
C:\Users\nicolas\Documents\GitHub\courtside-data\courtside_data\output\field_types.py:405: UserWarning: Failed to coerce '7:12' via int, leaving as string
  return {key: get_coercion(key)(value) for key, value in row.items()}
[117/341] friv_daily_leaders ... ERROR other ValueError  (6.2s)
C:\Users\nicolas\Documents\GitHub\courtside-data\courtside_data\output\field_types.py:405: UserWarning: Failed to coerce '.495' via int, leaving as string
  return {key: get_coercion(key)(value) for key, value in row.items()}
C:\Users\nicolas\Documents\GitHub\courtside-data\courtside_data\output\field_types.py:405: UserWarning: Failed to coerce '.487' via int, leaving as string
  return {key: get_coercion(key)(value) for key, value in row.items()}
C:\Users\nicolas\Documents\GitHub\courtside-data\courtside_data\output\field_types.py:405: UserWarning: Failed to coerce '.481' via int, leaving as string
  return {key: get_coercion(key)(value) for key, value in row.items()}
C:\Users\nicolas\Documents\GitHub\courtside-data\courtside_data\output\field_types.py:405: UserWarning: Failed to coerce '.449' via int, leaving as string
  return {key: get_coercion(key)(value) for key, value in row.items()}
C:\Users\nicolas\Documents\GitHub\courtside-data\courtside_data\output\field_types.py:405: UserWarning: Failed to coerce '.472' via int, leaving as string
  return {key: get_coercion(key)(value) for key, value in row.items()}
C:\Users\nicolas\Documents\GitHub\courtside-data\courtside_data\output\field_types.py:405: UserWarning: Failed to coerce '.423' via int, leaving as string
  return {key: get_coercion(key)(value) for key, value in row.items()}
C:\Users\nicolas\Documents\GitHub\courtside-data\courtside_data\output\field_types.py:405: UserWarning: Failed to coerce '.509' via int, leaving as string
  return {key: get_coercion(key)(value) for key, value in row.items()}
C:\Users\nicolas\Documents\GitHub\courtside-data\courtside_data\output\field_types.py:405: UserWarning: Failed to coerce '.524' via int, leaving as string
  return {key: get_coercion(key)(value) for key, value in row.items()}
C:\Users\nicolas\Documents\GitHub\courtside-data\courtside_data\output\field_types.py:405: UserWarning: Failed to coerce '.501' via int, leaving as string
  return {key: get_coercion(key)(value) for key, value in row.items()}
C:\Users\nicolas\Documents\GitHub\courtside-data\courtside_data\output\field_types.py:405: UserWarning: Failed to coerce '.502' via int, leaving as string
  return {key: get_coercion(key)(value) for key, value in row.items()}
C:\Users\nicolas\Documents\GitHub\courtside-data\courtside_data\output\field_types.py:405: UserWarning: Failed to coerce '.484' via int, leaving as string
  return {key: get_coercion(key)(value) for key, value in row.items()}
C:\Users\nicolas\Documents\GitHub\courtside-data\courtside_data\output\field_types.py:405: UserWarning: Failed to coerce '.462' via int, leaving as string
  return {key: get_coercion(key)(value) for key, value in row.items()}
C:\Users\nicolas\Documents\GitHub\courtside-data\courtside_data\output\field_types.py:405: UserWarning: Failed to coerce '.458' via int, leaving as string
  return {key: get_coercion(key)(value) for key, value in row.items()}
C:\Users\nicolas\Documents\GitHub\courtside-data\courtside_data\output\field_types.py:405: UserWarning: Failed to coerce '.478' via int, leaving as string
  return {key: get_coercion(key)(value) for key, value in row.items()}
C:\Users\nicolas\Documents\GitHub\courtside-data\courtside_data\output\field_types.py:405: UserWarning: Failed to coerce '.440' via int, leaving as string
  return {key: get_coercion(key)(value) for key, value in row.items()}
C:\Users\nicolas\Documents\GitHub\courtside-data\courtside_data\output\field_types.py:405: UserWarning: Failed to coerce '.490' via int, leaving as string
  return {key: get_coercion(key)(value) for key, value in row.items()}
C:\Users\nicolas\Documents\GitHub\courtside-data\courtside_data\output\field_types.py:405: UserWarning: Failed to coerce '.473' via int, leaving as string
  return {key: get_coercion(key)(value) for key, value in row.items()}
C:\Users\nicolas\Documents\GitHub\courtside-data\courtside_data\output\field_types.py:405: UserWarning: Failed to coerce '.483' via int, leaving as string
  return {key: get_coercion(key)(value) for key, value in row.items()}
C:\Users\nicolas\Documents\GitHub\courtside-data\courtside_data\output\field_types.py:405: UserWarning: Failed to coerce '.453' via int, leaving as string
  return {key: get_coercion(key)(value) for key, value in row.items()}
C:\Users\nicolas\Documents\GitHub\courtside-data\courtside_data\output\field_types.py:405: UserWarning: Failed to coerce '.494' via int, leaving as string
  return {key: get_coercion(key)(value) for key, value in row.items()}
C:\Users\nicolas\Documents\GitHub\courtside-data\courtside_data\output\field_types.py:405: UserWarning: Failed to coerce '.469' via int, leaving as string
  return {key: get_coercion(key)(value) for key, value in row.items()}
C:\Users\nicolas\Documents\GitHub\courtside-data\courtside_data\output\field_types.py:405: UserWarning: Failed to coerce '.416' via int, leaving as string
  return {key: get_coercion(key)(value) for key, value in row.items()}
C:\Users\nicolas\Documents\GitHub\courtside-data\courtside_data\output\field_types.py:405: UserWarning: Failed to coerce '.452' via int, leaving as string
  return {key: get_coercion(key)(value) for key, value in row.items()}
C:\Users\nicolas\Documents\GitHub\courtside-data\courtside_data\output\field_types.py:405: UserWarning: Failed to coerce '.369' via int, leaving as string
  return {key: get_coercion(key)(value) for key, value in row.items()}
C:\Users\nicolas\Documents\GitHub\courtside-data\courtside_data\output\field_types.py:405: UserWarning: Failed to coerce '.470' via int, leaving as string
  return {key: get_coercion(key)(value) for key, value in row.items()}
C:\Users\nicolas\Documents\GitHub\courtside-data\courtside_data\output\field_types.py:405: UserWarning: Failed to coerce '.418' via int, leaving as string
  return {key: get_coercion(key)(value) for key, value in row.items()}
C:\Users\nicolas\Documents\GitHub\courtside-data\courtside_data\output\field_types.py:405: UserWarning: Failed to coerce '.479' via int, leaving as string
  return {key: get_coercion(key)(value) for key, value in row.items()}
C:\Users\nicolas\Documents\GitHub\courtside-data\courtside_data\output\field_types.py:405: UserWarning: Failed to coerce '.422' via int, leaving as string
  return {key: get_coercion(key)(value) for key, value in row.items()}
C:\Users\nicolas\Documents\GitHub\courtside-data\courtside_data\output\field_types.py:405: UserWarning: Failed to coerce '.471' via int, leaving as string
  return {key: get_coercion(key)(value) for key, value in row.items()}
C:\Users\nicolas\Documents\GitHub\courtside-data\courtside_data\output\field_types.py:405: UserWarning: Failed to coerce '.420' via int, leaving as string
  return {key: get_coercion(key)(value) for key, value in row.items()}
C:\Users\nicolas\Documents\GitHub\courtside-data\courtside_data\output\field_types.py:405: UserWarning: Failed to coerce '.505' via int, leaving as string
  return {key: get_coercion(key)(value) for key, value in row.items()}
C:\Users\nicolas\Documents\GitHub\courtside-data\courtside_data\output\field_types.py:405: UserWarning: Failed to coerce '.513' via int, leaving as string
  return {key: get_coercion(key)(value) for key, value in row.items()}
C:\Users\nicolas\Documents\GitHub\courtside-data\courtside_data\output\field_types.py:405: UserWarning: Failed to coerce '.427' via int, leaving as string
  return {key: get_coercion(key)(value) for key, value in row.items()}
C:\Users\nicolas\Documents\GitHub\courtside-data\courtside_data\output\field_types.py:405: UserWarning: Failed to coerce '.474' via int, leaving as string
  return {key: get_coercion(key)(value) for key, value in row.items()}
C:\Users\nicolas\Documents\GitHub\courtside-data\courtside_data\output\field_types.py:405: UserWarning: Failed to coerce '.429' via int, leaving as string
  return {key: get_coercion(key)(value) for key, value in row.items()}
C:\Users\nicolas\Documents\GitHub\courtside-data\courtside_data\output\field_types.py:405: UserWarning: Failed to coerce '.475' via int, leaving as string
  return {key: get_coercion(key)(value) for key, value in row.items()}
C:\Users\nicolas\Documents\GitHub\courtside-data\courtside_data\output\field_types.py:405: UserWarning: Failed to coerce '.431' via int, leaving as string
  return {key: get_coercion(key)(value) for key, value in row.items()}
C:\Users\nicolas\Documents\GitHub\courtside-data\courtside_data\output\field_types.py:405: UserWarning: Failed to coerce '.454' via int, leaving as string
  return {key: get_coercion(key)(value) for key, value in row.items()}
C:\Users\nicolas\Documents\GitHub\courtside-data\courtside_data\output\field_types.py:405: UserWarning: Failed to coerce '.367' via int, leaving as string
  return {key: get_coercion(key)(value) for key, value in row.items()}
C:\Users\nicolas\Documents\GitHub\courtside-data\courtside_data\output\field_types.py:405: UserWarning: Failed to coerce '.467' via int, leaving as string
  return {key: get_coercion(key)(value) for key, value in row.items()}
C:\Users\nicolas\Documents\GitHub\courtside-data\courtside_data\output\field_types.py:405: UserWarning: Failed to coerce '.405' via int, leaving as string
  return {key: get_coercion(key)(value) for key, value in row.items()}
C:\Users\nicolas\Documents\GitHub\courtside-data\courtside_data\output\field_types.py:405: UserWarning: Failed to coerce '.482' via int, leaving as string
  return {key: get_coercion(key)(value) for key, value in row.items()}
C:\Users\nicolas\Documents\GitHub\courtside-data\courtside_data\output\field_types.py:405: UserWarning: Failed to coerce '.448' via int, leaving as string
  return {key: get_coercion(key)(value) for key, value in row.items()}
C:\Users\nicolas\Documents\GitHub\courtside-data\courtside_data\output\field_types.py:405: UserWarning: Failed to coerce '.460' via int, leaving as string
  return {key: get_coercion(key)(value) for key, value in row.items()}
C:\Users\nicolas\Documents\GitHub\courtside-data\courtside_data\output\field_types.py:405: UserWarning: Failed to coerce '.383' via int, leaving as string
  return {key: get_coercion(key)(value) for key, value in row.items()}
C:\Users\nicolas\Documents\GitHub\courtside-data\courtside_data\output\field_types.py:405: UserWarning: Failed to coerce '.486' via int, leaving as string
  return {key: get_coercion(key)(value) for key, value in row.items()}
C:\Users\nicolas\Documents\GitHub\courtside-data\courtside_data\output\field_types.py:405: UserWarning: Failed to coerce '.548' via int, leaving as string
  return {key: get_coercion(key)(value) for key, value in row.items()}
C:\Users\nicolas\Documents\GitHub\courtside-data\courtside_data\output\field_types.py:405: UserWarning: Failed to coerce '.527' via int, leaving as string
  return {key: get_coercion(key)(value) for key, value in row.items()}
C:\Users\nicolas\Documents\GitHub\courtside-data\courtside_data\output\field_types.py:405: UserWarning: Failed to coerce '.579' via int, leaving as string
  return {key: get_coercion(key)(value) for key, value in row.items()}
C:\Users\nicolas\Documents\GitHub\courtside-data\courtside_data\output\field_types.py:405: UserWarning: Failed to coerce '.526' via int, leaving as string
  return {key: get_coercion(key)(value) for key, value in row.items()}
C:\Users\nicolas\Documents\GitHub\courtside-data\courtside_data\output\field_types.py:405: UserWarning: Failed to coerce '.576' via int, leaving as string
  return {key: get_coercion(key)(value) for key, value in row.items()}
C:\Users\nicolas\Documents\GitHub\courtside-data\courtside_data\output\field_types.py:405: UserWarning: Failed to coerce '.503' via int, leaving as string
  return {key: get_coercion(key)(value) for key, value in row.items()}
C:\Users\nicolas\Documents\GitHub\courtside-data\courtside_data\output\field_types.py:405: UserWarning: Failed to coerce '.510' via int, leaving as string
  return {key: get_coercion(key)(value) for key, value in row.items()}
C:\Users\nicolas\Documents\GitHub\courtside-data\courtside_data\output\field_types.py:405: UserWarning: Failed to coerce '.434' via int, leaving as string
  return {key: get_coercion(key)(value) for key, value in row.items()}
C:\Users\nicolas\Documents\GitHub\courtside-data\courtside_data\output\field_types.py:405: UserWarning: Failed to coerce '.508' via int, leaving as string
  return {key: get_coercion(key)(value) for key, value in row.items()}
C:\Users\nicolas\Documents\GitHub\courtside-data\courtside_data\output\field_types.py:405: UserWarning: Failed to coerce '.525' via int, leaving as string
  return {key: get_coercion(key)(value) for key, value in row.items()}
C:\Users\nicolas\Documents\GitHub\courtside-data\courtside_data\output\field_types.py:405: UserWarning: Failed to coerce '.499' via int, leaving as string
  return {key: get_coercion(key)(value) for key, value in row.items()}
C:\Users\nicolas\Documents\GitHub\courtside-data\courtside_data\output\field_types.py:405: UserWarning: Failed to coerce '.497' via int, leaving as string
  return {key: get_coercion(key)(value) for key, value in row.items()}
C:\Users\nicolas\Documents\GitHub\courtside-data\courtside_data\output\field_types.py:405: UserWarning: Failed to coerce '.489' via int, leaving as string
  return {key: get_coercion(key)(value) for key, value in row.items()}
C:\Users\nicolas\Documents\GitHub\courtside-data\courtside_data\output\field_types.py:405: UserWarning: Failed to coerce '.485' via int, leaving as string
  return {key: get_coercion(key)(value) for key, value in row.items()}
C:\Users\nicolas\Documents\GitHub\courtside-data\courtside_data\output\field_types.py:405: UserWarning: Failed to coerce '.456' via int, leaving as string
  return {key: get_coercion(key)(value) for key, value in row.items()}
C:\Users\nicolas\Documents\GitHub\courtside-data\courtside_data\output\field_types.py:405: UserWarning: Failed to coerce '.530' via int, leaving as string
  return {key: get_coercion(key)(value) for key, value in row.items()}
C:\Users\nicolas\Documents\GitHub\courtside-data\courtside_data\output\field_types.py:405: UserWarning: Failed to coerce '.596' via int, leaving as string
  return {key: get_coercion(key)(value) for key, value in row.items()}
C:\Users\nicolas\Documents\GitHub\courtside-data\courtside_data\output\field_types.py:405: UserWarning: Failed to coerce '.514' via int, leaving as string
  return {key: get_coercion(key)(value) for key, value in row.items()}
C:\Users\nicolas\Documents\GitHub\courtside-data\courtside_data\output\field_types.py:405: UserWarning: Failed to coerce '.549' via int, leaving as string
  return {key: get_coercion(key)(value) for key, value in row.items()}
C:\Users\nicolas\Documents\GitHub\courtside-data\courtside_data\output\field_types.py:405: UserWarning: Failed to coerce '.516' via int, leaving as string
  return {key: get_coercion(key)(value) for key, value in row.items()}
C:\Users\nicolas\Documents\GitHub\courtside-data\courtside_data\output\field_types.py:405: UserWarning: Failed to coerce '.553' via int, leaving as string
  return {key: get_coercion(key)(value) for key, value in row.items()}
C:\Users\nicolas\Documents\GitHub\courtside-data\courtside_data\output\field_types.py:405: UserWarning: Failed to coerce '.534' via int, leaving as string
  return {key: get_coercion(key)(value) for key, value in row.items()}
C:\Users\nicolas\Documents\GitHub\courtside-data\courtside_data\output\field_types.py:405: UserWarning: Failed to coerce '.512' via int, leaving as string
  return {key: get_coercion(key)(value) for key, value in row.items()}
C:\Users\nicolas\Documents\GitHub\courtside-data\courtside_data\output\field_types.py:405: UserWarning: Failed to coerce '.542' via int, leaving as string
  return {key: get_coercion(key)(value) for key, value in row.items()}
C:\Users\nicolas\Documents\GitHub\courtside-data\courtside_data\output\field_types.py:405: UserWarning: Failed to coerce '.511' via int, leaving as string
  return {key: get_coercion(key)(value) for key, value in row.items()}
C:\Users\nicolas\Documents\GitHub\courtside-data\courtside_data\output\field_types.py:405: UserWarning: Failed to coerce '.538' via int, leaving as string
  return {key: get_coercion(key)(value) for key, value in row.items()}
C:\Users\nicolas\Documents\GitHub\courtside-data\courtside_data\output\field_types.py:405: UserWarning: Failed to coerce '.517' via int, leaving as string
  return {key: get_coercion(key)(value) for key, value in row.items()}
C:\Users\nicolas\Documents\GitHub\courtside-data\courtside_data\output\field_types.py:405: UserWarning: Failed to coerce '.557' via int, leaving as string
  return {key: get_coercion(key)(value) for key, value in row.items()}
C:\Users\nicolas\Documents\GitHub\courtside-data\courtside_data\output\field_types.py:405: UserWarning: Failed to coerce '.444' via int, leaving as string
  return {key: get_coercion(key)(value) for key, value in row.items()}
C:\Users\nicolas\Documents\GitHub\courtside-data\courtside_data\output\field_types.py:405: UserWarning: Failed to coerce '.450' via int, leaving as string
  return {key: get_coercion(key)(value) for key, value in row.items()}
C:\Users\nicolas\Documents\GitHub\courtside-data\courtside_data\output\field_types.py:405: UserWarning: Failed to coerce '.468' via int, leaving as string
  return {key: get_coercion(key)(value) for key, value in row.items()}
C:\Users\nicolas\Documents\GitHub\courtside-data\courtside_data\output\field_types.py:405: UserWarning: Failed to coerce '.559' via int, leaving as string
  return {key: get_coercion(key)(value) for key, value in row.items()}
C:\Users\nicolas\Documents\GitHub\courtside-data\courtside_data\output\field_types.py:405: UserWarning: Failed to coerce '.528' via int, leaving as string
  return {key: get_coercion(key)(value) for key, value in row.items()}
C:\Users\nicolas\Documents\GitHub\courtside-data\courtside_data\output\field_types.py:405: UserWarning: Failed to coerce '.480' via int, leaving as string
  return {key: get_coercion(key)(value) for key, value in row.items()}
C:\Users\nicolas\Documents\GitHub\courtside-data\courtside_data\output\field_types.py:405: UserWarning: Failed to coerce '.455' via int, leaving as string
  return {key: get_coercion(key)(value) for key, value in row.items()}
C:\Users\nicolas\Documents\GitHub\courtside-data\courtside_data\output\field_types.py:405: UserWarning: Failed to coerce '.465' via int, leaving as string
  return {key: get_coercion(key)(value) for key, value in row.items()}
C:\Users\nicolas\Documents\GitHub\courtside-data\courtside_data\output\field_types.py:405: UserWarning: Failed to coerce '.368' via int, leaving as string
  return {key: get_coercion(key)(value) for key, value in row.items()}
C:\Users\nicolas\Documents\GitHub\courtside-data\courtside_data\output\field_types.py:405: UserWarning: Failed to coerce '.395' via int, leaving as string
  return {key: get_coercion(key)(value) for key, value in row.items()}
C:\Users\nicolas\Documents\GitHub\courtside-data\courtside_data\output\field_types.py:405: UserWarning: Failed to coerce '.575' via int, leaving as string
  return {key: get_coercion(key)(value) for key, value in row.items()}
C:\Users\nicolas\Documents\GitHub\courtside-data\courtside_data\output\field_types.py:405: UserWarning: Failed to coerce '.547' via int, leaving as string
  return {key: get_coercion(key)(value) for key, value in row.items()}
C:\Users\nicolas\Documents\GitHub\courtside-data\courtside_data\output\field_types.py:405: UserWarning: Failed to coerce '.591' via int, leaving as string
  return {key: get_coercion(key)(value) for key, value in row.items()}
C:\Users\nicolas\Documents\GitHub\courtside-data\courtside_data\output\field_types.py:405: UserWarning: Failed to coerce '.611' via int, leaving as string
  return {key: get_coercion(key)(value) for key, value in row.items()}
C:\Users\nicolas\Documents\GitHub\courtside-data\courtside_data\output\field_types.py:405: UserWarning: Failed to coerce '.551' via int, leaving as string
  return {key: get_coercion(key)(value) for key, value in row.items()}
C:\Users\nicolas\Documents\GitHub\courtside-data\courtside_data\output\field_types.py:405: UserWarning: Failed to coerce '.620' via int, leaving as string
  return {key: get_coercion(key)(value) for key, value in row.items()}
C:\Users\nicolas\Documents\GitHub\courtside-data\courtside_data\output\field_types.py:405: UserWarning: Failed to coerce '.566' via int, leaving as string
  return {key: get_coercion(key)(value) for key, value in row.items()}
C:\Users\nicolas\Documents\GitHub\courtside-data\courtside_data\output\field_types.py:405: UserWarning: Failed to coerce '.605' via int, leaving as string
  return {key: get_coercion(key)(value) for key, value in row.items()}
C:\Users\nicolas\Documents\GitHub\courtside-data\courtside_data\output\field_types.py:405: UserWarning: Failed to coerce '.531' via int, leaving as string
  return {key: get_coercion(key)(value) for key, value in row.items()}
C:\Users\nicolas\Documents\GitHub\courtside-data\courtside_data\output\field_types.py:405: UserWarning: Failed to coerce '.608' via int, leaving as string
  return {key: get_coercion(key)(value) for key, value in row.items()}
C:\Users\nicolas\Documents\GitHub\courtside-data\courtside_data\output\field_types.py:405: UserWarning: Failed to coerce '.600' via int, leaving as string
  return {key: get_coercion(key)(value) for key, value in row.items()}
C:\Users\nicolas\Documents\GitHub\courtside-data\courtside_data\output\field_types.py:405: UserWarning: Failed to coerce '.708' via int, leaving as string
  return {key: get_coercion(key)(value) for key, value in row.items()}
C:\Users\nicolas\Documents\GitHub\courtside-data\courtside_data\output\field_types.py:405: UserWarning: Failed to coerce '.552' via int, leaving as string
  return {key: get_coercion(key)(value) for key, value in row.items()}
C:\Users\nicolas\Documents\GitHub\courtside-data\courtside_data\output\field_types.py:405: UserWarning: Failed to coerce '.604' via int, leaving as string
  return {key: get_coercion(key)(value) for key, value in row.items()}
C:\Users\nicolas\Documents\GitHub\courtside-data\courtside_data\output\field_types.py:405: UserWarning: Failed to coerce '.563' via int, leaving as string
  return {key: get_coercion(key)(value) for key, value in row.items()}
C:\Users\nicolas\Documents\GitHub\courtside-data\courtside_data\output\field_types.py:405: UserWarning: Failed to coerce '.625' via int, leaving as string
  return {key: get_coercion(key)(value) for key, value in row.items()}
C:\Users\nicolas\Documents\GitHub\courtside-data\courtside_data\output\field_types.py:405: UserWarning: Failed to coerce '.535' via int, leaving as string
  return {key: get_coercion(key)(value) for key, value in row.items()}
C:\Users\nicolas\Documents\GitHub\courtside-data\courtside_data\output\field_types.py:405: UserWarning: Failed to coerce '.569' via int, leaving as string
  return {key: get_coercion(key)(value) for key, value in row.items()}
C:\Users\nicolas\Documents\GitHub\courtside-data\courtside_data\output\field_types.py:405: UserWarning: Failed to coerce '.521' via int, leaving as string
  return {key: get_coercion(key)(value) for key, value in row.items()}
C:\Users\nicolas\Documents\GitHub\courtside-data\courtside_data\output\field_types.py:405: UserWarning: Failed to coerce '.447' via int, leaving as string
  return {key: get_coercion(key)(value) for key, value in row.items()}
C:\Users\nicolas\Documents\GitHub\courtside-data\courtside_data\output\field_types.py:405: UserWarning: Failed to coerce '.492' via int, leaving as string
  return {key: get_coercion(key)(value) for key, value in row.items()}
[118/341] friv_east_vs_west ... ERROR other ValueError  (6.8s)
[119/341] friv_franchise_milestones ... OK  (rows=25, 6.2s)
[120/341] friv_high_schools ... OK  (rows=0, 6.6s)
[121/341] friv_hof_index ... OK  (rows=249, 6.3s)
C:\Users\nicolas\Documents\GitHub\courtside-data\courtside_data\output\field_types.py:405: UserWarning: Failed to coerce '39.7' via int, leaving as string
  return {key: get_coercion(key)(value) for key, value in row.items()}
C:\Users\nicolas\Documents\GitHub\courtside-data\courtside_data\output\field_types.py:405: UserWarning: Failed to coerce '9.5' via int, leaving as string
  return {key: get_coercion(key)(value) for key, value in row.items()}
C:\Users\nicolas\Documents\GitHub\courtside-data\courtside_data\output\field_types.py:405: UserWarning: Failed to coerce '14.0' via int, leaving as string
  return {key: get_coercion(key)(value) for key, value in row.items()}
C:\Users\nicolas\Documents\GitHub\courtside-data\courtside_data\output\field_types.py:405: UserWarning: Failed to coerce '5.0' via int, leaving as string
  return {key: get_coercion(key)(value) for key, value in row.items()}
C:\Users\nicolas\Documents\GitHub\courtside-data\courtside_data\output\field_types.py:405: UserWarning: Failed to coerce '8.0' via int, leaving as string
  return {key: get_coercion(key)(value) for key, value in row.items()}
C:\Users\nicolas\Documents\GitHub\courtside-data\courtside_data\output\field_types.py:405: UserWarning: Failed to coerce '6.5' via int, leaving as string
  return {key: get_coercion(key)(value) for key, value in row.items()}
C:\Users\nicolas\Documents\GitHub\courtside-data\courtside_data\output\field_types.py:405: UserWarning: Failed to coerce '7.5' via int, leaving as string
  return {key: get_coercion(key)(value) for key, value in row.items()}
C:\Users\nicolas\Documents\GitHub\courtside-data\courtside_data\output\field_types.py:405: UserWarning: Failed to coerce '0.5' via int, leaving as string
  return {key: get_coercion(key)(value) for key, value in row.items()}
C:\Users\nicolas\Documents\GitHub\courtside-data\courtside_data\output\field_types.py:405: UserWarning: Failed to coerce '4.0' via int, leaving as string
  return {key: get_coercion(key)(value) for key, value in row.items()}
C:\Users\nicolas\Documents\GitHub\courtside-data\courtside_data\output\field_types.py:405: UserWarning: Failed to coerce '4.5' via int, leaving as string
  return {key: get_coercion(key)(value) for key, value in row.items()}
C:\Users\nicolas\Documents\GitHub\courtside-data\courtside_data\output\field_types.py:405: UserWarning: Failed to coerce '1.5' via int, leaving as string
  return {key: get_coercion(key)(value) for key, value in row.items()}
C:\Users\nicolas\Documents\GitHub\courtside-data\courtside_data\output\field_types.py:405: UserWarning: Failed to coerce '2.0' via int, leaving as string
  return {key: get_coercion(key)(value) for key, value in row.items()}
C:\Users\nicolas\Documents\GitHub\courtside-data\courtside_data\output\field_types.py:405: UserWarning: Failed to coerce '30.5' via int, leaving as string
  return {key: get_coercion(key)(value) for key, value in row.items()}
C:\Users\nicolas\Documents\GitHub\courtside-data\courtside_data\output\field_types.py:405: UserWarning: Failed to coerce '41.3' via int, leaving as string
  return {key: get_coercion(key)(value) for key, value in row.items()}
C:\Users\nicolas\Documents\GitHub\courtside-data\courtside_data\output\field_types.py:405: UserWarning: Failed to coerce '10.0' via int, leaving as string
  return {key: get_coercion(key)(value) for key, value in row.items()}
C:\Users\nicolas\Documents\GitHub\courtside-data\courtside_data\output\field_types.py:405: UserWarning: Failed to coerce '21.5' via int, leaving as string
  return {key: get_coercion(key)(value) for key, value in row.items()}
C:\Users\nicolas\Documents\GitHub\courtside-data\courtside_data\output\field_types.py:405: UserWarning: Failed to coerce '6.0' via int, leaving as string
  return {key: get_coercion(key)(value) for key, value in row.items()}
C:\Users\nicolas\Documents\GitHub\courtside-data\courtside_data\output\field_types.py:405: UserWarning: Failed to coerce '3.0' via int, leaving as string
  return {key: get_coercion(key)(value) for key, value in row.items()}
C:\Users\nicolas\Documents\GitHub\courtside-data\courtside_data\output\field_types.py:405: UserWarning: Failed to coerce '10.5' via int, leaving as string
  return {key: get_coercion(key)(value) for key, value in row.items()}
C:\Users\nicolas\Documents\GitHub\courtside-data\courtside_data\output\field_types.py:405: UserWarning: Failed to coerce '3.5' via int, leaving as string
  return {key: get_coercion(key)(value) for key, value in row.items()}
C:\Users\nicolas\Documents\GitHub\courtside-data\courtside_data\output\field_types.py:405: UserWarning: Failed to coerce '28.0' via int, leaving as string
  return {key: get_coercion(key)(value) for key, value in row.items()}
C:\Users\nicolas\Documents\GitHub\courtside-data\courtside_data\output\field_types.py:405: UserWarning: Failed to coerce '40.0' via int, leaving as string
  return {key: get_coercion(key)(value) for key, value in row.items()}
C:\Users\nicolas\Documents\GitHub\courtside-data\courtside_data\output\field_types.py:405: UserWarning: Failed to coerce '11.5' via int, leaving as string
  return {key: get_coercion(key)(value) for key, value in row.items()}
C:\Users\nicolas\Documents\GitHub\courtside-data\courtside_data\output\field_types.py:405: UserWarning: Failed to coerce '25.0' via int, leaving as string
  return {key: get_coercion(key)(value) for key, value in row.items()}
C:\Users\nicolas\Documents\GitHub\courtside-data\courtside_data\output\field_types.py:405: UserWarning: Failed to coerce '0.0' via int, leaving as string
  return {key: get_coercion(key)(value) for key, value in row.items()}
C:\Users\nicolas\Documents\GitHub\courtside-data\courtside_data\output\field_types.py:405: UserWarning: Failed to coerce '34.0' via int, leaving as string
  return {key: get_coercion(key)(value) for key, value in row.items()}
C:\Users\nicolas\Documents\GitHub\courtside-data\courtside_data\output\field_types.py:405: UserWarning: Failed to coerce '32.0' via int, leaving as string
  return {key: get_coercion(key)(value) for key, value in row.items()}
C:\Users\nicolas\Documents\GitHub\courtside-data\courtside_data\output\field_types.py:405: UserWarning: Failed to coerce '7.0' via int, leaving as string
  return {key: get_coercion(key)(value) for key, value in row.items()}
C:\Users\nicolas\Documents\GitHub\courtside-data\courtside_data\output\field_types.py:405: UserWarning: Failed to coerce '18.0' via int, leaving as string
  return {key: get_coercion(key)(value) for key, value in row.items()}
C:\Users\nicolas\Documents\GitHub\courtside-data\courtside_data\output\field_types.py:405: UserWarning: Failed to coerce '39.2' via int, leaving as string
  return {key: get_coercion(key)(value) for key, value in row.items()}
C:\Users\nicolas\Documents\GitHub\courtside-data\courtside_data\output\field_types.py:405: UserWarning: Failed to coerce '14.5' via int, leaving as string
  return {key: get_coercion(key)(value) for key, value in row.items()}
C:\Users\nicolas\Documents\GitHub\courtside-data\courtside_data\output\field_types.py:405: UserWarning: Failed to coerce '33.9' via int, leaving as string
  return {key: get_coercion(key)(value) for key, value in row.items()}
C:\Users\nicolas\Documents\GitHub\courtside-data\courtside_data\output\field_types.py:405: UserWarning: Failed to coerce '8.5' via int, leaving as string
  return {key: get_coercion(key)(value) for key, value in row.items()}
C:\Users\nicolas\Documents\GitHub\courtside-data\courtside_data\output\field_types.py:405: UserWarning: Failed to coerce '5.5' via int, leaving as string
  return {key: get_coercion(key)(value) for key, value in row.items()}
C:\Users\nicolas\Documents\GitHub\courtside-data\courtside_data\output\field_types.py:405: UserWarning: Failed to coerce '11.0' via int, leaving as string
  return {key: get_coercion(key)(value) for key, value in row.items()}
C:\Users\nicolas\Documents\GitHub\courtside-data\courtside_data\output\field_types.py:405: UserWarning: Failed to coerce '37.1' via int, leaving as string
  return {key: get_coercion(key)(value) for key, value in row.items()}
C:\Users\nicolas\Documents\GitHub\courtside-data\courtside_data\output\field_types.py:405: UserWarning: Failed to coerce '15.0' via int, leaving as string
  return {key: get_coercion(key)(value) for key, value in row.items()}
C:\Users\nicolas\Documents\GitHub\courtside-data\courtside_data\output\field_types.py:405: UserWarning: Failed to coerce '31.9' via int, leaving as string
  return {key: get_coercion(key)(value) for key, value in row.items()}
C:\Users\nicolas\Documents\GitHub\courtside-data\courtside_data\output\field_types.py:405: UserWarning: Failed to coerce '9.0' via int, leaving as string
  return {key: get_coercion(key)(value) for key, value in row.items()}
C:\Users\nicolas\Documents\GitHub\courtside-data\courtside_data\output\field_types.py:405: UserWarning: Failed to coerce '12.0' via int, leaving as string
  return {key: get_coercion(key)(value) for key, value in row.items()}
C:\Users\nicolas\Documents\GitHub\courtside-data\courtside_data\output\field_types.py:405: UserWarning: Failed to coerce '32.1' via int, leaving as string
  return {key: get_coercion(key)(value) for key, value in row.items()}
C:\Users\nicolas\Documents\GitHub\courtside-data\courtside_data\output\field_types.py:405: UserWarning: Failed to coerce '17.0' via int, leaving as string
  return {key: get_coercion(key)(value) for key, value in row.items()}
C:\Users\nicolas\Documents\GitHub\courtside-data\courtside_data\output\field_types.py:405: UserWarning: Failed to coerce '29.8' via int, leaving as string
  return {key: get_coercion(key)(value) for key, value in row.items()}
C:\Users\nicolas\Documents\GitHub\courtside-data\courtside_data\output\field_types.py:405: UserWarning: Failed to coerce '4.4' via int, leaving as string
  return {key: get_coercion(key)(value) for key, value in row.items()}
C:\Users\nicolas\Documents\GitHub\courtside-data\courtside_data\output\field_types.py:405: UserWarning: Failed to coerce '6.7' via int, leaving as string
  return {key: get_coercion(key)(value) for key, value in row.items()}
C:\Users\nicolas\Documents\GitHub\courtside-data\courtside_data\output\field_types.py:405: UserWarning: Failed to coerce '28.4' via int, leaving as string
  return {key: get_coercion(key)(value) for key, value in row.items()}
C:\Users\nicolas\Documents\GitHub\courtside-data\courtside_data\output\field_types.py:405: UserWarning: Failed to coerce '17.4' via int, leaving as string
  return {key: get_coercion(key)(value) for key, value in row.items()}
C:\Users\nicolas\Documents\GitHub\courtside-data\courtside_data\output\field_types.py:405: UserWarning: Failed to coerce '1.6' via int, leaving as string
  return {key: get_coercion(key)(value) for key, value in row.items()}
C:\Users\nicolas\Documents\GitHub\courtside-data\courtside_data\output\field_types.py:405: UserWarning: Failed to coerce '21.9' via int, leaving as string
  return {key: get_coercion(key)(value) for key, value in row.items()}
C:\Users\nicolas\Documents\GitHub\courtside-data\courtside_data\output\field_types.py:405: UserWarning: Failed to coerce '7.9' via int, leaving as string
  return {key: get_coercion(key)(value) for key, value in row.items()}
[122/341] friv_last_n_days ... ERROR other ValueError  (6.1s)
[123/341] friv_league_injuries ... OK  (rows=42, 7.0s)
[124/341] friv_milestones ... OK  (rows=25, 6.9s)
[125/341] friv_milestones_milestones ... OK  (rows=27, 6.9s)
[126/341] friv_most_g_no_playoffs ... OK  (rows=100, 6.2s)
[127/341] friv_mvp_tracker ... OK  (rows=10, 6.4s)
[128/341] friv_numbers_index ... OK  (rows=271, 7.0s)
[129/341] friv_on_this_date ... OK  (rows=0, 6.7s)
[130/341] friv_players_who_played_for_multiple_teams ... OK  (rows=0, 6.2s)
C:\Users\nicolas\Documents\GitHub\courtside-data\courtside_data\output\field_types.py:405: UserWarning: Failed to coerce '60.0' via int, leaving as string
  return {key: get_coercion(key)(value) for key, value in row.items()}
C:\Users\nicolas\Documents\GitHub\courtside-data\courtside_data\output\field_types.py:405: UserWarning: Failed to coerce '22.0' via int, leaving as string
  return {key: get_coercion(key)(value) for key, value in row.items()}
C:\Users\nicolas\Documents\GitHub\courtside-data\courtside_data\output\field_types.py:405: UserWarning: Failed to coerce '56.0' via int, leaving as string
  return {key: get_coercion(key)(value) for key, value in row.items()}
C:\Users\nicolas\Documents\GitHub\courtside-data\courtside_data\output\field_types.py:405: UserWarning: Failed to coerce '26.0' via int, leaving as string
  return {key: get_coercion(key)(value) for key, value in row.items()}
C:\Users\nicolas\Documents\GitHub\courtside-data\courtside_data\output\field_types.py:405: UserWarning: Failed to coerce '53.0' via int, leaving as string
  return {key: get_coercion(key)(value) for key, value in row.items()}
C:\Users\nicolas\Documents\GitHub\courtside-data\courtside_data\output\field_types.py:405: UserWarning: Failed to coerce '29.0' via int, leaving as string
  return {key: get_coercion(key)(value) for key, value in row.items()}
C:\Users\nicolas\Documents\GitHub\courtside-data\courtside_data\output\field_types.py:405: UserWarning: Failed to coerce '52.0' via int, leaving as string
  return {key: get_coercion(key)(value) for key, value in row.items()}
C:\Users\nicolas\Documents\GitHub\courtside-data\courtside_data\output\field_types.py:405: UserWarning: Failed to coerce '30.0' via int, leaving as string
  return {key: get_coercion(key)(value) for key, value in row.items()}
C:\Users\nicolas\Documents\GitHub\courtside-data\courtside_data\output\field_types.py:405: UserWarning: Failed to coerce '46.0' via int, leaving as string
  return {key: get_coercion(key)(value) for key, value in row.items()}
C:\Users\nicolas\Documents\GitHub\courtside-data\courtside_data\output\field_types.py:405: UserWarning: Failed to coerce '36.0' via int, leaving as string
  return {key: get_coercion(key)(value) for key, value in row.items()}
C:\Users\nicolas\Documents\GitHub\courtside-data\courtside_data\output\field_types.py:405: UserWarning: Failed to coerce '45.0' via int, leaving as string
  return {key: get_coercion(key)(value) for key, value in row.items()}
C:\Users\nicolas\Documents\GitHub\courtside-data\courtside_data\output\field_types.py:405: UserWarning: Failed to coerce '37.0' via int, leaving as string
  return {key: get_coercion(key)(value) for key, value in row.items()}
C:\Users\nicolas\Documents\GitHub\courtside-data\courtside_data\output\field_types.py:405: UserWarning: Failed to coerce '44.0' via int, leaving as string
  return {key: get_coercion(key)(value) for key, value in row.items()}
C:\Users\nicolas\Documents\GitHub\courtside-data\courtside_data\output\field_types.py:405: UserWarning: Failed to coerce '38.0' via int, leaving as string
  return {key: get_coercion(key)(value) for key, value in row.items()}
C:\Users\nicolas\Documents\GitHub\courtside-data\courtside_data\output\field_types.py:405: UserWarning: Failed to coerce '43.0' via int, leaving as string
  return {key: get_coercion(key)(value) for key, value in row.items()}
C:\Users\nicolas\Documents\GitHub\courtside-data\courtside_data\output\field_types.py:405: UserWarning: Failed to coerce '39.0' via int, leaving as string
  return {key: get_coercion(key)(value) for key, value in row.items()}
C:\Users\nicolas\Documents\GitHub\courtside-data\courtside_data\output\field_types.py:405: UserWarning: Failed to coerce '50.0' via int, leaving as string
  return {key: get_coercion(key)(value) for key, value in row.items()}
C:\Users\nicolas\Documents\GitHub\courtside-data\courtside_data\output\field_types.py:405: UserWarning: Failed to coerce '31.0' via int, leaving as string
  return {key: get_coercion(key)(value) for key, value in row.items()}
C:\Users\nicolas\Documents\GitHub\courtside-data\courtside_data\output\field_types.py:405: UserWarning: Failed to coerce '51.0' via int, leaving as string
  return {key: get_coercion(key)(value) for key, value in row.items()}
C:\Users\nicolas\Documents\GitHub\courtside-data\courtside_data\output\field_types.py:405: UserWarning: Failed to coerce '20.0' via int, leaving as string
  return {key: get_coercion(key)(value) for key, value in row.items()}
C:\Users\nicolas\Documents\GitHub\courtside-data\courtside_data\output\field_types.py:405: UserWarning: Failed to coerce '62.0' via int, leaving as string
  return {key: get_coercion(key)(value) for key, value in row.items()}
C:\Users\nicolas\Documents\GitHub\courtside-data\courtside_data\output\field_types.py:405: UserWarning: Failed to coerce '19.0' via int, leaving as string
  return {key: get_coercion(key)(value) for key, value in row.items()}
C:\Users\nicolas\Documents\GitHub\courtside-data\courtside_data\output\field_types.py:405: UserWarning: Failed to coerce '65.0' via int, leaving as string
  return {key: get_coercion(key)(value) for key, value in row.items()}
[131/341] friv_playoff_probabilities ... ERROR other ValueError  (6.9s)
C:\Users\nicolas\Documents\GitHub\courtside-data\courtside_data\output\field_types.py:405: UserWarning: Failed to coerce '64.0' via int, leaving as string
  return {key: get_coercion(key)(value) for key, value in row.items()}
C:\Users\nicolas\Documents\GitHub\courtside-data\courtside_data\output\field_types.py:405: UserWarning: Failed to coerce '54.0' via int, leaving as string
  return {key: get_coercion(key)(value) for key, value in row.items()}
C:\Users\nicolas\Documents\GitHub\courtside-data\courtside_data\output\field_types.py:405: UserWarning: Failed to coerce '49.0' via int, leaving as string
  return {key: get_coercion(key)(value) for key, value in row.items()}
C:\Users\nicolas\Documents\GitHub\courtside-data\courtside_data\output\field_types.py:405: UserWarning: Failed to coerce '33.0' via int, leaving as string
  return {key: get_coercion(key)(value) for key, value in row.items()}
C:\Users\nicolas\Documents\GitHub\courtside-data\courtside_data\output\field_types.py:405: UserWarning: Failed to coerce '42.0' via int, leaving as string
  return {key: get_coercion(key)(value) for key, value in row.items()}
C:\Users\nicolas\Documents\GitHub\courtside-data\courtside_data\output\field_types.py:405: UserWarning: Failed to coerce '57.0' via int, leaving as string
  return {key: get_coercion(key)(value) for key, value in row.items()}
[132/341] friv_playoff_probabilities_projected_standings_w ... ERROR other ValueError  (6.3s)
[133/341] friv_projected_draft ... OK  (rows=30, 6.9s)
[134/341] friv_projected_draft_pre_lottery_draft_position ... OK  (rows=30, 6.4s)
[135/341] friv_projections ... OK  (rows=533, 7.4s)
[136/341] friv_standings_on_date ... OK  (rows=30, 6.5s)
C:\Users\nicolas\Documents\GitHub\courtside-data\courtside_data\output\field_types.py:405: UserWarning: Failed to coerce 'ù' via float, leaving as string
  return {key: get_coercion(key)(value) for key, value in row.items()}
[137/341] friv_standings_on_date_standings_e ... ERROR other ValueError  (6.2s)
[138/341] friv_standings_on_date_standings_w ... ERROR other ValueError  (6.2s)
[139/341] friv_standings_on_date_team ... OK  (rows=30, 6.1s)
[140/341] friv_teammates_and_opponents ... OK  (rows=8, 6.8s)
[141/341] friv_trades ... OK  (rows=30, 7.1s)
[142/341] friv_transactions ... OK  (rows=24, 6.1s)
[143/341] friv_uniform_numbers ... OK  (rows=271, 6.8s)
[144/341] friv_upcoming_milestones ... OK  (rows=24, 6.2s)
[145/341] friv_upcoming_milestones_upcoming_milestones ... OK  (rows=118, 6.6s)
[146/341] leaders_franchise ... OK  (rows=85, 6.7s)
[147/341] leaders_franchise_leaders_defunct ... OK  (rows=44, 6.5s)
[148/341] leaders_player_anniversary ... ERROR other TypeError  (0.0s)
[149/341] leaders_player_anniversary_player_highest_pts_per_g_rookie_season ... ERROR other TypeError  (0.0s)
[150/341] leaders_player_anniversary_player_highest_pts_per_g_season ... ERROR other TypeError  (0.0s)
[151/341] leaders_player_anniversary_player_most_cons_g_10_pts ... ERROR other TypeError  (0.0s)
[152/341] leaders_player_anniversary_player_most_cons_g_20_pts ... ERROR other TypeError  (0.0s)
[153/341] leaders_player_anniversary_player_most_cons_g_30_pts ... ERROR other TypeError  (0.0s)
[154/341] leaders_player_anniversary_player_most_cons_g_40_pts ... ERROR other TypeError  (0.0s)
[155/341] leaders_player_anniversary_player_most_cons_g_50_pts ... ERROR other TypeError  (0.0s)
[156/341] leaders_player_anniversary_player_most_cons_times_leader_pts ... ERROR other TypeError  (0.0s)
[157/341] leaders_player_anniversary_player_most_cons_times_leader_pts_per_g ... ERROR other TypeError  (0.0s)
[158/341] leaders_player_anniversary_player_most_g_40_pts_season ... ERROR other TypeError  (0.0s)
[159/341] leaders_player_anniversary_player_most_g_50_pts_season ... ERROR other TypeError  (0.0s)
[160/341] leaders_player_anniversary_player_most_pts_career ... ERROR other TypeError  (0.0s)
[161/341] leaders_player_anniversary_player_most_pts_game ... ERROR other TypeError  (0.0s)
[162/341] leaders_player_anniversary_player_most_pts_half ... ERROR other TypeError  (0.0s)
[163/341] leaders_player_anniversary_player_most_pts_overtime ... ERROR other TypeError  (0.0s)
[164/341] leaders_player_anniversary_player_most_pts_quarter ... ERROR other TypeError  (0.0s)
[165/341] leaders_player_anniversary_player_most_pts_rookie_game ... ERROR other TypeError  (0.0s)
[166/341] leaders_player_anniversary_player_most_pts_rookie_season ... ERROR other TypeError  (0.0s)
[167/341] leaders_player_anniversary_player_most_pts_season ... ERROR other TypeError  (0.0s)
[168/341] leaders_player_anniversary_player_most_seasons_1000_pts ... ERROR other TypeError  (0.0s)
[169/341] leaders_player_anniversary_player_most_seasons_2000_pts ... ERROR other TypeError  (0.0s)
[170/341] leaders_player_anniversary_player_most_times_leader_pts ... ERROR other TypeError  (0.0s)
[171/341] leaders_player_anniversary_player_most_times_leader_pts_per_g ... ERROR other TypeError  (0.0s)
[172/341] leaders_record_boards ... ERROR other TypeError  (0.0s)
[173/341] leaders_record_boards_nba ... ERROR other TypeError  (0.0s)
[174/341] leaders_record_boards_tot ... ERROR other TypeError  (0.0s)
C:\Users\nicolas\Documents\GitHub\courtside-data\courtside_data\output\field_types.py:405: UserWarning: Failed to coerce '1.' via int, leaving as string
  return {key: get_coercion(key)(value) for key, value in row.items()}
C:\Users\nicolas\Documents\GitHub\courtside-data\courtside_data\output\field_types.py:405: UserWarning: Failed to coerce '2.' via int, leaving as string
  return {key: get_coercion(key)(value) for key, value in row.items()}
C:\Users\nicolas\Documents\GitHub\courtside-data\courtside_data\output\field_types.py:405: UserWarning: Failed to coerce '3.' via int, leaving as string
  return {key: get_coercion(key)(value) for key, value in row.items()}
C:\Users\nicolas\Documents\GitHub\courtside-data\courtside_data\output\field_types.py:405: UserWarning: Failed to coerce '4.' via int, leaving as string
  return {key: get_coercion(key)(value) for key, value in row.items()}
C:\Users\nicolas\Documents\GitHub\courtside-data\courtside_data\output\field_types.py:405: UserWarning: Failed to coerce '5.' via int, leaving as string
  return {key: get_coercion(key)(value) for key, value in row.items()}
C:\Users\nicolas\Documents\GitHub\courtside-data\courtside_data\output\field_types.py:405: UserWarning: Failed to coerce '6.' via int, leaving as string
  return {key: get_coercion(key)(value) for key, value in row.items()}
C:\Users\nicolas\Documents\GitHub\courtside-data\courtside_data\output\field_types.py:405: UserWarning: Failed to coerce '7.' via int, leaving as string
  return {key: get_coercion(key)(value) for key, value in row.items()}
C:\Users\nicolas\Documents\GitHub\courtside-data\courtside_data\output\field_types.py:405: UserWarning: Failed to coerce '8.' via int, leaving as string
  return {key: get_coercion(key)(value) for key, value in row.items()}
C:\Users\nicolas\Documents\GitHub\courtside-data\courtside_data\output\field_types.py:405: UserWarning: Failed to coerce '9.' via int, leaving as string
  return {key: get_coercion(key)(value) for key, value in row.items()}
C:\Users\nicolas\Documents\GitHub\courtside-data\courtside_data\output\field_types.py:405: UserWarning: Failed to coerce '10.' via int, leaving as string
  return {key: get_coercion(key)(value) for key, value in row.items()}
C:\Users\nicolas\Documents\GitHub\courtside-data\courtside_data\output\field_types.py:405: UserWarning: Failed to coerce '11.' via int, leaving as string
  return {key: get_coercion(key)(value) for key, value in row.items()}
C:\Users\nicolas\Documents\GitHub\courtside-data\courtside_data\output\field_types.py:405: UserWarning: Failed to coerce '12.' via int, leaving as string
  return {key: get_coercion(key)(value) for key, value in row.items()}
C:\Users\nicolas\Documents\GitHub\courtside-data\courtside_data\output\field_types.py:405: UserWarning: Failed to coerce '13.' via int, leaving as string
  return {key: get_coercion(key)(value) for key, value in row.items()}
C:\Users\nicolas\Documents\GitHub\courtside-data\courtside_data\output\field_types.py:405: UserWarning: Failed to coerce '14.' via int, leaving as string
  return {key: get_coercion(key)(value) for key, value in row.items()}
C:\Users\nicolas\Documents\GitHub\courtside-data\courtside_data\output\field_types.py:405: UserWarning: Failed to coerce '15.' via int, leaving as string
  return {key: get_coercion(key)(value) for key, value in row.items()}
C:\Users\nicolas\Documents\GitHub\courtside-data\courtside_data\output\field_types.py:405: UserWarning: Failed to coerce '16.' via int, leaving as string
  return {key: get_coercion(key)(value) for key, value in row.items()}
C:\Users\nicolas\Documents\GitHub\courtside-data\courtside_data\output\field_types.py:405: UserWarning: Failed to coerce '17.' via int, leaving as string
  return {key: get_coercion(key)(value) for key, value in row.items()}
C:\Users\nicolas\Documents\GitHub\courtside-data\courtside_data\output\field_types.py:405: UserWarning: Failed to coerce '18.' via int, leaving as string
  return {key: get_coercion(key)(value) for key, value in row.items()}
C:\Users\nicolas\Documents\GitHub\courtside-data\courtside_data\output\field_types.py:405: UserWarning: Failed to coerce '19.' via int, leaving as string
  return {key: get_coercion(key)(value) for key, value in row.items()}
C:\Users\nicolas\Documents\GitHub\courtside-data\courtside_data\output\field_types.py:405: UserWarning: Failed to coerce '20.' via int, leaving as string
  return {key: get_coercion(key)(value) for key, value in row.items()}
C:\Users\nicolas\Documents\GitHub\courtside-data\courtside_data\output\field_types.py:405: UserWarning: Failed to coerce '21.' via int, leaving as string
  return {key: get_coercion(key)(value) for key, value in row.items()}
C:\Users\nicolas\Documents\GitHub\courtside-data\courtside_data\output\field_types.py:405: UserWarning: Failed to coerce '22.' via int, leaving as string
  return {key: get_coercion(key)(value) for key, value in row.items()}
C:\Users\nicolas\Documents\GitHub\courtside-data\courtside_data\output\field_types.py:405: UserWarning: Failed to coerce '23.' via int, leaving as string
  return {key: get_coercion(key)(value) for key, value in row.items()}
C:\Users\nicolas\Documents\GitHub\courtside-data\courtside_data\output\field_types.py:405: UserWarning: Failed to coerce '24.' via int, leaving as string
  return {key: get_coercion(key)(value) for key, value in row.items()}
C:\Users\nicolas\Documents\GitHub\courtside-data\courtside_data\output\field_types.py:405: UserWarning: Failed to coerce '25.' via int, leaving as string
  return {key: get_coercion(key)(value) for key, value in row.items()}
C:\Users\nicolas\Documents\GitHub\courtside-data\courtside_data\output\field_types.py:405: UserWarning: Failed to coerce '26.' via int, leaving as string
  return {key: get_coercion(key)(value) for key, value in row.items()}
C:\Users\nicolas\Documents\GitHub\courtside-data\courtside_data\output\field_types.py:405: UserWarning: Failed to coerce '27.' via int, leaving as string
  return {key: get_coercion(key)(value) for key, value in row.items()}
C:\Users\nicolas\Documents\GitHub\courtside-data\courtside_data\output\field_types.py:405: UserWarning: Failed to coerce '28.' via int, leaving as string
  return {key: get_coercion(key)(value) for key, value in row.items()}
C:\Users\nicolas\Documents\GitHub\courtside-data\courtside_data\output\field_types.py:405: UserWarning: Failed to coerce '29.' via int, leaving as string
  return {key: get_coercion(key)(value) for key, value in row.items()}
C:\Users\nicolas\Documents\GitHub\courtside-data\courtside_data\output\field_types.py:405: UserWarning: Failed to coerce '30.' via int, leaving as string
  return {key: get_coercion(key)(value) for key, value in row.items()}
C:\Users\nicolas\Documents\GitHub\courtside-data\courtside_data\output\field_types.py:405: UserWarning: Failed to coerce '31.' via int, leaving as string
  return {key: get_coercion(key)(value) for key, value in row.items()}
C:\Users\nicolas\Documents\GitHub\courtside-data\courtside_data\output\field_types.py:405: UserWarning: Failed to coerce '32.' via int, leaving as string
  return {key: get_coercion(key)(value) for key, value in row.items()}
C:\Users\nicolas\Documents\GitHub\courtside-data\courtside_data\output\field_types.py:405: UserWarning: Failed to coerce '33.' via int, leaving as string
  return {key: get_coercion(key)(value) for key, value in row.items()}
C:\Users\nicolas\Documents\GitHub\courtside-data\courtside_data\output\field_types.py:405: UserWarning: Failed to coerce '34.' via int, leaving as string
  return {key: get_coercion(key)(value) for key, value in row.items()}
C:\Users\nicolas\Documents\GitHub\courtside-data\courtside_data\output\field_types.py:405: UserWarning: Failed to coerce '35.' via int, leaving as string
  return {key: get_coercion(key)(value) for key, value in row.items()}
C:\Users\nicolas\Documents\GitHub\courtside-data\courtside_data\output\field_types.py:405: UserWarning: Failed to coerce '36.' via int, leaving as string
  return {key: get_coercion(key)(value) for key, value in row.items()}
C:\Users\nicolas\Documents\GitHub\courtside-data\courtside_data\output\field_types.py:405: UserWarning: Failed to coerce '37.' via int, leaving as string
  return {key: get_coercion(key)(value) for key, value in row.items()}
C:\Users\nicolas\Documents\GitHub\courtside-data\courtside_data\output\field_types.py:405: UserWarning: Failed to coerce '38.' via int, leaving as string
  return {key: get_coercion(key)(value) for key, value in row.items()}
C:\Users\nicolas\Documents\GitHub\courtside-data\courtside_data\output\field_types.py:405: UserWarning: Failed to coerce '39.' via int, leaving as string
  return {key: get_coercion(key)(value) for key, value in row.items()}
C:\Users\nicolas\Documents\GitHub\courtside-data\courtside_data\output\field_types.py:405: UserWarning: Failed to coerce '40.' via int, leaving as string
  return {key: get_coercion(key)(value) for key, value in row.items()}
C:\Users\nicolas\Documents\GitHub\courtside-data\courtside_data\output\field_types.py:405: UserWarning: Failed to coerce '41.' via int, leaving as string
  return {key: get_coercion(key)(value) for key, value in row.items()}
C:\Users\nicolas\Documents\GitHub\courtside-data\courtside_data\output\field_types.py:405: UserWarning: Failed to coerce '42.' via int, leaving as string
  return {key: get_coercion(key)(value) for key, value in row.items()}
C:\Users\nicolas\Documents\GitHub\courtside-data\courtside_data\output\field_types.py:405: UserWarning: Failed to coerce '43.' via int, leaving as string
  return {key: get_coercion(key)(value) for key, value in row.items()}
C:\Users\nicolas\Documents\GitHub\courtside-data\courtside_data\output\field_types.py:405: UserWarning: Failed to coerce '44.' via int, leaving as string
  return {key: get_coercion(key)(value) for key, value in row.items()}
C:\Users\nicolas\Documents\GitHub\courtside-data\courtside_data\output\field_types.py:405: UserWarning: Failed to coerce '45.' via int, leaving as string
  return {key: get_coercion(key)(value) for key, value in row.items()}
C:\Users\nicolas\Documents\GitHub\courtside-data\courtside_data\output\field_types.py:405: UserWarning: Failed to coerce '46.' via int, leaving as string
  return {key: get_coercion(key)(value) for key, value in row.items()}
C:\Users\nicolas\Documents\GitHub\courtside-data\courtside_data\output\field_types.py:405: UserWarning: Failed to coerce '47.' via int, leaving as string
  return {key: get_coercion(key)(value) for key, value in row.items()}
C:\Users\nicolas\Documents\GitHub\courtside-data\courtside_data\output\field_types.py:405: UserWarning: Failed to coerce '48.' via int, leaving as string
  return {key: get_coercion(key)(value) for key, value in row.items()}
C:\Users\nicolas\Documents\GitHub\courtside-data\courtside_data\output\field_types.py:405: UserWarning: Failed to coerce '49.' via int, leaving as string
  return {key: get_coercion(key)(value) for key, value in row.items()}
C:\Users\nicolas\Documents\GitHub\courtside-data\courtside_data\output\field_types.py:405: UserWarning: Failed to coerce '50.' via int, leaving as string
  return {key: get_coercion(key)(value) for key, value in row.items()}
C:\Users\nicolas\Documents\GitHub\courtside-data\courtside_data\output\field_types.py:405: UserWarning: Failed to coerce '51.' via int, leaving as string
  return {key: get_coercion(key)(value) for key, value in row.items()}
C:\Users\nicolas\Documents\GitHub\courtside-data\courtside_data\output\field_types.py:405: UserWarning: Failed to coerce '52.' via int, leaving as string
  return {key: get_coercion(key)(value) for key, value in row.items()}
C:\Users\nicolas\Documents\GitHub\courtside-data\courtside_data\output\field_types.py:405: UserWarning: Failed to coerce '53.' via int, leaving as string
  return {key: get_coercion(key)(value) for key, value in row.items()}
C:\Users\nicolas\Documents\GitHub\courtside-data\courtside_data\output\field_types.py:405: UserWarning: Failed to coerce '54.' via int, leaving as string
  return {key: get_coercion(key)(value) for key, value in row.items()}
C:\Users\nicolas\Documents\GitHub\courtside-data\courtside_data\output\field_types.py:405: UserWarning: Failed to coerce '55.' via int, leaving as string
  return {key: get_coercion(key)(value) for key, value in row.items()}
C:\Users\nicolas\Documents\GitHub\courtside-data\courtside_data\output\field_types.py:405: UserWarning: Failed to coerce '56.' via int, leaving as string
  return {key: get_coercion(key)(value) for key, value in row.items()}
C:\Users\nicolas\Documents\GitHub\courtside-data\courtside_data\output\field_types.py:405: UserWarning: Failed to coerce '57.' via int, leaving as string
  return {key: get_coercion(key)(value) for key, value in row.items()}
C:\Users\nicolas\Documents\GitHub\courtside-data\courtside_data\output\field_types.py:405: UserWarning: Failed to coerce '58.' via int, leaving as string
  return {key: get_coercion(key)(value) for key, value in row.items()}
C:\Users\nicolas\Documents\GitHub\courtside-data\courtside_data\output\field_types.py:405: UserWarning: Failed to coerce '59.' via int, leaving as string
  return {key: get_coercion(key)(value) for key, value in row.items()}
C:\Users\nicolas\Documents\GitHub\courtside-data\courtside_data\output\field_types.py:405: UserWarning: Failed to coerce '60.' via int, leaving as string
  return {key: get_coercion(key)(value) for key, value in row.items()}
C:\Users\nicolas\Documents\GitHub\courtside-data\courtside_data\output\field_types.py:405: UserWarning: Failed to coerce '61.' via int, leaving as string
  return {key: get_coercion(key)(value) for key, value in row.items()}
C:\Users\nicolas\Documents\GitHub\courtside-data\courtside_data\output\field_types.py:405: UserWarning: Failed to coerce '62.' via int, leaving as string
  return {key: get_coercion(key)(value) for key, value in row.items()}
C:\Users\nicolas\Documents\GitHub\courtside-data\courtside_data\output\field_types.py:405: UserWarning: Failed to coerce '63.' via int, leaving as string
  return {key: get_coercion(key)(value) for key, value in row.items()}
C:\Users\nicolas\Documents\GitHub\courtside-data\courtside_data\output\field_types.py:405: UserWarning: Failed to coerce '64.' via int, leaving as string
  return {key: get_coercion(key)(value) for key, value in row.items()}
C:\Users\nicolas\Documents\GitHub\courtside-data\courtside_data\output\field_types.py:405: UserWarning: Failed to coerce '65.' via int, leaving as string
  return {key: get_coercion(key)(value) for key, value in row.items()}
C:\Users\nicolas\Documents\GitHub\courtside-data\courtside_data\output\field_types.py:405: UserWarning: Failed to coerce '66.' via int, leaving as string
  return {key: get_coercion(key)(value) for key, value in row.items()}
C:\Users\nicolas\Documents\GitHub\courtside-data\courtside_data\output\field_types.py:405: UserWarning: Failed to coerce '67.' via int, leaving as string
  return {key: get_coercion(key)(value) for key, value in row.items()}
C:\Users\nicolas\Documents\GitHub\courtside-data\courtside_data\output\field_types.py:405: UserWarning: Failed to coerce '68.' via int, leaving as string
  return {key: get_coercion(key)(value) for key, value in row.items()}
C:\Users\nicolas\Documents\GitHub\courtside-data\courtside_data\output\field_types.py:405: UserWarning: Failed to coerce '69.' via int, leaving as string
  return {key: get_coercion(key)(value) for key, value in row.items()}
C:\Users\nicolas\Documents\GitHub\courtside-data\courtside_data\output\field_types.py:405: UserWarning: Failed to coerce '70.' via int, leaving as string
  return {key: get_coercion(key)(value) for key, value in row.items()}
C:\Users\nicolas\Documents\GitHub\courtside-data\courtside_data\output\field_types.py:405: UserWarning: Failed to coerce '71.' via int, leaving as string
  return {key: get_coercion(key)(value) for key, value in row.items()}
C:\Users\nicolas\Documents\GitHub\courtside-data\courtside_data\output\field_types.py:405: UserWarning: Failed to coerce '72.' via int, leaving as string
  return {key: get_coercion(key)(value) for key, value in row.items()}
C:\Users\nicolas\Documents\GitHub\courtside-data\courtside_data\output\field_types.py:405: UserWarning: Failed to coerce '73.' via int, leaving as string
  return {key: get_coercion(key)(value) for key, value in row.items()}
C:\Users\nicolas\Documents\GitHub\courtside-data\courtside_data\output\field_types.py:405: UserWarning: Failed to coerce '74.' via int, leaving as string
  return {key: get_coercion(key)(value) for key, value in row.items()}
C:\Users\nicolas\Documents\GitHub\courtside-data\courtside_data\output\field_types.py:405: UserWarning: Failed to coerce '75.' via int, leaving as string
  return {key: get_coercion(key)(value) for key, value in row.items()}
C:\Users\nicolas\Documents\GitHub\courtside-data\courtside_data\output\field_types.py:405: UserWarning: Failed to coerce '76.' via int, leaving as string
  return {key: get_coercion(key)(value) for key, value in row.items()}
C:\Users\nicolas\Documents\GitHub\courtside-data\courtside_data\output\field_types.py:405: UserWarning: Failed to coerce '77.' via int, leaving as string
  return {key: get_coercion(key)(value) for key, value in row.items()}
C:\Users\nicolas\Documents\GitHub\courtside-data\courtside_data\output\field_types.py:405: UserWarning: Failed to coerce '78.' via int, leaving as string
  return {key: get_coercion(key)(value) for key, value in row.items()}
C:\Users\nicolas\Documents\GitHub\courtside-data\courtside_data\output\field_types.py:405: UserWarning: Failed to coerce '79.' via int, leaving as string
  return {key: get_coercion(key)(value) for key, value in row.items()}
C:\Users\nicolas\Documents\GitHub\courtside-data\courtside_data\output\field_types.py:405: UserWarning: Failed to coerce '80.' via int, leaving as string
  return {key: get_coercion(key)(value) for key, value in row.items()}
C:\Users\nicolas\Documents\GitHub\courtside-data\courtside_data\output\field_types.py:405: UserWarning: Failed to coerce '81.' via int, leaving as string
  return {key: get_coercion(key)(value) for key, value in row.items()}
C:\Users\nicolas\Documents\GitHub\courtside-data\courtside_data\output\field_types.py:405: UserWarning: Failed to coerce '82.' via int, leaving as string
  return {key: get_coercion(key)(value) for key, value in row.items()}
C:\Users\nicolas\Documents\GitHub\courtside-data\courtside_data\output\field_types.py:405: UserWarning: Failed to coerce '83.' via int, leaving as string
  return {key: get_coercion(key)(value) for key, value in row.items()}
C:\Users\nicolas\Documents\GitHub\courtside-data\courtside_data\output\field_types.py:405: UserWarning: Failed to coerce '84.' via int, leaving as string
  return {key: get_coercion(key)(value) for key, value in row.items()}
C:\Users\nicolas\Documents\GitHub\courtside-data\courtside_data\output\field_types.py:405: UserWarning: Failed to coerce '85.' via int, leaving as string
  return {key: get_coercion(key)(value) for key, value in row.items()}
C:\Users\nicolas\Documents\GitHub\courtside-data\courtside_data\output\field_types.py:405: UserWarning: Failed to coerce '86.' via int, leaving as string
  return {key: get_coercion(key)(value) for key, value in row.items()}
C:\Users\nicolas\Documents\GitHub\courtside-data\courtside_data\output\field_types.py:405: UserWarning: Failed to coerce '87.' via int, leaving as string
  return {key: get_coercion(key)(value) for key, value in row.items()}
C:\Users\nicolas\Documents\GitHub\courtside-data\courtside_data\output\field_types.py:405: UserWarning: Failed to coerce '88.' via int, leaving as string
  return {key: get_coercion(key)(value) for key, value in row.items()}
C:\Users\nicolas\Documents\GitHub\courtside-data\courtside_data\output\field_types.py:405: UserWarning: Failed to coerce '89.' via int, leaving as string
  return {key: get_coercion(key)(value) for key, value in row.items()}
C:\Users\nicolas\Documents\GitHub\courtside-data\courtside_data\output\field_types.py:405: UserWarning: Failed to coerce '90.' via int, leaving as string
  return {key: get_coercion(key)(value) for key, value in row.items()}
C:\Users\nicolas\Documents\GitHub\courtside-data\courtside_data\output\field_types.py:405: UserWarning: Failed to coerce '91.' via int, leaving as string
  return {key: get_coercion(key)(value) for key, value in row.items()}
C:\Users\nicolas\Documents\GitHub\courtside-data\courtside_data\output\field_types.py:405: UserWarning: Failed to coerce '92.' via int, leaving as string
  return {key: get_coercion(key)(value) for key, value in row.items()}
C:\Users\nicolas\Documents\GitHub\courtside-data\courtside_data\output\field_types.py:405: UserWarning: Failed to coerce '93.' via int, leaving as string
  return {key: get_coercion(key)(value) for key, value in row.items()}
C:\Users\nicolas\Documents\GitHub\courtside-data\courtside_data\output\field_types.py:405: UserWarning: Failed to coerce '94.' via int, leaving as string
  return {key: get_coercion(key)(value) for key, value in row.items()}
C:\Users\nicolas\Documents\GitHub\courtside-data\courtside_data\output\field_types.py:405: UserWarning: Failed to coerce '95.' via int, leaving as string
  return {key: get_coercion(key)(value) for key, value in row.items()}
C:\Users\nicolas\Documents\GitHub\courtside-data\courtside_data\output\field_types.py:405: UserWarning: Failed to coerce '96.' via int, leaving as string
  return {key: get_coercion(key)(value) for key, value in row.items()}
C:\Users\nicolas\Documents\GitHub\courtside-data\courtside_data\output\field_types.py:405: UserWarning: Failed to coerce '97.' via int, leaving as string
  return {key: get_coercion(key)(value) for key, value in row.items()}
C:\Users\nicolas\Documents\GitHub\courtside-data\courtside_data\output\field_types.py:405: UserWarning: Failed to coerce '98.' via int, leaving as string
  return {key: get_coercion(key)(value) for key, value in row.items()}
C:\Users\nicolas\Documents\GitHub\courtside-data\courtside_data\output\field_types.py:405: UserWarning: Failed to coerce '99.' via int, leaving as string
  return {key: get_coercion(key)(value) for key, value in row.items()}
C:\Users\nicolas\Documents\GitHub\courtside-data\courtside_data\output\field_types.py:405: UserWarning: Failed to coerce '100.' via int, leaving as string
  return {key: get_coercion(key)(value) for key, value in row.items()}
[175/341] leaders_specialty_boards ... ERROR other ValueError  (6.2s)
C:\Users\nicolas\Documents\GitHub\courtside-data\courtside_data\output\field_types.py:405: UserWarning: Failed to coerce '101.' via int, leaving as string
  return {key: get_coercion(key)(value) for key, value in row.items()}
C:\Users\nicolas\Documents\GitHub\courtside-data\courtside_data\output\field_types.py:405: UserWarning: Failed to coerce '102.' via int, leaving as string
  return {key: get_coercion(key)(value) for key, value in row.items()}
C:\Users\nicolas\Documents\GitHub\courtside-data\courtside_data\output\field_types.py:405: UserWarning: Failed to coerce '103.' via int, leaving as string
  return {key: get_coercion(key)(value) for key, value in row.items()}
C:\Users\nicolas\Documents\GitHub\courtside-data\courtside_data\output\field_types.py:405: UserWarning: Failed to coerce '104.' via int, leaving as string
  return {key: get_coercion(key)(value) for key, value in row.items()}
C:\Users\nicolas\Documents\GitHub\courtside-data\courtside_data\output\field_types.py:405: UserWarning: Failed to coerce '105.' via int, leaving as string
  return {key: get_coercion(key)(value) for key, value in row.items()}
C:\Users\nicolas\Documents\GitHub\courtside-data\courtside_data\output\field_types.py:405: UserWarning: Failed to coerce '106.' via int, leaving as string
  return {key: get_coercion(key)(value) for key, value in row.items()}
C:\Users\nicolas\Documents\GitHub\courtside-data\courtside_data\output\field_types.py:405: UserWarning: Failed to coerce '107.' via int, leaving as string
  return {key: get_coercion(key)(value) for key, value in row.items()}
C:\Users\nicolas\Documents\GitHub\courtside-data\courtside_data\output\field_types.py:405: UserWarning: Failed to coerce '108.' via int, leaving as string
  return {key: get_coercion(key)(value) for key, value in row.items()}
C:\Users\nicolas\Documents\GitHub\courtside-data\courtside_data\output\field_types.py:405: UserWarning: Failed to coerce '109.' via int, leaving as string
  return {key: get_coercion(key)(value) for key, value in row.items()}
C:\Users\nicolas\Documents\GitHub\courtside-data\courtside_data\output\field_types.py:405: UserWarning: Failed to coerce '110.' via int, leaving as string
  return {key: get_coercion(key)(value) for key, value in row.items()}
C:\Users\nicolas\Documents\GitHub\courtside-data\courtside_data\output\field_types.py:405: UserWarning: Failed to coerce '111.' via int, leaving as string
  return {key: get_coercion(key)(value) for key, value in row.items()}
C:\Users\nicolas\Documents\GitHub\courtside-data\courtside_data\output\field_types.py:405: UserWarning: Failed to coerce '112.' via int, leaving as string
  return {key: get_coercion(key)(value) for key, value in row.items()}
C:\Users\nicolas\Documents\GitHub\courtside-data\courtside_data\output\field_types.py:405: UserWarning: Failed to coerce '113.' via int, leaving as string
  return {key: get_coercion(key)(value) for key, value in row.items()}
C:\Users\nicolas\Documents\GitHub\courtside-data\courtside_data\output\field_types.py:405: UserWarning: Failed to coerce '114.' via int, leaving as string
  return {key: get_coercion(key)(value) for key, value in row.items()}
C:\Users\nicolas\Documents\GitHub\courtside-data\courtside_data\output\field_types.py:405: UserWarning: Failed to coerce '115.' via int, leaving as string
  return {key: get_coercion(key)(value) for key, value in row.items()}
C:\Users\nicolas\Documents\GitHub\courtside-data\courtside_data\output\field_types.py:405: UserWarning: Failed to coerce '116.' via int, leaving as string
  return {key: get_coercion(key)(value) for key, value in row.items()}
C:\Users\nicolas\Documents\GitHub\courtside-data\courtside_data\output\field_types.py:405: UserWarning: Failed to coerce '117.' via int, leaving as string
  return {key: get_coercion(key)(value) for key, value in row.items()}
C:\Users\nicolas\Documents\GitHub\courtside-data\courtside_data\output\field_types.py:405: UserWarning: Failed to coerce '118.' via int, leaving as string
  return {key: get_coercion(key)(value) for key, value in row.items()}
C:\Users\nicolas\Documents\GitHub\courtside-data\courtside_data\output\field_types.py:405: UserWarning: Failed to coerce '119.' via int, leaving as string
  return {key: get_coercion(key)(value) for key, value in row.items()}
C:\Users\nicolas\Documents\GitHub\courtside-data\courtside_data\output\field_types.py:405: UserWarning: Failed to coerce '120.' via int, leaving as string
  return {key: get_coercion(key)(value) for key, value in row.items()}
C:\Users\nicolas\Documents\GitHub\courtside-data\courtside_data\output\field_types.py:405: UserWarning: Failed to coerce '121.' via int, leaving as string
  return {key: get_coercion(key)(value) for key, value in row.items()}
C:\Users\nicolas\Documents\GitHub\courtside-data\courtside_data\output\field_types.py:405: UserWarning: Failed to coerce '122.' via int, leaving as string
  return {key: get_coercion(key)(value) for key, value in row.items()}
C:\Users\nicolas\Documents\GitHub\courtside-data\courtside_data\output\field_types.py:405: UserWarning: Failed to coerce '123.' via int, leaving as string
  return {key: get_coercion(key)(value) for key, value in row.items()}
C:\Users\nicolas\Documents\GitHub\courtside-data\courtside_data\output\field_types.py:405: UserWarning: Failed to coerce '124.' via int, leaving as string
  return {key: get_coercion(key)(value) for key, value in row.items()}
C:\Users\nicolas\Documents\GitHub\courtside-data\courtside_data\output\field_types.py:405: UserWarning: Failed to coerce '125.' via int, leaving as string
  return {key: get_coercion(key)(value) for key, value in row.items()}
C:\Users\nicolas\Documents\GitHub\courtside-data\courtside_data\output\field_types.py:405: UserWarning: Failed to coerce '126.' via int, leaving as string
  return {key: get_coercion(key)(value) for key, value in row.items()}
C:\Users\nicolas\Documents\GitHub\courtside-data\courtside_data\output\field_types.py:405: UserWarning: Failed to coerce '127.' via int, leaving as string
  return {key: get_coercion(key)(value) for key, value in row.items()}
C:\Users\nicolas\Documents\GitHub\courtside-data\courtside_data\output\field_types.py:405: UserWarning: Failed to coerce '128.' via int, leaving as string
  return {key: get_coercion(key)(value) for key, value in row.items()}
C:\Users\nicolas\Documents\GitHub\courtside-data\courtside_data\output\field_types.py:405: UserWarning: Failed to coerce '129.' via int, leaving as string
  return {key: get_coercion(key)(value) for key, value in row.items()}
C:\Users\nicolas\Documents\GitHub\courtside-data\courtside_data\output\field_types.py:405: UserWarning: Failed to coerce '130.' via int, leaving as string
  return {key: get_coercion(key)(value) for key, value in row.items()}
C:\Users\nicolas\Documents\GitHub\courtside-data\courtside_data\output\field_types.py:405: UserWarning: Failed to coerce '131.' via int, leaving as string
  return {key: get_coercion(key)(value) for key, value in row.items()}
C:\Users\nicolas\Documents\GitHub\courtside-data\courtside_data\output\field_types.py:405: UserWarning: Failed to coerce '132.' via int, leaving as string
  return {key: get_coercion(key)(value) for key, value in row.items()}
C:\Users\nicolas\Documents\GitHub\courtside-data\courtside_data\output\field_types.py:405: UserWarning: Failed to coerce '133.' via int, leaving as string
  return {key: get_coercion(key)(value) for key, value in row.items()}
C:\Users\nicolas\Documents\GitHub\courtside-data\courtside_data\output\field_types.py:405: UserWarning: Failed to coerce '134.' via int, leaving as string
  return {key: get_coercion(key)(value) for key, value in row.items()}
C:\Users\nicolas\Documents\GitHub\courtside-data\courtside_data\output\field_types.py:405: UserWarning: Failed to coerce '135.' via int, leaving as string
  return {key: get_coercion(key)(value) for key, value in row.items()}
C:\Users\nicolas\Documents\GitHub\courtside-data\courtside_data\output\field_types.py:405: UserWarning: Failed to coerce '136.' via int, leaving as string
  return {key: get_coercion(key)(value) for key, value in row.items()}
C:\Users\nicolas\Documents\GitHub\courtside-data\courtside_data\output\field_types.py:405: UserWarning: Failed to coerce '137.' via int, leaving as string
  return {key: get_coercion(key)(value) for key, value in row.items()}
C:\Users\nicolas\Documents\GitHub\courtside-data\courtside_data\output\field_types.py:405: UserWarning: Failed to coerce '138.' via int, leaving as string
  return {key: get_coercion(key)(value) for key, value in row.items()}
C:\Users\nicolas\Documents\GitHub\courtside-data\courtside_data\output\field_types.py:405: UserWarning: Failed to coerce '139.' via int, leaving as string
  return {key: get_coercion(key)(value) for key, value in row.items()}
C:\Users\nicolas\Documents\GitHub\courtside-data\courtside_data\output\field_types.py:405: UserWarning: Failed to coerce '140.' via int, leaving as string
  return {key: get_coercion(key)(value) for key, value in row.items()}
C:\Users\nicolas\Documents\GitHub\courtside-data\courtside_data\output\field_types.py:405: UserWarning: Failed to coerce '141.' via int, leaving as string
  return {key: get_coercion(key)(value) for key, value in row.items()}
C:\Users\nicolas\Documents\GitHub\courtside-data\courtside_data\output\field_types.py:405: UserWarning: Failed to coerce '142.' via int, leaving as string
  return {key: get_coercion(key)(value) for key, value in row.items()}
C:\Users\nicolas\Documents\GitHub\courtside-data\courtside_data\output\field_types.py:405: UserWarning: Failed to coerce '143.' via int, leaving as string
  return {key: get_coercion(key)(value) for key, value in row.items()}
C:\Users\nicolas\Documents\GitHub\courtside-data\courtside_data\output\field_types.py:405: UserWarning: Failed to coerce '144.' via int, leaving as string
  return {key: get_coercion(key)(value) for key, value in row.items()}
C:\Users\nicolas\Documents\GitHub\courtside-data\courtside_data\output\field_types.py:405: UserWarning: Failed to coerce '145.' via int, leaving as string
  return {key: get_coercion(key)(value) for key, value in row.items()}
C:\Users\nicolas\Documents\GitHub\courtside-data\courtside_data\output\field_types.py:405: UserWarning: Failed to coerce '146.' via int, leaving as string
  return {key: get_coercion(key)(value) for key, value in row.items()}
C:\Users\nicolas\Documents\GitHub\courtside-data\courtside_data\output\field_types.py:405: UserWarning: Failed to coerce '147.' via int, leaving as string
  return {key: get_coercion(key)(value) for key, value in row.items()}
C:\Users\nicolas\Documents\GitHub\courtside-data\courtside_data\output\field_types.py:405: UserWarning: Failed to coerce '148.' via int, leaving as string
  return {key: get_coercion(key)(value) for key, value in row.items()}
C:\Users\nicolas\Documents\GitHub\courtside-data\courtside_data\output\field_types.py:405: UserWarning: Failed to coerce '149.' via int, leaving as string
  return {key: get_coercion(key)(value) for key, value in row.items()}
C:\Users\nicolas\Documents\GitHub\courtside-data\courtside_data\output\field_types.py:405: UserWarning: Failed to coerce '150.' via int, leaving as string
  return {key: get_coercion(key)(value) for key, value in row.items()}
C:\Users\nicolas\Documents\GitHub\courtside-data\courtside_data\output\field_types.py:405: UserWarning: Failed to coerce '151.' via int, leaving as string
  return {key: get_coercion(key)(value) for key, value in row.items()}
C:\Users\nicolas\Documents\GitHub\courtside-data\courtside_data\output\field_types.py:405: UserWarning: Failed to coerce '152.' via int, leaving as string
  return {key: get_coercion(key)(value) for key, value in row.items()}
C:\Users\nicolas\Documents\GitHub\courtside-data\courtside_data\output\field_types.py:405: UserWarning: Failed to coerce '153.' via int, leaving as string
  return {key: get_coercion(key)(value) for key, value in row.items()}
C:\Users\nicolas\Documents\GitHub\courtside-data\courtside_data\output\field_types.py:405: UserWarning: Failed to coerce '154.' via int, leaving as string
  return {key: get_coercion(key)(value) for key, value in row.items()}
C:\Users\nicolas\Documents\GitHub\courtside-data\courtside_data\output\field_types.py:405: UserWarning: Failed to coerce '155.' via int, leaving as string
  return {key: get_coercion(key)(value) for key, value in row.items()}
C:\Users\nicolas\Documents\GitHub\courtside-data\courtside_data\output\field_types.py:405: UserWarning: Failed to coerce '156.' via int, leaving as string
  return {key: get_coercion(key)(value) for key, value in row.items()}
C:\Users\nicolas\Documents\GitHub\courtside-data\courtside_data\output\field_types.py:405: UserWarning: Failed to coerce '157.' via int, leaving as string
  return {key: get_coercion(key)(value) for key, value in row.items()}
C:\Users\nicolas\Documents\GitHub\courtside-data\courtside_data\output\field_types.py:405: UserWarning: Failed to coerce '158.' via int, leaving as string
  return {key: get_coercion(key)(value) for key, value in row.items()}
C:\Users\nicolas\Documents\GitHub\courtside-data\courtside_data\output\field_types.py:405: UserWarning: Failed to coerce '159.' via int, leaving as string
  return {key: get_coercion(key)(value) for key, value in row.items()}
C:\Users\nicolas\Documents\GitHub\courtside-data\courtside_data\output\field_types.py:405: UserWarning: Failed to coerce '160.' via int, leaving as string
  return {key: get_coercion(key)(value) for key, value in row.items()}
C:\Users\nicolas\Documents\GitHub\courtside-data\courtside_data\output\field_types.py:405: UserWarning: Failed to coerce '161.' via int, leaving as string
  return {key: get_coercion(key)(value) for key, value in row.items()}
C:\Users\nicolas\Documents\GitHub\courtside-data\courtside_data\output\field_types.py:405: UserWarning: Failed to coerce '162.' via int, leaving as string
  return {key: get_coercion(key)(value) for key, value in row.items()}
C:\Users\nicolas\Documents\GitHub\courtside-data\courtside_data\output\field_types.py:405: UserWarning: Failed to coerce '163.' via int, leaving as string
  return {key: get_coercion(key)(value) for key, value in row.items()}
C:\Users\nicolas\Documents\GitHub\courtside-data\courtside_data\output\field_types.py:405: UserWarning: Failed to coerce '164.' via int, leaving as string
  return {key: get_coercion(key)(value) for key, value in row.items()}
C:\Users\nicolas\Documents\GitHub\courtside-data\courtside_data\output\field_types.py:405: UserWarning: Failed to coerce '165.' via int, leaving as string
  return {key: get_coercion(key)(value) for key, value in row.items()}
C:\Users\nicolas\Documents\GitHub\courtside-data\courtside_data\output\field_types.py:405: UserWarning: Failed to coerce '166.' via int, leaving as string
  return {key: get_coercion(key)(value) for key, value in row.items()}
C:\Users\nicolas\Documents\GitHub\courtside-data\courtside_data\output\field_types.py:405: UserWarning: Failed to coerce '167.' via int, leaving as string
  return {key: get_coercion(key)(value) for key, value in row.items()}
C:\Users\nicolas\Documents\GitHub\courtside-data\courtside_data\output\field_types.py:405: UserWarning: Failed to coerce '168.' via int, leaving as string
  return {key: get_coercion(key)(value) for key, value in row.items()}
C:\Users\nicolas\Documents\GitHub\courtside-data\courtside_data\output\field_types.py:405: UserWarning: Failed to coerce '169.' via int, leaving as string
  return {key: get_coercion(key)(value) for key, value in row.items()}
C:\Users\nicolas\Documents\GitHub\courtside-data\courtside_data\output\field_types.py:405: UserWarning: Failed to coerce '170.' via int, leaving as string
  return {key: get_coercion(key)(value) for key, value in row.items()}
C:\Users\nicolas\Documents\GitHub\courtside-data\courtside_data\output\field_types.py:405: UserWarning: Failed to coerce '171.' via int, leaving as string
  return {key: get_coercion(key)(value) for key, value in row.items()}
C:\Users\nicolas\Documents\GitHub\courtside-data\courtside_data\output\field_types.py:405: UserWarning: Failed to coerce '172.' via int, leaving as string
  return {key: get_coercion(key)(value) for key, value in row.items()}
C:\Users\nicolas\Documents\GitHub\courtside-data\courtside_data\output\field_types.py:405: UserWarning: Failed to coerce '173.' via int, leaving as string
  return {key: get_coercion(key)(value) for key, value in row.items()}
C:\Users\nicolas\Documents\GitHub\courtside-data\courtside_data\output\field_types.py:405: UserWarning: Failed to coerce '174.' via int, leaving as string
  return {key: get_coercion(key)(value) for key, value in row.items()}
C:\Users\nicolas\Documents\GitHub\courtside-data\courtside_data\output\field_types.py:405: UserWarning: Failed to coerce '175.' via int, leaving as string
  return {key: get_coercion(key)(value) for key, value in row.items()}
C:\Users\nicolas\Documents\GitHub\courtside-data\courtside_data\output\field_types.py:405: UserWarning: Failed to coerce '176.' via int, leaving as string
  return {key: get_coercion(key)(value) for key, value in row.items()}
C:\Users\nicolas\Documents\GitHub\courtside-data\courtside_data\output\field_types.py:405: UserWarning: Failed to coerce '177.' via int, leaving as string
  return {key: get_coercion(key)(value) for key, value in row.items()}
C:\Users\nicolas\Documents\GitHub\courtside-data\courtside_data\output\field_types.py:405: UserWarning: Failed to coerce '178.' via int, leaving as string
  return {key: get_coercion(key)(value) for key, value in row.items()}
C:\Users\nicolas\Documents\GitHub\courtside-data\courtside_data\output\field_types.py:405: UserWarning: Failed to coerce '179.' via int, leaving as string
  return {key: get_coercion(key)(value) for key, value in row.items()}
C:\Users\nicolas\Documents\GitHub\courtside-data\courtside_data\output\field_types.py:405: UserWarning: Failed to coerce '180.' via int, leaving as string
  return {key: get_coercion(key)(value) for key, value in row.items()}
C:\Users\nicolas\Documents\GitHub\courtside-data\courtside_data\output\field_types.py:405: UserWarning: Failed to coerce '181.' via int, leaving as string
  return {key: get_coercion(key)(value) for key, value in row.items()}
C:\Users\nicolas\Documents\GitHub\courtside-data\courtside_data\output\field_types.py:405: UserWarning: Failed to coerce '182.' via int, leaving as string
  return {key: get_coercion(key)(value) for key, value in row.items()}
C:\Users\nicolas\Documents\GitHub\courtside-data\courtside_data\output\field_types.py:405: UserWarning: Failed to coerce '183.' via int, leaving as string
  return {key: get_coercion(key)(value) for key, value in row.items()}
C:\Users\nicolas\Documents\GitHub\courtside-data\courtside_data\output\field_types.py:405: UserWarning: Failed to coerce '184.' via int, leaving as string
  return {key: get_coercion(key)(value) for key, value in row.items()}
C:\Users\nicolas\Documents\GitHub\courtside-data\courtside_data\output\field_types.py:405: UserWarning: Failed to coerce '185.' via int, leaving as string
  return {key: get_coercion(key)(value) for key, value in row.items()}
C:\Users\nicolas\Documents\GitHub\courtside-data\courtside_data\output\field_types.py:405: UserWarning: Failed to coerce '186.' via int, leaving as string
  return {key: get_coercion(key)(value) for key, value in row.items()}
C:\Users\nicolas\Documents\GitHub\courtside-data\courtside_data\output\field_types.py:405: UserWarning: Failed to coerce '187.' via int, leaving as string
  return {key: get_coercion(key)(value) for key, value in row.items()}
C:\Users\nicolas\Documents\GitHub\courtside-data\courtside_data\output\field_types.py:405: UserWarning: Failed to coerce '188.' via int, leaving as string
  return {key: get_coercion(key)(value) for key, value in row.items()}
C:\Users\nicolas\Documents\GitHub\courtside-data\courtside_data\output\field_types.py:405: UserWarning: Failed to coerce '189.' via int, leaving as string
  return {key: get_coercion(key)(value) for key, value in row.items()}
C:\Users\nicolas\Documents\GitHub\courtside-data\courtside_data\output\field_types.py:405: UserWarning: Failed to coerce '190.' via int, leaving as string
  return {key: get_coercion(key)(value) for key, value in row.items()}
C:\Users\nicolas\Documents\GitHub\courtside-data\courtside_data\output\field_types.py:405: UserWarning: Failed to coerce '191.' via int, leaving as string
  return {key: get_coercion(key)(value) for key, value in row.items()}
C:\Users\nicolas\Documents\GitHub\courtside-data\courtside_data\output\field_types.py:405: UserWarning: Failed to coerce '192.' via int, leaving as string
  return {key: get_coercion(key)(value) for key, value in row.items()}
C:\Users\nicolas\Documents\GitHub\courtside-data\courtside_data\output\field_types.py:405: UserWarning: Failed to coerce '193.' via int, leaving as string
  return {key: get_coercion(key)(value) for key, value in row.items()}
C:\Users\nicolas\Documents\GitHub\courtside-data\courtside_data\output\field_types.py:405: UserWarning: Failed to coerce '194.' via int, leaving as string
  return {key: get_coercion(key)(value) for key, value in row.items()}
C:\Users\nicolas\Documents\GitHub\courtside-data\courtside_data\output\field_types.py:405: UserWarning: Failed to coerce '195.' via int, leaving as string
  return {key: get_coercion(key)(value) for key, value in row.items()}
C:\Users\nicolas\Documents\GitHub\courtside-data\courtside_data\output\field_types.py:405: UserWarning: Failed to coerce '196.' via int, leaving as string
  return {key: get_coercion(key)(value) for key, value in row.items()}
C:\Users\nicolas\Documents\GitHub\courtside-data\courtside_data\output\field_types.py:405: UserWarning: Failed to coerce '197.' via int, leaving as string
  return {key: get_coercion(key)(value) for key, value in row.items()}
C:\Users\nicolas\Documents\GitHub\courtside-data\courtside_data\output\field_types.py:405: UserWarning: Failed to coerce '198.' via int, leaving as string
  return {key: get_coercion(key)(value) for key, value in row.items()}
C:\Users\nicolas\Documents\GitHub\courtside-data\courtside_data\output\field_types.py:405: UserWarning: Failed to coerce '199.' via int, leaving as string
  return {key: get_coercion(key)(value) for key, value in row.items()}
C:\Users\nicolas\Documents\GitHub\courtside-data\courtside_data\output\field_types.py:405: UserWarning: Failed to coerce '200.' via int, leaving as string
  return {key: get_coercion(key)(value) for key, value in row.items()}
C:\Users\nicolas\Documents\GitHub\courtside-data\courtside_data\output\field_types.py:405: UserWarning: Failed to coerce '201.' via int, leaving as string
  return {key: get_coercion(key)(value) for key, value in row.items()}
C:\Users\nicolas\Documents\GitHub\courtside-data\courtside_data\output\field_types.py:405: UserWarning: Failed to coerce '202.' via int, leaving as string
  return {key: get_coercion(key)(value) for key, value in row.items()}
C:\Users\nicolas\Documents\GitHub\courtside-data\courtside_data\output\field_types.py:405: UserWarning: Failed to coerce '203.' via int, leaving as string
  return {key: get_coercion(key)(value) for key, value in row.items()}
C:\Users\nicolas\Documents\GitHub\courtside-data\courtside_data\output\field_types.py:405: UserWarning: Failed to coerce '204.' via int, leaving as string
  return {key: get_coercion(key)(value) for key, value in row.items()}
C:\Users\nicolas\Documents\GitHub\courtside-data\courtside_data\output\field_types.py:405: UserWarning: Failed to coerce '205.' via int, leaving as string
  return {key: get_coercion(key)(value) for key, value in row.items()}
C:\Users\nicolas\Documents\GitHub\courtside-data\courtside_data\output\field_types.py:405: UserWarning: Failed to coerce '206.' via int, leaving as string
  return {key: get_coercion(key)(value) for key, value in row.items()}
C:\Users\nicolas\Documents\GitHub\courtside-data\courtside_data\output\field_types.py:405: UserWarning: Failed to coerce '207.' via int, leaving as string
  return {key: get_coercion(key)(value) for key, value in row.items()}
C:\Users\nicolas\Documents\GitHub\courtside-data\courtside_data\output\field_types.py:405: UserWarning: Failed to coerce '208.' via int, leaving as string
  return {key: get_coercion(key)(value) for key, value in row.items()}
C:\Users\nicolas\Documents\GitHub\courtside-data\courtside_data\output\field_types.py:405: UserWarning: Failed to coerce '209.' via int, leaving as string
  return {key: get_coercion(key)(value) for key, value in row.items()}
C:\Users\nicolas\Documents\GitHub\courtside-data\courtside_data\output\field_types.py:405: UserWarning: Failed to coerce '210.' via int, leaving as string
  return {key: get_coercion(key)(value) for key, value in row.items()}
C:\Users\nicolas\Documents\GitHub\courtside-data\courtside_data\output\field_types.py:405: UserWarning: Failed to coerce '211.' via int, leaving as string
  return {key: get_coercion(key)(value) for key, value in row.items()}
C:\Users\nicolas\Documents\GitHub\courtside-data\courtside_data\output\field_types.py:405: UserWarning: Failed to coerce '212.' via int, leaving as string
  return {key: get_coercion(key)(value) for key, value in row.items()}
C:\Users\nicolas\Documents\GitHub\courtside-data\courtside_data\output\field_types.py:405: UserWarning: Failed to coerce '213.' via int, leaving as string
  return {key: get_coercion(key)(value) for key, value in row.items()}
C:\Users\nicolas\Documents\GitHub\courtside-data\courtside_data\output\field_types.py:405: UserWarning: Failed to coerce '214.' via int, leaving as string
  return {key: get_coercion(key)(value) for key, value in row.items()}
C:\Users\nicolas\Documents\GitHub\courtside-data\courtside_data\output\field_types.py:405: UserWarning: Failed to coerce '215.' via int, leaving as string
  return {key: get_coercion(key)(value) for key, value in row.items()}
C:\Users\nicolas\Documents\GitHub\courtside-data\courtside_data\output\field_types.py:405: UserWarning: Failed to coerce '216.' via int, leaving as string
  return {key: get_coercion(key)(value) for key, value in row.items()}
C:\Users\nicolas\Documents\GitHub\courtside-data\courtside_data\output\field_types.py:405: UserWarning: Failed to coerce '217.' via int, leaving as string
  return {key: get_coercion(key)(value) for key, value in row.items()}
C:\Users\nicolas\Documents\GitHub\courtside-data\courtside_data\output\field_types.py:405: UserWarning: Failed to coerce '218.' via int, leaving as string
  return {key: get_coercion(key)(value) for key, value in row.items()}
C:\Users\nicolas\Documents\GitHub\courtside-data\courtside_data\output\field_types.py:405: UserWarning: Failed to coerce '219.' via int, leaving as string
  return {key: get_coercion(key)(value) for key, value in row.items()}
C:\Users\nicolas\Documents\GitHub\courtside-data\courtside_data\output\field_types.py:405: UserWarning: Failed to coerce '220.' via int, leaving as string
  return {key: get_coercion(key)(value) for key, value in row.items()}
C:\Users\nicolas\Documents\GitHub\courtside-data\courtside_data\output\field_types.py:405: UserWarning: Failed to coerce '221.' via int, leaving as string
  return {key: get_coercion(key)(value) for key, value in row.items()}
C:\Users\nicolas\Documents\GitHub\courtside-data\courtside_data\output\field_types.py:405: UserWarning: Failed to coerce '222.' via int, leaving as string
  return {key: get_coercion(key)(value) for key, value in row.items()}
C:\Users\nicolas\Documents\GitHub\courtside-data\courtside_data\output\field_types.py:405: UserWarning: Failed to coerce '223.' via int, leaving as string
  return {key: get_coercion(key)(value) for key, value in row.items()}
C:\Users\nicolas\Documents\GitHub\courtside-data\courtside_data\output\field_types.py:405: UserWarning: Failed to coerce '224.' via int, leaving as string
  return {key: get_coercion(key)(value) for key, value in row.items()}
C:\Users\nicolas\Documents\GitHub\courtside-data\courtside_data\output\field_types.py:405: UserWarning: Failed to coerce '225.' via int, leaving as string
  return {key: get_coercion(key)(value) for key, value in row.items()}
C:\Users\nicolas\Documents\GitHub\courtside-data\courtside_data\output\field_types.py:405: UserWarning: Failed to coerce '226.' via int, leaving as string
  return {key: get_coercion(key)(value) for key, value in row.items()}
C:\Users\nicolas\Documents\GitHub\courtside-data\courtside_data\output\field_types.py:405: UserWarning: Failed to coerce '227.' via int, leaving as string
  return {key: get_coercion(key)(value) for key, value in row.items()}
C:\Users\nicolas\Documents\GitHub\courtside-data\courtside_data\output\field_types.py:405: UserWarning: Failed to coerce '228.' via int, leaving as string
  return {key: get_coercion(key)(value) for key, value in row.items()}
C:\Users\nicolas\Documents\GitHub\courtside-data\courtside_data\output\field_types.py:405: UserWarning: Failed to coerce '229.' via int, leaving as string
  return {key: get_coercion(key)(value) for key, value in row.items()}
C:\Users\nicolas\Documents\GitHub\courtside-data\courtside_data\output\field_types.py:405: UserWarning: Failed to coerce '230.' via int, leaving as string
  return {key: get_coercion(key)(value) for key, value in row.items()}
C:\Users\nicolas\Documents\GitHub\courtside-data\courtside_data\output\field_types.py:405: UserWarning: Failed to coerce '231.' via int, leaving as string
  return {key: get_coercion(key)(value) for key, value in row.items()}
C:\Users\nicolas\Documents\GitHub\courtside-data\courtside_data\output\field_types.py:405: UserWarning: Failed to coerce '232.' via int, leaving as string
  return {key: get_coercion(key)(value) for key, value in row.items()}
C:\Users\nicolas\Documents\GitHub\courtside-data\courtside_data\output\field_types.py:405: UserWarning: Failed to coerce '233.' via int, leaving as string
  return {key: get_coercion(key)(value) for key, value in row.items()}
C:\Users\nicolas\Documents\GitHub\courtside-data\courtside_data\output\field_types.py:405: UserWarning: Failed to coerce '234.' via int, leaving as string
  return {key: get_coercion(key)(value) for key, value in row.items()}
C:\Users\nicolas\Documents\GitHub\courtside-data\courtside_data\output\field_types.py:405: UserWarning: Failed to coerce '235.' via int, leaving as string
  return {key: get_coercion(key)(value) for key, value in row.items()}
C:\Users\nicolas\Documents\GitHub\courtside-data\courtside_data\output\field_types.py:405: UserWarning: Failed to coerce '236.' via int, leaving as string
  return {key: get_coercion(key)(value) for key, value in row.items()}
C:\Users\nicolas\Documents\GitHub\courtside-data\courtside_data\output\field_types.py:405: UserWarning: Failed to coerce '237.' via int, leaving as string
  return {key: get_coercion(key)(value) for key, value in row.items()}
C:\Users\nicolas\Documents\GitHub\courtside-data\courtside_data\output\field_types.py:405: UserWarning: Failed to coerce '238.' via int, leaving as string
  return {key: get_coercion(key)(value) for key, value in row.items()}
C:\Users\nicolas\Documents\GitHub\courtside-data\courtside_data\output\field_types.py:405: UserWarning: Failed to coerce '239.' via int, leaving as string
  return {key: get_coercion(key)(value) for key, value in row.items()}
C:\Users\nicolas\Documents\GitHub\courtside-data\courtside_data\output\field_types.py:405: UserWarning: Failed to coerce '240.' via int, leaving as string
  return {key: get_coercion(key)(value) for key, value in row.items()}
C:\Users\nicolas\Documents\GitHub\courtside-data\courtside_data\output\field_types.py:405: UserWarning: Failed to coerce '241.' via int, leaving as string
  return {key: get_coercion(key)(value) for key, value in row.items()}
C:\Users\nicolas\Documents\GitHub\courtside-data\courtside_data\output\field_types.py:405: UserWarning: Failed to coerce '242.' via int, leaving as string
  return {key: get_coercion(key)(value) for key, value in row.items()}
C:\Users\nicolas\Documents\GitHub\courtside-data\courtside_data\output\field_types.py:405: UserWarning: Failed to coerce '243.' via int, leaving as string
  return {key: get_coercion(key)(value) for key, value in row.items()}
C:\Users\nicolas\Documents\GitHub\courtside-data\courtside_data\output\field_types.py:405: UserWarning: Failed to coerce '244.' via int, leaving as string
  return {key: get_coercion(key)(value) for key, value in row.items()}
C:\Users\nicolas\Documents\GitHub\courtside-data\courtside_data\output\field_types.py:405: UserWarning: Failed to coerce '245.' via int, leaving as string
  return {key: get_coercion(key)(value) for key, value in row.items()}
C:\Users\nicolas\Documents\GitHub\courtside-data\courtside_data\output\field_types.py:405: UserWarning: Failed to coerce '246.' via int, leaving as string
  return {key: get_coercion(key)(value) for key, value in row.items()}
C:\Users\nicolas\Documents\GitHub\courtside-data\courtside_data\output\field_types.py:405: UserWarning: Failed to coerce '247.' via int, leaving as string
  return {key: get_coercion(key)(value) for key, value in row.items()}
C:\Users\nicolas\Documents\GitHub\courtside-data\courtside_data\output\field_types.py:405: UserWarning: Failed to coerce '248.' via int, leaving as string
  return {key: get_coercion(key)(value) for key, value in row.items()}
C:\Users\nicolas\Documents\GitHub\courtside-data\courtside_data\output\field_types.py:405: UserWarning: Failed to coerce '249.' via int, leaving as string
  return {key: get_coercion(key)(value) for key, value in row.items()}
C:\Users\nicolas\Documents\GitHub\courtside-data\courtside_data\output\field_types.py:405: UserWarning: Failed to coerce '250.' via int, leaving as string
  return {key: get_coercion(key)(value) for key, value in row.items()}
[176/341] leaders_specialty_boards_tot ... ERROR other ValueError  (7.0s)
[177/341] leaders_team_records ... OK  (rows=4, 6.5s)
[178/341] leaders_team_records_team_lowest_win_loss_pct_season ... OK  (rows=3, 6.6s)
[179/341] leaders_team_records_team_most_cons_home_wins ... OK  (rows=3, 7.0s)
[180/341] leaders_team_records_team_most_cons_home_wins_end_season ... OK  (rows=3, 6.3s)
[181/341] leaders_team_records_team_most_cons_home_wins_start_season ... OK  (rows=3, 6.7s)
[182/341] leaders_team_records_team_most_cons_road_wins ... OK  (rows=8, 6.3s)
[183/341] leaders_team_records_team_most_cons_road_wins_end_season ... OK  (rows=4, 6.8s)
[184/341] leaders_team_records_team_most_cons_road_wins_start_season ... OK  (rows=3, 6.8s)
[185/341] leaders_team_records_team_most_cons_wins ... OK  (rows=3, 6.8s)
[186/341] leaders_team_records_team_most_cons_wins_end_season ... OK  (rows=3, 6.3s)
[187/341] leaders_team_records_team_most_cons_wins_one_season ... OK  (rows=3, 6.5s)
[188/341] leaders_team_records_team_most_cons_wins_start_season ... OK  (rows=4, 6.8s)
[189/341] leaders_team_records_team_most_wins_season ... OK  (rows=4, 6.5s)
[190/341] trailers ... ERROR other TypeError  (0.0s)
[191/341] trailers_stats_nba ... ERROR other TypeError  (0.0s)
[192/341] trailers_stats_tot ... ERROR other TypeError  (0.0s)
[193/341] league_aba_best_worst ... ERROR http_status HTTPStatusError  (6.4s)
[194/341] league_best_worst_records ... ERROR http_status HTTPStatusError  (6.6s)
C:\Users\nicolas\Documents\GitHub\courtside-data\courtside_data\output\field_types.py:405: UserWarning: Failed to coerce '54.5' via int, leaving as string
  return {key: get_coercion(key)(value) for key, value in row.items()}
C:\Users\nicolas\Documents\GitHub\courtside-data\courtside_data\output\field_types.py:405: UserWarning: Failed to coerce '52.5' via int, leaving as string
  return {key: get_coercion(key)(value) for key, value in row.items()}
C:\Users\nicolas\Documents\GitHub\courtside-data\courtside_data\output\field_types.py:405: UserWarning: Failed to coerce '53.5' via int, leaving as string
  return {key: get_coercion(key)(value) for key, value in row.items()}
C:\Users\nicolas\Documents\GitHub\courtside-data\courtside_data\output\field_types.py:405: UserWarning: Failed to coerce '50.5' via int, leaving as string
  return {key: get_coercion(key)(value) for key, value in row.items()}
C:\Users\nicolas\Documents\GitHub\courtside-data\courtside_data\output\field_types.py:405: UserWarning: Failed to coerce '51.5' via int, leaving as string
  return {key: get_coercion(key)(value) for key, value in row.items()}
C:\Users\nicolas\Documents\GitHub\courtside-data\courtside_data\output\field_types.py:405: UserWarning: Failed to coerce '48.5' via int, leaving as string
  return {key: get_coercion(key)(value) for key, value in row.items()}
C:\Users\nicolas\Documents\GitHub\courtside-data\courtside_data\output\field_types.py:405: UserWarning: Failed to coerce '46.5' via int, leaving as string
  return {key: get_coercion(key)(value) for key, value in row.items()}
C:\Users\nicolas\Documents\GitHub\courtside-data\courtside_data\output\field_types.py:405: UserWarning: Failed to coerce '41.5' via int, leaving as string
  return {key: get_coercion(key)(value) for key, value in row.items()}
C:\Users\nicolas\Documents\GitHub\courtside-data\courtside_data\output\field_types.py:405: UserWarning: Failed to coerce '45.5' via int, leaving as string
  return {key: get_coercion(key)(value) for key, value in row.items()}
C:\Users\nicolas\Documents\GitHub\courtside-data\courtside_data\output\field_types.py:405: UserWarning: Failed to coerce '38.5' via int, leaving as string
  return {key: get_coercion(key)(value) for key, value in row.items()}
C:\Users\nicolas\Documents\GitHub\courtside-data\courtside_data\output\field_types.py:405: UserWarning: Failed to coerce '39.5' via int, leaving as string
  return {key: get_coercion(key)(value) for key, value in row.items()}
C:\Users\nicolas\Documents\GitHub\courtside-data\courtside_data\output\field_types.py:405: UserWarning: Failed to coerce '34.5' via int, leaving as string
  return {key: get_coercion(key)(value) for key, value in row.items()}
C:\Users\nicolas\Documents\GitHub\courtside-data\courtside_data\output\field_types.py:405: UserWarning: Failed to coerce '29.5' via int, leaving as string
  return {key: get_coercion(key)(value) for key, value in row.items()}
C:\Users\nicolas\Documents\GitHub\courtside-data\courtside_data\output\field_types.py:405: UserWarning: Failed to coerce '23.5' via int, leaving as string
  return {key: get_coercion(key)(value) for key, value in row.items()}
C:\Users\nicolas\Documents\GitHub\courtside-data\courtside_data\output\field_types.py:405: UserWarning: Failed to coerce '26.5' via int, leaving as string
  return {key: get_coercion(key)(value) for key, value in row.items()}
C:\Users\nicolas\Documents\GitHub\courtside-data\courtside_data\output\field_types.py:405: UserWarning: Failed to coerce '24.5' via int, leaving as string
  return {key: get_coercion(key)(value) for key, value in row.items()}
C:\Users\nicolas\Documents\GitHub\courtside-data\courtside_data\output\field_types.py:405: UserWarning: Failed to coerce '22.5' via int, leaving as string
  return {key: get_coercion(key)(value) for key, value in row.items()}
[195/341] league_preseason_odds ... ERROR other ValueError  (6.7s)
[196/341] league_ratings ... OK  (rows=30, 6.7s)
[197/341] league_rookies ... OK  (rows=118, 6.5s)
[198/341] league_rookies_per_season_detail ... OK  (rows=85, 6.7s)
[199/341] league_uniform_numbers ... OK  (rows=0, 6.3s)
[200/341] coaches ... ERROR http_status HTTPStatusError  (7.0s)
[201/341] coaches_coach_of_the_year_voting ... ERROR http_status HTTPStatusError  (6.1s)
[202/341] coaches_coach_stats ... ERROR http_status HTTPStatusError  (6.3s)
[203/341] executives ... ERROR http_status HTTPStatusError  (6.9s)
C:\Users\nicolas\Documents\GitHub\courtside-data\courtside_data\output\field_types.py:405: UserWarning: Failed to coerce '404.5' via int, leaving as string
  return {key: get_coercion(key)(value) for key, value in row.items()}
C:\Users\nicolas\Documents\GitHub\courtside-data\courtside_data\output\field_types.py:405: UserWarning: Failed to coerce '277.0' via int, leaving as string
  return {key: get_coercion(key)(value) for key, value in row.items()}
C:\Users\nicolas\Documents\GitHub\courtside-data\courtside_data\output\field_types.py:405: UserWarning: Failed to coerce '239.0' via int, leaving as string
  return {key: get_coercion(key)(value) for key, value in row.items()}
C:\Users\nicolas\Documents\GitHub\courtside-data\courtside_data\output\field_types.py:405: UserWarning: Failed to coerce '167.0' via int, leaving as string
  return {key: get_coercion(key)(value) for key, value in row.items()}
C:\Users\nicolas\Documents\GitHub\courtside-data\courtside_data\output\field_types.py:405: UserWarning: Failed to coerce '149.0' via int, leaving as string
  return {key: get_coercion(key)(value) for key, value in row.items()}
C:\Users\nicolas\Documents\GitHub\courtside-data\courtside_data\output\field_types.py:405: UserWarning: Failed to coerce '141.5' via int, leaving as string
  return {key: get_coercion(key)(value) for key, value in row.items()}
C:\Users\nicolas\Documents\GitHub\courtside-data\courtside_data\output\field_types.py:405: UserWarning: Failed to coerce '100.5' via int, leaving as string
  return {key: get_coercion(key)(value) for key, value in row.items()}
C:\Users\nicolas\Documents\GitHub\courtside-data\courtside_data\output\field_types.py:405: UserWarning: Failed to coerce '91.0' via int, leaving as string
  return {key: get_coercion(key)(value) for key, value in row.items()}
C:\Users\nicolas\Documents\GitHub\courtside-data\courtside_data\output\field_types.py:405: UserWarning: Failed to coerce '84.5' via int, leaving as string
  return {key: get_coercion(key)(value) for key, value in row.items()}
C:\Users\nicolas\Documents\GitHub\courtside-data\courtside_data\output\field_types.py:405: UserWarning: Failed to coerce '84.0' via int, leaving as string
  return {key: get_coercion(key)(value) for key, value in row.items()}
C:\Users\nicolas\Documents\GitHub\courtside-data\courtside_data\output\field_types.py:405: UserWarning: Failed to coerce '82.0' via int, leaving as string
  return {key: get_coercion(key)(value) for key, value in row.items()}
C:\Users\nicolas\Documents\GitHub\courtside-data\courtside_data\output\field_types.py:405: UserWarning: Failed to coerce '80.0' via int, leaving as string
  return {key: get_coercion(key)(value) for key, value in row.items()}
C:\Users\nicolas\Documents\GitHub\courtside-data\courtside_data\output\field_types.py:405: UserWarning: Failed to coerce '73.5' via int, leaving as string
  return {key: get_coercion(key)(value) for key, value in row.items()}
C:\Users\nicolas\Documents\GitHub\courtside-data\courtside_data\output\field_types.py:405: UserWarning: Failed to coerce '71.5' via int, leaving as string
  return {key: get_coercion(key)(value) for key, value in row.items()}
C:\Users\nicolas\Documents\GitHub\courtside-data\courtside_data\output\field_types.py:405: UserWarning: Failed to coerce '71.0' via int, leaving as string
  return {key: get_coercion(key)(value) for key, value in row.items()}
C:\Users\nicolas\Documents\GitHub\courtside-data\courtside_data\output\field_types.py:405: UserWarning: Failed to coerce '70.0' via int, leaving as string
  return {key: get_coercion(key)(value) for key, value in row.items()}
C:\Users\nicolas\Documents\GitHub\courtside-data\courtside_data\output\field_types.py:405: UserWarning: Failed to coerce '68.5' via int, leaving as string
  return {key: get_coercion(key)(value) for key, value in row.items()}
C:\Users\nicolas\Documents\GitHub\courtside-data\courtside_data\output\field_types.py:405: UserWarning: Failed to coerce '63.5' via int, leaving as string
  return {key: get_coercion(key)(value) for key, value in row.items()}
C:\Users\nicolas\Documents\GitHub\courtside-data\courtside_data\output\field_types.py:405: UserWarning: Failed to coerce '62.5' via int, leaving as string
  return {key: get_coercion(key)(value) for key, value in row.items()}
C:\Users\nicolas\Documents\GitHub\courtside-data\courtside_data\output\field_types.py:405: UserWarning: Failed to coerce '47.5' via int, leaving as string
  return {key: get_coercion(key)(value) for key, value in row.items()}
C:\Users\nicolas\Documents\GitHub\courtside-data\courtside_data\output\field_types.py:405: UserWarning: Failed to coerce '43.5' via int, leaving as string
  return {key: get_coercion(key)(value) for key, value in row.items()}
C:\Users\nicolas\Documents\GitHub\courtside-data\courtside_data\output\field_types.py:405: UserWarning: Failed to coerce '40.5' via int, leaving as string
  return {key: get_coercion(key)(value) for key, value in row.items()}
C:\Users\nicolas\Documents\GitHub\courtside-data\courtside_data\output\field_types.py:405: UserWarning: Failed to coerce '35.0' via int, leaving as string
  return {key: get_coercion(key)(value) for key, value in row.items()}
C:\Users\nicolas\Documents\GitHub\courtside-data\courtside_data\output\field_types.py:405: UserWarning: Failed to coerce '31.5' via int, leaving as string
  return {key: get_coercion(key)(value) for key, value in row.items()}
C:\Users\nicolas\Documents\GitHub\courtside-data\courtside_data\output\field_types.py:405: UserWarning: Failed to coerce '28.5' via int, leaving as string
  return {key: get_coercion(key)(value) for key, value in row.items()}
C:\Users\nicolas\Documents\GitHub\courtside-data\courtside_data\output\field_types.py:405: UserWarning: Failed to coerce '27.5' via int, leaving as string
  return {key: get_coercion(key)(value) for key, value in row.items()}
C:\Users\nicolas\Documents\GitHub\courtside-data\courtside_data\output\field_types.py:405: UserWarning: Failed to coerce '27.0' via int, leaving as string
  return {key: get_coercion(key)(value) for key, value in row.items()}
C:\Users\nicolas\Documents\GitHub\courtside-data\courtside_data\output\field_types.py:405: UserWarning: Failed to coerce '25.5' via int, leaving as string
  return {key: get_coercion(key)(value) for key, value in row.items()}
C:\Users\nicolas\Documents\GitHub\courtside-data\courtside_data\output\field_types.py:405: UserWarning: Failed to coerce '24.0' via int, leaving as string
  return {key: get_coercion(key)(value) for key, value in row.items()}
C:\Users\nicolas\Documents\GitHub\courtside-data\courtside_data\output\field_types.py:405: UserWarning: Failed to coerce '23.0' via int, leaving as string
  return {key: get_coercion(key)(value) for key, value in row.items()}
C:\Users\nicolas\Documents\GitHub\courtside-data\courtside_data\output\field_types.py:405: UserWarning: Failed to coerce '20.5' via int, leaving as string
  return {key: get_coercion(key)(value) for key, value in row.items()}
C:\Users\nicolas\Documents\GitHub\courtside-data\courtside_data\output\field_types.py:405: UserWarning: Failed to coerce '18.5' via int, leaving as string
  return {key: get_coercion(key)(value) for key, value in row.items()}
C:\Users\nicolas\Documents\GitHub\courtside-data\courtside_data\output\field_types.py:405: UserWarning: Failed to coerce '16.5' via int, leaving as string
  return {key: get_coercion(key)(value) for key, value in row.items()}
C:\Users\nicolas\Documents\GitHub\courtside-data\courtside_data\output\field_types.py:405: UserWarning: Failed to coerce '16.0' via int, leaving as string
  return {key: get_coercion(key)(value) for key, value in row.items()}
C:\Users\nicolas\Documents\GitHub\courtside-data\courtside_data\output\field_types.py:405: UserWarning: Failed to coerce '15.5' via int, leaving as string
  return {key: get_coercion(key)(value) for key, value in row.items()}
C:\Users\nicolas\Documents\GitHub\courtside-data\courtside_data\output\field_types.py:405: UserWarning: Failed to coerce '13.5' via int, leaving as string
  return {key: get_coercion(key)(value) for key, value in row.items()}
C:\Users\nicolas\Documents\GitHub\courtside-data\courtside_data\output\field_types.py:405: UserWarning: Failed to coerce '13.0' via int, leaving as string
  return {key: get_coercion(key)(value) for key, value in row.items()}
C:\Users\nicolas\Documents\GitHub\courtside-data\courtside_data\output\field_types.py:405: UserWarning: Failed to coerce '12.5' via int, leaving as string
  return {key: get_coercion(key)(value) for key, value in row.items()}
C:\Users\nicolas\Documents\GitHub\courtside-data\courtside_data\output\field_types.py:405: UserWarning: Failed to coerce '-1.0' via int, leaving as string
  return {key: get_coercion(key)(value) for key, value in row.items()}
C:\Users\nicolas\Documents\GitHub\courtside-data\courtside_data\output\field_types.py:405: UserWarning: Failed to coerce '-1.5' via int, leaving as string
  return {key: get_coercion(key)(value) for key, value in row.items()}
C:\Users\nicolas\Documents\GitHub\courtside-data\courtside_data\output\field_types.py:405: UserWarning: Failed to coerce '-2.0' via int, leaving as string
  return {key: get_coercion(key)(value) for key, value in row.items()}
C:\Users\nicolas\Documents\GitHub\courtside-data\courtside_data\output\field_types.py:405: UserWarning: Failed to coerce '-3.0' via int, leaving as string
  return {key: get_coercion(key)(value) for key, value in row.items()}
C:\Users\nicolas\Documents\GitHub\courtside-data\courtside_data\output\field_types.py:405: UserWarning: Failed to coerce '-4.0' via int, leaving as string
  return {key: get_coercion(key)(value) for key, value in row.items()}
C:\Users\nicolas\Documents\GitHub\courtside-data\courtside_data\output\field_types.py:405: UserWarning: Failed to coerce '-4.5' via int, leaving as string
  return {key: get_coercion(key)(value) for key, value in row.items()}
C:\Users\nicolas\Documents\GitHub\courtside-data\courtside_data\output\field_types.py:405: UserWarning: Failed to coerce '-5.0' via int, leaving as string
  return {key: get_coercion(key)(value) for key, value in row.items()}
C:\Users\nicolas\Documents\GitHub\courtside-data\courtside_data\output\field_types.py:405: UserWarning: Failed to coerce '-5.5' via int, leaving as string
  return {key: get_coercion(key)(value) for key, value in row.items()}
C:\Users\nicolas\Documents\GitHub\courtside-data\courtside_data\output\field_types.py:405: UserWarning: Failed to coerce '-6.0' via int, leaving as string
  return {key: get_coercion(key)(value) for key, value in row.items()}
C:\Users\nicolas\Documents\GitHub\courtside-data\courtside_data\output\field_types.py:405: UserWarning: Failed to coerce '-6.5' via int, leaving as string
  return {key: get_coercion(key)(value) for key, value in row.items()}
C:\Users\nicolas\Documents\GitHub\courtside-data\courtside_data\output\field_types.py:405: UserWarning: Failed to coerce '-7.0' via int, leaving as string
  return {key: get_coercion(key)(value) for key, value in row.items()}
C:\Users\nicolas\Documents\GitHub\courtside-data\courtside_data\output\field_types.py:405: UserWarning: Failed to coerce '-7.5' via int, leaving as string
  return {key: get_coercion(key)(value) for key, value in row.items()}
C:\Users\nicolas\Documents\GitHub\courtside-data\courtside_data\output\field_types.py:405: UserWarning: Failed to coerce '-8.0' via int, leaving as string
  return {key: get_coercion(key)(value) for key, value in row.items()}
C:\Users\nicolas\Documents\GitHub\courtside-data\courtside_data\output\field_types.py:405: UserWarning: Failed to coerce '-9.0' via int, leaving as string
  return {key: get_coercion(key)(value) for key, value in row.items()}
C:\Users\nicolas\Documents\GitHub\courtside-data\courtside_data\output\field_types.py:405: UserWarning: Failed to coerce '-9.5' via int, leaving as string
  return {key: get_coercion(key)(value) for key, value in row.items()}
C:\Users\nicolas\Documents\GitHub\courtside-data\courtside_data\output\field_types.py:405: UserWarning: Failed to coerce '-10.0' via int, leaving as string
  return {key: get_coercion(key)(value) for key, value in row.items()}
C:\Users\nicolas\Documents\GitHub\courtside-data\courtside_data\output\field_types.py:405: UserWarning: Failed to coerce '-10.5' via int, leaving as string
  return {key: get_coercion(key)(value) for key, value in row.items()}
C:\Users\nicolas\Documents\GitHub\courtside-data\courtside_data\output\field_types.py:405: UserWarning: Failed to coerce '-11.0' via int, leaving as string
  return {key: get_coercion(key)(value) for key, value in row.items()}
C:\Users\nicolas\Documents\GitHub\courtside-data\courtside_data\output\field_types.py:405: UserWarning: Failed to coerce '-11.5' via int, leaving as string
  return {key: get_coercion(key)(value) for key, value in row.items()}
C:\Users\nicolas\Documents\GitHub\courtside-data\courtside_data\output\field_types.py:405: UserWarning: Failed to coerce '-12.0' via int, leaving as string
  return {key: get_coercion(key)(value) for key, value in row.items()}
C:\Users\nicolas\Documents\GitHub\courtside-data\courtside_data\output\field_types.py:405: UserWarning: Failed to coerce '-12.5' via int, leaving as string
  return {key: get_coercion(key)(value) for key, value in row.items()}
C:\Users\nicolas\Documents\GitHub\courtside-data\courtside_data\output\field_types.py:405: UserWarning: Failed to coerce '-13.0' via int, leaving as string
  return {key: get_coercion(key)(value) for key, value in row.items()}
C:\Users\nicolas\Documents\GitHub\courtside-data\courtside_data\output\field_types.py:405: UserWarning: Failed to coerce '-13.5' via int, leaving as string
  return {key: get_coercion(key)(value) for key, value in row.items()}
C:\Users\nicolas\Documents\GitHub\courtside-data\courtside_data\output\field_types.py:405: UserWarning: Failed to coerce '-14.5' via int, leaving as string
  return {key: get_coercion(key)(value) for key, value in row.items()}
C:\Users\nicolas\Documents\GitHub\courtside-data\courtside_data\output\field_types.py:405: UserWarning: Failed to coerce '-15.0' via int, leaving as string
  return {key: get_coercion(key)(value) for key, value in row.items()}
C:\Users\nicolas\Documents\GitHub\courtside-data\courtside_data\output\field_types.py:405: UserWarning: Failed to coerce '-15.5' via int, leaving as string
  return {key: get_coercion(key)(value) for key, value in row.items()}
C:\Users\nicolas\Documents\GitHub\courtside-data\courtside_data\output\field_types.py:405: UserWarning: Failed to coerce '-17.0' via int, leaving as string
  return {key: get_coercion(key)(value) for key, value in row.items()}
C:\Users\nicolas\Documents\GitHub\courtside-data\courtside_data\output\field_types.py:405: UserWarning: Failed to coerce '-18.0' via int, leaving as string
  return {key: get_coercion(key)(value) for key, value in row.items()}
C:\Users\nicolas\Documents\GitHub\courtside-data\courtside_data\output\field_types.py:405: UserWarning: Failed to coerce '-19.0' via int, leaving as string
  return {key: get_coercion(key)(value) for key, value in row.items()}
C:\Users\nicolas\Documents\GitHub\courtside-data\courtside_data\output\field_types.py:405: UserWarning: Failed to coerce '-19.5' via int, leaving as string
  return {key: get_coercion(key)(value) for key, value in row.items()}
C:\Users\nicolas\Documents\GitHub\courtside-data\courtside_data\output\field_types.py:405: UserWarning: Failed to coerce '-20.0' via int, leaving as string
  return {key: get_coercion(key)(value) for key, value in row.items()}
C:\Users\nicolas\Documents\GitHub\courtside-data\courtside_data\output\field_types.py:405: UserWarning: Failed to coerce '-20.5' via int, leaving as string
  return {key: get_coercion(key)(value) for key, value in row.items()}
C:\Users\nicolas\Documents\GitHub\courtside-data\courtside_data\output\field_types.py:405: UserWarning: Failed to coerce '-21.0' via int, leaving as string
  return {key: get_coercion(key)(value) for key, value in row.items()}
C:\Users\nicolas\Documents\GitHub\courtside-data\courtside_data\output\field_types.py:405: UserWarning: Failed to coerce '-22.0' via int, leaving as string
  return {key: get_coercion(key)(value) for key, value in row.items()}
C:\Users\nicolas\Documents\GitHub\courtside-data\courtside_data\output\field_types.py:405: UserWarning: Failed to coerce '-22.5' via int, leaving as string
  return {key: get_coercion(key)(value) for key, value in row.items()}
C:\Users\nicolas\Documents\GitHub\courtside-data\courtside_data\output\field_types.py:405: UserWarning: Failed to coerce '-23.0' via int, leaving as string
  return {key: get_coercion(key)(value) for key, value in row.items()}
C:\Users\nicolas\Documents\GitHub\courtside-data\courtside_data\output\field_types.py:405: UserWarning: Failed to coerce '-23.5' via int, leaving as string
  return {key: get_coercion(key)(value) for key, value in row.items()}
C:\Users\nicolas\Documents\GitHub\courtside-data\courtside_data\output\field_types.py:405: UserWarning: Failed to coerce '-25.5' via int, leaving as string
  return {key: get_coercion(key)(value) for key, value in row.items()}
C:\Users\nicolas\Documents\GitHub\courtside-data\courtside_data\output\field_types.py:405: UserWarning: Failed to coerce '-26.0' via int, leaving as string
  return {key: get_coercion(key)(value) for key, value in row.items()}
C:\Users\nicolas\Documents\GitHub\courtside-data\courtside_data\output\field_types.py:405: UserWarning: Failed to coerce '-26.5' via int, leaving as string
  return {key: get_coercion(key)(value) for key, value in row.items()}
C:\Users\nicolas\Documents\GitHub\courtside-data\courtside_data\output\field_types.py:405: UserWarning: Failed to coerce '-27.0' via int, leaving as string
  return {key: get_coercion(key)(value) for key, value in row.items()}
C:\Users\nicolas\Documents\GitHub\courtside-data\courtside_data\output\field_types.py:405: UserWarning: Failed to coerce '-29.0' via int, leaving as string
  return {key: get_coercion(key)(value) for key, value in row.items()}
C:\Users\nicolas\Documents\GitHub\courtside-data\courtside_data\output\field_types.py:405: UserWarning: Failed to coerce '-29.5' via int, leaving as string
  return {key: get_coercion(key)(value) for key, value in row.items()}
C:\Users\nicolas\Documents\GitHub\courtside-data\courtside_data\output\field_types.py:405: UserWarning: Failed to coerce '-31.0' via int, leaving as string
  return {key: get_coercion(key)(value) for key, value in row.items()}
C:\Users\nicolas\Documents\GitHub\courtside-data\courtside_data\output\field_types.py:405: UserWarning: Failed to coerce '-31.5' via int, leaving as string
  return {key: get_coercion(key)(value) for key, value in row.items()}
C:\Users\nicolas\Documents\GitHub\courtside-data\courtside_data\output\field_types.py:405: UserWarning: Failed to coerce '-32.0' via int, leaving as string
  return {key: get_coercion(key)(value) for key, value in row.items()}
C:\Users\nicolas\Documents\GitHub\courtside-data\courtside_data\output\field_types.py:405: UserWarning: Failed to coerce '-33.0' via int, leaving as string
  return {key: get_coercion(key)(value) for key, value in row.items()}
C:\Users\nicolas\Documents\GitHub\courtside-data\courtside_data\output\field_types.py:405: UserWarning: Failed to coerce '-35.0' via int, leaving as string
  return {key: get_coercion(key)(value) for key, value in row.items()}
C:\Users\nicolas\Documents\GitHub\courtside-data\courtside_data\output\field_types.py:405: UserWarning: Failed to coerce '-35.5' via int, leaving as string
  return {key: get_coercion(key)(value) for key, value in row.items()}
C:\Users\nicolas\Documents\GitHub\courtside-data\courtside_data\output\field_types.py:405: UserWarning: Failed to coerce '-36.5' via int, leaving as string
  return {key: get_coercion(key)(value) for key, value in row.items()}
C:\Users\nicolas\Documents\GitHub\courtside-data\courtside_data\output\field_types.py:405: UserWarning: Failed to coerce '-37.0' via int, leaving as string
  return {key: get_coercion(key)(value) for key, value in row.items()}
C:\Users\nicolas\Documents\GitHub\courtside-data\courtside_data\output\field_types.py:405: UserWarning: Failed to coerce '-37.5' via int, leaving as string
  return {key: get_coercion(key)(value) for key, value in row.items()}
C:\Users\nicolas\Documents\GitHub\courtside-data\courtside_data\output\field_types.py:405: UserWarning: Failed to coerce '-38.0' via int, leaving as string
  return {key: get_coercion(key)(value) for key, value in row.items()}
C:\Users\nicolas\Documents\GitHub\courtside-data\courtside_data\output\field_types.py:405: UserWarning: Failed to coerce '-38.5' via int, leaving as string
  return {key: get_coercion(key)(value) for key, value in row.items()}
C:\Users\nicolas\Documents\GitHub\courtside-data\courtside_data\output\field_types.py:405: UserWarning: Failed to coerce '-39.0' via int, leaving as string
  return {key: get_coercion(key)(value) for key, value in row.items()}
C:\Users\nicolas\Documents\GitHub\courtside-data\courtside_data\output\field_types.py:405: UserWarning: Failed to coerce '-40.0' via int, leaving as string
  return {key: get_coercion(key)(value) for key, value in row.items()}
C:\Users\nicolas\Documents\GitHub\courtside-data\courtside_data\output\field_types.py:405: UserWarning: Failed to coerce '-40.5' via int, leaving as string
  return {key: get_coercion(key)(value) for key, value in row.items()}
C:\Users\nicolas\Documents\GitHub\courtside-data\courtside_data\output\field_types.py:405: UserWarning: Failed to coerce '-41.5' via int, leaving as string
  return {key: get_coercion(key)(value) for key, value in row.items()}
C:\Users\nicolas\Documents\GitHub\courtside-data\courtside_data\output\field_types.py:405: UserWarning: Failed to coerce '-44.0' via int, leaving as string
  return {key: get_coercion(key)(value) for key, value in row.items()}
C:\Users\nicolas\Documents\GitHub\courtside-data\courtside_data\output\field_types.py:405: UserWarning: Failed to coerce '-45.5' via int, leaving as string
  return {key: get_coercion(key)(value) for key, value in row.items()}
C:\Users\nicolas\Documents\GitHub\courtside-data\courtside_data\output\field_types.py:405: UserWarning: Failed to coerce '-46.0' via int, leaving as string
  return {key: get_coercion(key)(value) for key, value in row.items()}
C:\Users\nicolas\Documents\GitHub\courtside-data\courtside_data\output\field_types.py:405: UserWarning: Failed to coerce '-47.0' via int, leaving as string
  return {key: get_coercion(key)(value) for key, value in row.items()}
C:\Users\nicolas\Documents\GitHub\courtside-data\courtside_data\output\field_types.py:405: UserWarning: Failed to coerce '-48.0' via int, leaving as string
  return {key: get_coercion(key)(value) for key, value in row.items()}
C:\Users\nicolas\Documents\GitHub\courtside-data\courtside_data\output\field_types.py:405: UserWarning: Failed to coerce '-48.5' via int, leaving as string
  return {key: get_coercion(key)(value) for key, value in row.items()}
C:\Users\nicolas\Documents\GitHub\courtside-data\courtside_data\output\field_types.py:405: UserWarning: Failed to coerce '-49.0' via int, leaving as string
  return {key: get_coercion(key)(value) for key, value in row.items()}
C:\Users\nicolas\Documents\GitHub\courtside-data\courtside_data\output\field_types.py:405: UserWarning: Failed to coerce '-49.5' via int, leaving as string
  return {key: get_coercion(key)(value) for key, value in row.items()}
C:\Users\nicolas\Documents\GitHub\courtside-data\courtside_data\output\field_types.py:405: UserWarning: Failed to coerce '-50.0' via int, leaving as string
  return {key: get_coercion(key)(value) for key, value in row.items()}
C:\Users\nicolas\Documents\GitHub\courtside-data\courtside_data\output\field_types.py:405: UserWarning: Failed to coerce '-50.5' via int, leaving as string
  return {key: get_coercion(key)(value) for key, value in row.items()}
C:\Users\nicolas\Documents\GitHub\courtside-data\courtside_data\output\field_types.py:405: UserWarning: Failed to coerce '-53.0' via int, leaving as string
  return {key: get_coercion(key)(value) for key, value in row.items()}
C:\Users\nicolas\Documents\GitHub\courtside-data\courtside_data\output\field_types.py:405: UserWarning: Failed to coerce '-56.0' via int, leaving as string
  return {key: get_coercion(key)(value) for key, value in row.items()}
C:\Users\nicolas\Documents\GitHub\courtside-data\courtside_data\output\field_types.py:405: UserWarning: Failed to coerce '-59.5' via int, leaving as string
  return {key: get_coercion(key)(value) for key, value in row.items()}
C:\Users\nicolas\Documents\GitHub\courtside-data\courtside_data\output\field_types.py:405: UserWarning: Failed to coerce '-61.0' via int, leaving as string
  return {key: get_coercion(key)(value) for key, value in row.items()}
C:\Users\nicolas\Documents\GitHub\courtside-data\courtside_data\output\field_types.py:405: UserWarning: Failed to coerce '-67.0' via int, leaving as string
  return {key: get_coercion(key)(value) for key, value in row.items()}
C:\Users\nicolas\Documents\GitHub\courtside-data\courtside_data\output\field_types.py:405: UserWarning: Failed to coerce '-68.5' via int, leaving as string
  return {key: get_coercion(key)(value) for key, value in row.items()}
C:\Users\nicolas\Documents\GitHub\courtside-data\courtside_data\output\field_types.py:405: UserWarning: Failed to coerce '-71.0' via int, leaving as string
  return {key: get_coercion(key)(value) for key, value in row.items()}
C:\Users\nicolas\Documents\GitHub\courtside-data\courtside_data\output\field_types.py:405: UserWarning: Failed to coerce '-73.0' via int, leaving as string
  return {key: get_coercion(key)(value) for key, value in row.items()}
C:\Users\nicolas\Documents\GitHub\courtside-data\courtside_data\output\field_types.py:405: UserWarning: Failed to coerce '-74.0' via int, leaving as string
  return {key: get_coercion(key)(value) for key, value in row.items()}
C:\Users\nicolas\Documents\GitHub\courtside-data\courtside_data\output\field_types.py:405: UserWarning: Failed to coerce '-75.0' via int, leaving as string
  return {key: get_coercion(key)(value) for key, value in row.items()}
C:\Users\nicolas\Documents\GitHub\courtside-data\courtside_data\output\field_types.py:405: UserWarning: Failed to coerce '-76.0' via int, leaving as string
  return {key: get_coercion(key)(value) for key, value in row.items()}
C:\Users\nicolas\Documents\GitHub\courtside-data\courtside_data\output\field_types.py:405: UserWarning: Failed to coerce '-84.5' via int, leaving as string
  return {key: get_coercion(key)(value) for key, value in row.items()}
C:\Users\nicolas\Documents\GitHub\courtside-data\courtside_data\output\field_types.py:405: UserWarning: Failed to coerce '-85.0' via int, leaving as string
  return {key: get_coercion(key)(value) for key, value in row.items()}
C:\Users\nicolas\Documents\GitHub\courtside-data\courtside_data\output\field_types.py:405: UserWarning: Failed to coerce '-94.0' via int, leaving as string
  return {key: get_coercion(key)(value) for key, value in row.items()}
C:\Users\nicolas\Documents\GitHub\courtside-data\courtside_data\output\field_types.py:405: UserWarning: Failed to coerce '-99.0' via int, leaving as string
  return {key: get_coercion(key)(value) for key, value in row.items()}
C:\Users\nicolas\Documents\GitHub\courtside-data\courtside_data\output\field_types.py:405: UserWarning: Failed to coerce '-102.0' via int, leaving as string
  return {key: get_coercion(key)(value) for key, value in row.items()}
C:\Users\nicolas\Documents\GitHub\courtside-data\courtside_data\output\field_types.py:405: UserWarning: Failed to coerce '-105.0' via int, leaving as string
  return {key: get_coercion(key)(value) for key, value in row.items()}
C:\Users\nicolas\Documents\GitHub\courtside-data\courtside_data\output\field_types.py:405: UserWarning: Failed to coerce '-111.0' via int, leaving as string
  return {key: get_coercion(key)(value) for key, value in row.items()}
C:\Users\nicolas\Documents\GitHub\courtside-data\courtside_data\output\field_types.py:405: UserWarning: Failed to coerce '-112.0' via int, leaving as string
  return {key: get_coercion(key)(value) for key, value in row.items()}
C:\Users\nicolas\Documents\GitHub\courtside-data\courtside_data\output\field_types.py:405: UserWarning: Failed to coerce '-115.0' via int, leaving as string
  return {key: get_coercion(key)(value) for key, value in row.items()}
C:\Users\nicolas\Documents\GitHub\courtside-data\courtside_data\output\field_types.py:405: UserWarning: Failed to coerce '-131.5' via int, leaving as string
  return {key: get_coercion(key)(value) for key, value in row.items()}
C:\Users\nicolas\Documents\GitHub\courtside-data\courtside_data\output\field_types.py:405: UserWarning: Failed to coerce '-267.0' via int, leaving as string
  return {key: get_coercion(key)(value) for key, value in row.items()}
[204/341] executives_register ... ERROR other ValueError  (6.8s)
[205/341] referees ... ERROR http_status HTTPStatusError  (5.9s)
[206/341] referees_refs_summary ... ERROR http_status HTTPStatusError  (6.2s)
[207/341] referees_relative ... ERROR http_status HTTPStatusError  (6.5s)
[208/341] referees_rs_home_vs_visitor ... ERROR http_status HTTPStatusError  (6.3s)
[209/341] player_high_school_exhibition ... OK  (rows=27, 6.8s)
[210/341] player_high_school_exhibition_hs_01_02 ... OK  (rows=27, 6.4s)
[211/341] player_high_school_exhibition_hs_02_03 ... OK  (rows=27, 6.5s)
[212/341] player_high_school_exhibition_hs_99_00 ... OK  (rows=27, 6.9s)
[213/341] playoff_historical_series_index ... OK  (rows=979, 7.3s)
[214/341] playoff_series_matchup ... ERROR other TypeError  (0.0s)
[215/341] playoff_series_matchup_bosadvanced ... ERROR other TypeError  (0.0s)
[216/341] playoff_series_matchup_phi ... ERROR other TypeError  (0.0s)
[217/341] playoff_series_matchup_phiadvanced ... ERROR other TypeError  (0.0s)
[218/341] playoff_series_matchup_all_playoffs ... ERROR other TypeError  (0.0s)
[219/341] playoff_series_matchup_four_factors ... ERROR other TypeError  (0.0s)
C:\Users\nicolas\Documents\GitHub\courtside-data\courtside_data\output\field_types.py:405: UserWarning: Failed to coerce 'Box Score' via int, leaving as string
  return {key: get_coercion(key)(value) for key, value in row.items()}
C:\Users\nicolas\Documents\GitHub\courtside-data\courtside_data\output\field_types.py:405: UserWarning: Failed to coerce 'OT' via int, leaving as string
  return {key: get_coercion(key)(value) for key, value in row.items()}
[220/341] playoff_year_games ... ERROR other ValueError  (5.8s)
[221/341] playoff_year_leaders ... OK  (rows=0, 6.2s)
[222/341] playoff_year_player_advanced ... OK  (rows=239, 7.2s)
[223/341] playoff_year_player_per_game ... OK  (rows=214, 6.6s)
[224/341] playoff_year_player_per_minute ... OK  (rows=217, 6.7s)
[225/341] playoff_year_player_per_poss ... OK  (rows=217, 6.2s)
[226/341] playoff_year_player_totals ... OK  (rows=217, 6.4s)
[227/341] playoff_year_standings ... OK  (rows=16, 6.1s)
[228/341] playoff_year_standings_team_vs_team ... OK  (rows=16, 6.3s)
[229/341] franchise_all_star_selections ... OK  (rows=0, 6.1s)
C:\Users\nicolas\Documents\GitHub\courtside-data\courtside_data\output\field_types.py:405: UserWarning: Failed to coerce '-47.5' via int, leaving as string
  return {key: get_coercion(key)(value) for key, value in row.items()}
C:\Users\nicolas\Documents\GitHub\courtside-data\courtside_data\output\field_types.py:405: UserWarning: Failed to coerce '-3.5' via int, leaving as string
  return {key: get_coercion(key)(value) for key, value in row.items()}
C:\Users\nicolas\Documents\GitHub\courtside-data\courtside_data\output\field_types.py:405: UserWarning: Failed to coerce '-34.0' via int, leaving as string
  return {key: get_coercion(key)(value) for key, value in row.items()}
C:\Users\nicolas\Documents\GitHub\courtside-data\courtside_data\output\field_types.py:405: UserWarning: Failed to coerce '-8.5' via int, leaving as string
  return {key: get_coercion(key)(value) for key, value in row.items()}
C:\Users\nicolas\Documents\GitHub\courtside-data\courtside_data\output\field_types.py:405: UserWarning: Failed to coerce '-28.0' via int, leaving as string
  return {key: get_coercion(key)(value) for key, value in row.items()}
[230/341] franchise_all_time_coaches ... ERROR other ValueError  (7.0s)
[231/341] franchise_all_time_executives ... OK  (rows=22, 6.6s)
[232/341] franchise_all_time_roster ... OK  (rows=439, 7.2s)
[233/341] franchise_career_leaders ... OK  (rows=0, 6.2s)
[234/341] franchise_hall_of_famers ... OK  (rows=0, 6.4s)
[235/341] franchise_head_to_head ... OK  (rows=29, 6.4s)
[236/341] franchise_season_leaders ... OK  (rows=0, 6.9s)
[237/341] franchise_uniform_numbers ... OK  (rows=0, 6.5s)
[238/341] franchise_year_by_year_opp_per_game ... OK  (rows=60, 6.8s)
[239/341] franchise_year_by_year_opp_totals ... OK  (rows=59, 6.3s)
[240/341] franchise_year_by_year_ranks ... OK  (rows=77, 6.1s)
[241/341] franchise_year_by_year_stats_per_game ... OK  (rows=59, 6.9s)
[242/341] franchise_year_by_year_stats_totals ... OK  (rows=59, 6.6s)
C:\Users\nicolas\Documents\GitHub\courtside-data\courtside_data\output\field_types.py:405: UserWarning: Failed to coerce '-0.1%' via int, leaving as string
  return {key: get_coercion(key)(value) for key, value in row.items()}
C:\Users\nicolas\Documents\GitHub\courtside-data\courtside_data\output\field_types.py:405: UserWarning: Failed to coerce '0.5%' via int, leaving as string
  return {key: get_coercion(key)(value) for key, value in row.items()}
C:\Users\nicolas\Documents\GitHub\courtside-data\courtside_data\output\field_types.py:405: UserWarning: Failed to coerce '0.2%' via int, leaving as string
  return {key: get_coercion(key)(value) for key, value in row.items()}
C:\Users\nicolas\Documents\GitHub\courtside-data\courtside_data\output\field_types.py:405: UserWarning: Failed to coerce '8.5%' via int, leaving as string
  return {key: get_coercion(key)(value) for key, value in row.items()}
C:\Users\nicolas\Documents\GitHub\courtside-data\courtside_data\output\field_types.py:405: UserWarning: Failed to coerce '4.8%' via int, leaving as string
  return {key: get_coercion(key)(value) for key, value in row.items()}
C:\Users\nicolas\Documents\GitHub\courtside-data\courtside_data\output\field_types.py:405: UserWarning: Failed to coerce '-3.1%' via int, leaving as string
  return {key: get_coercion(key)(value) for key, value in row.items()}
C:\Users\nicolas\Documents\GitHub\courtside-data\courtside_data\output\field_types.py:405: UserWarning: Failed to coerce '-3.0%' via int, leaving as string
  return {key: get_coercion(key)(value) for key, value in row.items()}
C:\Users\nicolas\Documents\GitHub\courtside-data\courtside_data\output\field_types.py:405: UserWarning: Failed to coerce '-7.4%' via int, leaving as string
  return {key: get_coercion(key)(value) for key, value in row.items()}
C:\Users\nicolas\Documents\GitHub\courtside-data\courtside_data\output\field_types.py:405: UserWarning: Failed to coerce '-7.3%' via int, leaving as string
  return {key: get_coercion(key)(value) for key, value in row.items()}
C:\Users\nicolas\Documents\GitHub\courtside-data\courtside_data\output\field_types.py:405: UserWarning: Failed to coerce '-7.6%' via int, leaving as string
  return {key: get_coercion(key)(value) for key, value in row.items()}
C:\Users\nicolas\Documents\GitHub\courtside-data\courtside_data\output\field_types.py:405: UserWarning: Failed to coerce '-0.2%' via int, leaving as string
  return {key: get_coercion(key)(value) for key, value in row.items()}
C:\Users\nicolas\Documents\GitHub\courtside-data\courtside_data\output\field_types.py:405: UserWarning: Failed to coerce '-2.2%' via int, leaving as string
  return {key: get_coercion(key)(value) for key, value in row.items()}
C:\Users\nicolas\Documents\GitHub\courtside-data\courtside_data\output\field_types.py:405: UserWarning: Failed to coerce '1.9%' via int, leaving as string
  return {key: get_coercion(key)(value) for key, value in row.items()}
C:\Users\nicolas\Documents\GitHub\courtside-data\courtside_data\output\field_types.py:405: UserWarning: Failed to coerce '-3.8%' via int, leaving as string
  return {key: get_coercion(key)(value) for key, value in row.items()}
C:\Users\nicolas\Documents\GitHub\courtside-data\courtside_data\output\field_types.py:405: UserWarning: Failed to coerce '-8.4%' via int, leaving as string
  return {key: get_coercion(key)(value) for key, value in row.items()}
C:\Users\nicolas\Documents\GitHub\courtside-data\courtside_data\output\field_types.py:405: UserWarning: Failed to coerce '-8.7%' via int, leaving as string
  return {key: get_coercion(key)(value) for key, value in row.items()}
C:\Users\nicolas\Documents\GitHub\courtside-data\courtside_data\output\field_types.py:405: UserWarning: Failed to coerce '3.1%' via int, leaving as string
  return {key: get_coercion(key)(value) for key, value in row.items()}
C:\Users\nicolas\Documents\GitHub\courtside-data\courtside_data\output\field_types.py:405: UserWarning: Failed to coerce '-0.4%' via int, leaving as string
  return {key: get_coercion(key)(value) for key, value in row.items()}
C:\Users\nicolas\Documents\GitHub\courtside-data\courtside_data\output\field_types.py:405: UserWarning: Failed to coerce '0.8%' via int, leaving as string
  return {key: get_coercion(key)(value) for key, value in row.items()}
C:\Users\nicolas\Documents\GitHub\courtside-data\courtside_data\output\field_types.py:405: UserWarning: Failed to coerce '-0.7%' via int, leaving as string
  return {key: get_coercion(key)(value) for key, value in row.items()}
C:\Users\nicolas\Documents\GitHub\courtside-data\courtside_data\output\field_types.py:405: UserWarning: Failed to coerce '-1.6%' via int, leaving as string
  return {key: get_coercion(key)(value) for key, value in row.items()}
C:\Users\nicolas\Documents\GitHub\courtside-data\courtside_data\output\field_types.py:405: UserWarning: Failed to coerce '-1.2%' via int, leaving as string
  return {key: get_coercion(key)(value) for key, value in row.items()}
C:\Users\nicolas\Documents\GitHub\courtside-data\courtside_data\output\field_types.py:405: UserWarning: Failed to coerce '-3.2%' via int, leaving as string
  return {key: get_coercion(key)(value) for key, value in row.items()}
C:\Users\nicolas\Documents\GitHub\courtside-data\courtside_data\output\field_types.py:405: UserWarning: Failed to coerce '-0.3%' via int, leaving as string
  return {key: get_coercion(key)(value) for key, value in row.items()}
C:\Users\nicolas\Documents\GitHub\courtside-data\courtside_data\output\field_types.py:405: UserWarning: Failed to coerce '-4.9%' via int, leaving as string
  return {key: get_coercion(key)(value) for key, value in row.items()}
C:\Users\nicolas\Documents\GitHub\courtside-data\courtside_data\output\field_types.py:405: UserWarning: Failed to coerce '1.4%' via int, leaving as string
  return {key: get_coercion(key)(value) for key, value in row.items()}
C:\Users\nicolas\Documents\GitHub\courtside-data\courtside_data\output\field_types.py:405: UserWarning: Failed to coerce '11.3%' via int, leaving as string
  return {key: get_coercion(key)(value) for key, value in row.items()}
C:\Users\nicolas\Documents\GitHub\courtside-data\courtside_data\output\field_types.py:405: UserWarning: Failed to coerce '29.8%' via int, leaving as string
  return {key: get_coercion(key)(value) for key, value in row.items()}
C:\Users\nicolas\Documents\GitHub\courtside-data\courtside_data\output\field_types.py:405: UserWarning: Failed to coerce '13.6%' via int, leaving as string
  return {key: get_coercion(key)(value) for key, value in row.items()}
C:\Users\nicolas\Documents\GitHub\courtside-data\courtside_data\output\field_types.py:405: UserWarning: Failed to coerce '14.7%' via int, leaving as string
  return {key: get_coercion(key)(value) for key, value in row.items()}
C:\Users\nicolas\Documents\GitHub\courtside-data\courtside_data\output\field_types.py:405: UserWarning: Failed to coerce '2.8%' via int, leaving as string
  return {key: get_coercion(key)(value) for key, value in row.items()}
C:\Users\nicolas\Documents\GitHub\courtside-data\courtside_data\output\field_types.py:405: UserWarning: Failed to coerce '0.0%' via int, leaving as string
  return {key: get_coercion(key)(value) for key, value in row.items()}
C:\Users\nicolas\Documents\GitHub\courtside-data\courtside_data\output\field_types.py:405: UserWarning: Failed to coerce '-3.5%' via int, leaving as string
  return {key: get_coercion(key)(value) for key, value in row.items()}
C:\Users\nicolas\Documents\GitHub\courtside-data\courtside_data\output\field_types.py:405: UserWarning: Failed to coerce '0.1%' via int, leaving as string
  return {key: get_coercion(key)(value) for key, value in row.items()}
C:\Users\nicolas\Documents\GitHub\courtside-data\courtside_data\output\field_types.py:405: UserWarning: Failed to coerce '27.6%' via int, leaving as string
  return {key: get_coercion(key)(value) for key, value in row.items()}
C:\Users\nicolas\Documents\GitHub\courtside-data\courtside_data\output\field_types.py:405: UserWarning: Failed to coerce '23.4%' via int, leaving as string
  return {key: get_coercion(key)(value) for key, value in row.items()}
C:\Users\nicolas\Documents\GitHub\courtside-data\courtside_data\output\field_types.py:405: UserWarning: Failed to coerce '-13.4%' via int, leaving as string
  return {key: get_coercion(key)(value) for key, value in row.items()}
C:\Users\nicolas\Documents\GitHub\courtside-data\courtside_data\output\field_types.py:405: UserWarning: Failed to coerce '-11.4%' via int, leaving as string
  return {key: get_coercion(key)(value) for key, value in row.items()}
C:\Users\nicolas\Documents\GitHub\courtside-data\courtside_data\output\field_types.py:405: UserWarning: Failed to coerce '3.0%' via int, leaving as string
  return {key: get_coercion(key)(value) for key, value in row.items()}
C:\Users\nicolas\Documents\GitHub\courtside-data\courtside_data\output\field_types.py:405: UserWarning: Failed to coerce '-2.9%' via int, leaving as string
  return {key: get_coercion(key)(value) for key, value in row.items()}
C:\Users\nicolas\Documents\GitHub\courtside-data\courtside_data\output\field_types.py:405: UserWarning: Failed to coerce '0.7%' via int, leaving as string
  return {key: get_coercion(key)(value) for key, value in row.items()}
C:\Users\nicolas\Documents\GitHub\courtside-data\courtside_data\output\field_types.py:405: UserWarning: Failed to coerce '6.4%' via int, leaving as string
  return {key: get_coercion(key)(value) for key, value in row.items()}
C:\Users\nicolas\Documents\GitHub\courtside-data\courtside_data\output\field_types.py:405: UserWarning: Failed to coerce '6.0%' via int, leaving as string
  return {key: get_coercion(key)(value) for key, value in row.items()}
C:\Users\nicolas\Documents\GitHub\courtside-data\courtside_data\output\field_types.py:405: UserWarning: Failed to coerce '-8.0%' via int, leaving as string
  return {key: get_coercion(key)(value) for key, value in row.items()}
C:\Users\nicolas\Documents\GitHub\courtside-data\courtside_data\output\field_types.py:405: UserWarning: Failed to coerce '4.7%' via int, leaving as string
  return {key: get_coercion(key)(value) for key, value in row.items()}
C:\Users\nicolas\Documents\GitHub\courtside-data\courtside_data\output\field_types.py:405: UserWarning: Failed to coerce '7.6%' via int, leaving as string
  return {key: get_coercion(key)(value) for key, value in row.items()}
C:\Users\nicolas\Documents\GitHub\courtside-data\courtside_data\output\field_types.py:405: UserWarning: Failed to coerce '4.6%' via int, leaving as string
  return {key: get_coercion(key)(value) for key, value in row.items()}
C:\Users\nicolas\Documents\GitHub\courtside-data\courtside_data\output\field_types.py:405: UserWarning: Failed to coerce '-16.5%' via int, leaving as string
  return {key: get_coercion(key)(value) for key, value in row.items()}
C:\Users\nicolas\Documents\GitHub\courtside-data\courtside_data\output\field_types.py:405: UserWarning: Failed to coerce '-11.2%' via int, leaving as string
  return {key: get_coercion(key)(value) for key, value in row.items()}
C:\Users\nicolas\Documents\GitHub\courtside-data\courtside_data\output\field_types.py:405: UserWarning: Failed to coerce '18.4%' via int, leaving as string
  return {key: get_coercion(key)(value) for key, value in row.items()}
C:\Users\nicolas\Documents\GitHub\courtside-data\courtside_data\output\field_types.py:405: UserWarning: Failed to coerce '1.1%' via int, leaving as string
  return {key: get_coercion(key)(value) for key, value in row.items()}
C:\Users\nicolas\Documents\GitHub\courtside-data\courtside_data\output\field_types.py:405: UserWarning: Failed to coerce '11.8%' via int, leaving as string
  return {key: get_coercion(key)(value) for key, value in row.items()}
C:\Users\nicolas\Documents\GitHub\courtside-data\courtside_data\output\field_types.py:405: UserWarning: Failed to coerce '-2.3%' via int, leaving as string
  return {key: get_coercion(key)(value) for key, value in row.items()}
C:\Users\nicolas\Documents\GitHub\courtside-data\courtside_data\output\field_types.py:405: UserWarning: Failed to coerce '0.9%' via int, leaving as string
  return {key: get_coercion(key)(value) for key, value in row.items()}
C:\Users\nicolas\Documents\GitHub\courtside-data\courtside_data\output\field_types.py:405: UserWarning: Failed to coerce '1.6%' via int, leaving as string
  return {key: get_coercion(key)(value) for key, value in row.items()}
C:\Users\nicolas\Documents\GitHub\courtside-data\courtside_data\output\field_types.py:405: UserWarning: Failed to coerce '15.2%' via int, leaving as string
  return {key: get_coercion(key)(value) for key, value in row.items()}
C:\Users\nicolas\Documents\GitHub\courtside-data\courtside_data\output\field_types.py:405: UserWarning: Failed to coerce '9.1%' via int, leaving as string
  return {key: get_coercion(key)(value) for key, value in row.items()}
C:\Users\nicolas\Documents\GitHub\courtside-data\courtside_data\output\field_types.py:405: UserWarning: Failed to coerce '3.9%' via int, leaving as string
  return {key: get_coercion(key)(value) for key, value in row.items()}
C:\Users\nicolas\Documents\GitHub\courtside-data\courtside_data\output\field_types.py:405: UserWarning: Failed to coerce '13.2%' via int, leaving as string
  return {key: get_coercion(key)(value) for key, value in row.items()}
C:\Users\nicolas\Documents\GitHub\courtside-data\courtside_data\output\field_types.py:405: UserWarning: Failed to coerce '15.8%' via int, leaving as string
  return {key: get_coercion(key)(value) for key, value in row.items()}
C:\Users\nicolas\Documents\GitHub\courtside-data\courtside_data\output\field_types.py:405: UserWarning: Failed to coerce '15.3%' via int, leaving as string
  return {key: get_coercion(key)(value) for key, value in row.items()}
C:\Users\nicolas\Documents\GitHub\courtside-data\courtside_data\output\field_types.py:405: UserWarning: Failed to coerce '18.0%' via int, leaving as string
  return {key: get_coercion(key)(value) for key, value in row.items()}
C:\Users\nicolas\Documents\GitHub\courtside-data\courtside_data\output\field_types.py:405: UserWarning: Failed to coerce '17.4%' via int, leaving as string
  return {key: get_coercion(key)(value) for key, value in row.items()}
C:\Users\nicolas\Documents\GitHub\courtside-data\courtside_data\output\field_types.py:405: UserWarning: Failed to coerce '14.8%' via int, leaving as string
  return {key: get_coercion(key)(value) for key, value in row.items()}
C:\Users\nicolas\Documents\GitHub\courtside-data\courtside_data\output\field_types.py:405: UserWarning: Failed to coerce '13.9%' via int, leaving as string
  return {key: get_coercion(key)(value) for key, value in row.items()}
C:\Users\nicolas\Documents\GitHub\courtside-data\courtside_data\output\field_types.py:405: UserWarning: Failed to coerce '8.3%' via int, leaving as string
  return {key: get_coercion(key)(value) for key, value in row.items()}
C:\Users\nicolas\Documents\GitHub\courtside-data\courtside_data\output\field_types.py:405: UserWarning: Failed to coerce '10.2%' via int, leaving as string
  return {key: get_coercion(key)(value) for key, value in row.items()}
C:\Users\nicolas\Documents\GitHub\courtside-data\courtside_data\output\field_types.py:405: UserWarning: Failed to coerce '9.8%' via int, leaving as string
  return {key: get_coercion(key)(value) for key, value in row.items()}
C:\Users\nicolas\Documents\GitHub\courtside-data\courtside_data\output\field_types.py:405: UserWarning: Failed to coerce '16.1%' via int, leaving as string
  return {key: get_coercion(key)(value) for key, value in row.items()}
C:\Users\nicolas\Documents\GitHub\courtside-data\courtside_data\output\field_types.py:405: UserWarning: Failed to coerce '16.7%' via int, leaving as string
  return {key: get_coercion(key)(value) for key, value in row.items()}
C:\Users\nicolas\Documents\GitHub\courtside-data\courtside_data\output\field_types.py:405: UserWarning: Failed to coerce '1.8%' via int, leaving as string
  return {key: get_coercion(key)(value) for key, value in row.items()}
C:\Users\nicolas\Documents\GitHub\courtside-data\courtside_data\output\field_types.py:405: UserWarning: Failed to coerce '2.0%' via int, leaving as string
  return {key: get_coercion(key)(value) for key, value in row.items()}
C:\Users\nicolas\Documents\GitHub\courtside-data\courtside_data\output\field_types.py:405: UserWarning: Failed to coerce '14.1%' via int, leaving as string
  return {key: get_coercion(key)(value) for key, value in row.items()}
C:\Users\nicolas\Documents\GitHub\courtside-data\courtside_data\output\field_types.py:405: UserWarning: Failed to coerce '6.9%' via int, leaving as string
  return {key: get_coercion(key)(value) for key, value in row.items()}
C:\Users\nicolas\Documents\GitHub\courtside-data\courtside_data\output\field_types.py:405: UserWarning: Failed to coerce '7.9%' via int, leaving as string
  return {key: get_coercion(key)(value) for key, value in row.items()}
C:\Users\nicolas\Documents\GitHub\courtside-data\courtside_data\output\field_types.py:405: UserWarning: Failed to coerce '3.5%' via int, leaving as string
  return {key: get_coercion(key)(value) for key, value in row.items()}
C:\Users\nicolas\Documents\GitHub\courtside-data\courtside_data\output\field_types.py:405: UserWarning: Failed to coerce '11.2%' via int, leaving as string
  return {key: get_coercion(key)(value) for key, value in row.items()}
C:\Users\nicolas\Documents\GitHub\courtside-data\courtside_data\output\field_types.py:405: UserWarning: Failed to coerce '-0.6%' via int, leaving as string
  return {key: get_coercion(key)(value) for key, value in row.items()}
C:\Users\nicolas\Documents\GitHub\courtside-data\courtside_data\output\field_types.py:405: UserWarning: Failed to coerce '6.5%' via int, leaving as string
  return {key: get_coercion(key)(value) for key, value in row.items()}
C:\Users\nicolas\Documents\GitHub\courtside-data\courtside_data\output\field_types.py:405: UserWarning: Failed to coerce '6.2%' via int, leaving as string
  return {key: get_coercion(key)(value) for key, value in row.items()}
C:\Users\nicolas\Documents\GitHub\courtside-data\courtside_data\output\field_types.py:405: UserWarning: Failed to coerce '14.6%' via int, leaving as string
  return {key: get_coercion(key)(value) for key, value in row.items()}
C:\Users\nicolas\Documents\GitHub\courtside-data\courtside_data\output\field_types.py:405: UserWarning: Failed to coerce '11.4%' via int, leaving as string
  return {key: get_coercion(key)(value) for key, value in row.items()}
C:\Users\nicolas\Documents\GitHub\courtside-data\courtside_data\output\field_types.py:405: UserWarning: Failed to coerce '15.0%' via int, leaving as string
  return {key: get_coercion(key)(value) for key, value in row.items()}
C:\Users\nicolas\Documents\GitHub\courtside-data\courtside_data\output\field_types.py:405: UserWarning: Failed to coerce '12.9%' via int, leaving as string
  return {key: get_coercion(key)(value) for key, value in row.items()}
C:\Users\nicolas\Documents\GitHub\courtside-data\courtside_data\output\field_types.py:405: UserWarning: Failed to coerce '13.4%' via int, leaving as string
  return {key: get_coercion(key)(value) for key, value in row.items()}
C:\Users\nicolas\Documents\GitHub\courtside-data\courtside_data\output\field_types.py:405: UserWarning: Failed to coerce '8.2%' via int, leaving as string
  return {key: get_coercion(key)(value) for key, value in row.items()}
C:\Users\nicolas\Documents\GitHub\courtside-data\courtside_data\output\field_types.py:405: UserWarning: Failed to coerce '0.3%' via int, leaving as string
  return {key: get_coercion(key)(value) for key, value in row.items()}
C:\Users\nicolas\Documents\GitHub\courtside-data\courtside_data\output\field_types.py:405: UserWarning: Failed to coerce '-12.2%' via int, leaving as string
  return {key: get_coercion(key)(value) for key, value in row.items()}
C:\Users\nicolas\Documents\GitHub\courtside-data\courtside_data\output\field_types.py:405: UserWarning: Failed to coerce '-10.1%' via int, leaving as string
  return {key: get_coercion(key)(value) for key, value in row.items()}
C:\Users\nicolas\Documents\GitHub\courtside-data\courtside_data\output\field_types.py:405: UserWarning: Failed to coerce '9.3%' via int, leaving as string
  return {key: get_coercion(key)(value) for key, value in row.items()}
C:\Users\nicolas\Documents\GitHub\courtside-data\courtside_data\output\field_types.py:405: UserWarning: Failed to coerce '-18.0%' via int, leaving as string
  return {key: get_coercion(key)(value) for key, value in row.items()}
C:\Users\nicolas\Documents\GitHub\courtside-data\courtside_data\output\field_types.py:405: UserWarning: Failed to coerce '-19.7%' via int, leaving as string
  return {key: get_coercion(key)(value) for key, value in row.items()}
C:\Users\nicolas\Documents\GitHub\courtside-data\courtside_data\output\field_types.py:405: UserWarning: Failed to coerce '-19.4%' via int, leaving as string
  return {key: get_coercion(key)(value) for key, value in row.items()}
C:\Users\nicolas\Documents\GitHub\courtside-data\courtside_data\output\field_types.py:405: UserWarning: Failed to coerce '-24.6%' via int, leaving as string
  return {key: get_coercion(key)(value) for key, value in row.items()}
C:\Users\nicolas\Documents\GitHub\courtside-data\courtside_data\output\field_types.py:405: UserWarning: Failed to coerce '-20.4%' via int, leaving as string
  return {key: get_coercion(key)(value) for key, value in row.items()}
C:\Users\nicolas\Documents\GitHub\courtside-data\courtside_data\output\field_types.py:405: UserWarning: Failed to coerce '-17.5%' via int, leaving as string
  return {key: get_coercion(key)(value) for key, value in row.items()}
C:\Users\nicolas\Documents\GitHub\courtside-data\courtside_data\output\field_types.py:405: UserWarning: Failed to coerce '-18.7%' via int, leaving as string
  return {key: get_coercion(key)(value) for key, value in row.items()}
C:\Users\nicolas\Documents\GitHub\courtside-data\courtside_data\output\field_types.py:405: UserWarning: Failed to coerce '-14.3%' via int, leaving as string
  return {key: get_coercion(key)(value) for key, value in row.items()}
C:\Users\nicolas\Documents\GitHub\courtside-data\courtside_data\output\field_types.py:405: UserWarning: Failed to coerce '-18.4%' via int, leaving as string
  return {key: get_coercion(key)(value) for key, value in row.items()}
C:\Users\nicolas\Documents\GitHub\courtside-data\courtside_data\output\field_types.py:405: UserWarning: Failed to coerce '-30.8%' via int, leaving as string
  return {key: get_coercion(key)(value) for key, value in row.items()}
C:\Users\nicolas\Documents\GitHub\courtside-data\courtside_data\output\field_types.py:405: UserWarning: Failed to coerce '-20.8%' via int, leaving as string
  return {key: get_coercion(key)(value) for key, value in row.items()}
C:\Users\nicolas\Documents\GitHub\courtside-data\courtside_data\output\field_types.py:405: UserWarning: Failed to coerce '-23.3%' via int, leaving as string
  return {key: get_coercion(key)(value) for key, value in row.items()}
C:\Users\nicolas\Documents\GitHub\courtside-data\courtside_data\output\field_types.py:405: UserWarning: Failed to coerce '-24.2%' via int, leaving as string
  return {key: get_coercion(key)(value) for key, value in row.items()}
C:\Users\nicolas\Documents\GitHub\courtside-data\courtside_data\output\field_types.py:405: UserWarning: Failed to coerce '-22.5%' via int, leaving as string
  return {key: get_coercion(key)(value) for key, value in row.items()}
C:\Users\nicolas\Documents\GitHub\courtside-data\courtside_data\output\field_types.py:405: UserWarning: Failed to coerce '-18.6%' via int, leaving as string
  return {key: get_coercion(key)(value) for key, value in row.items()}
C:\Users\nicolas\Documents\GitHub\courtside-data\courtside_data\output\field_types.py:405: UserWarning: Failed to coerce '-22.3%' via int, leaving as string
  return {key: get_coercion(key)(value) for key, value in row.items()}
C:\Users\nicolas\Documents\GitHub\courtside-data\courtside_data\output\field_types.py:405: UserWarning: Failed to coerce '-19.9%' via int, leaving as string
  return {key: get_coercion(key)(value) for key, value in row.items()}
C:\Users\nicolas\Documents\GitHub\courtside-data\courtside_data\output\field_types.py:405: UserWarning: Failed to coerce '8.4%' via int, leaving as string
  return {key: get_coercion(key)(value) for key, value in row.items()}
C:\Users\nicolas\Documents\GitHub\courtside-data\courtside_data\output\field_types.py:405: UserWarning: Failed to coerce '7.3%' via int, leaving as string
  return {key: get_coercion(key)(value) for key, value in row.items()}
C:\Users\nicolas\Documents\GitHub\courtside-data\courtside_data\output\field_types.py:405: UserWarning: Failed to coerce '16.4%' via int, leaving as string
  return {key: get_coercion(key)(value) for key, value in row.items()}
C:\Users\nicolas\Documents\GitHub\courtside-data\courtside_data\output\field_types.py:405: UserWarning: Failed to coerce '19.3%' via int, leaving as string
  return {key: get_coercion(key)(value) for key, value in row.items()}
C:\Users\nicolas\Documents\GitHub\courtside-data\courtside_data\output\field_types.py:405: UserWarning: Failed to coerce '5.1%' via int, leaving as string
  return {key: get_coercion(key)(value) for key, value in row.items()}
C:\Users\nicolas\Documents\GitHub\courtside-data\courtside_data\output\field_types.py:405: UserWarning: Failed to coerce '0.4%' via int, leaving as string
  return {key: get_coercion(key)(value) for key, value in row.items()}
C:\Users\nicolas\Documents\GitHub\courtside-data\courtside_data\output\field_types.py:405: UserWarning: Failed to coerce '16.0%' via int, leaving as string
  return {key: get_coercion(key)(value) for key, value in row.items()}
C:\Users\nicolas\Documents\GitHub\courtside-data\courtside_data\output\field_types.py:405: UserWarning: Failed to coerce '28.5%' via int, leaving as string
  return {key: get_coercion(key)(value) for key, value in row.items()}
C:\Users\nicolas\Documents\GitHub\courtside-data\courtside_data\output\field_types.py:405: UserWarning: Failed to coerce '4.9%' via int, leaving as string
  return {key: get_coercion(key)(value) for key, value in row.items()}
C:\Users\nicolas\Documents\GitHub\courtside-data\courtside_data\output\field_types.py:405: UserWarning: Failed to coerce '10.0%' via int, leaving as string
  return {key: get_coercion(key)(value) for key, value in row.items()}
C:\Users\nicolas\Documents\GitHub\courtside-data\courtside_data\output\field_types.py:405: UserWarning: Failed to coerce '8.8%' via int, leaving as string
  return {key: get_coercion(key)(value) for key, value in row.items()}
C:\Users\nicolas\Documents\GitHub\courtside-data\courtside_data\output\field_types.py:405: UserWarning: Failed to coerce '5.8%' via int, leaving as string
  return {key: get_coercion(key)(value) for key, value in row.items()}
C:\Users\nicolas\Documents\GitHub\courtside-data\courtside_data\output\field_types.py:405: UserWarning: Failed to coerce '20.4%' via int, leaving as string
  return {key: get_coercion(key)(value) for key, value in row.items()}
C:\Users\nicolas\Documents\GitHub\courtside-data\courtside_data\output\field_types.py:405: UserWarning: Failed to coerce '9.6%' via int, leaving as string
  return {key: get_coercion(key)(value) for key, value in row.items()}
C:\Users\nicolas\Documents\GitHub\courtside-data\courtside_data\output\field_types.py:405: UserWarning: Failed to coerce '20.3%' via int, leaving as string
  return {key: get_coercion(key)(value) for key, value in row.items()}
C:\Users\nicolas\Documents\GitHub\courtside-data\courtside_data\output\field_types.py:405: UserWarning: Failed to coerce '9.7%' via int, leaving as string
  return {key: get_coercion(key)(value) for key, value in row.items()}
C:\Users\nicolas\Documents\GitHub\courtside-data\courtside_data\output\field_types.py:405: UserWarning: Failed to coerce '-0.9%' via int, leaving as string
  return {key: get_coercion(key)(value) for key, value in row.items()}
C:\Users\nicolas\Documents\GitHub\courtside-data\courtside_data\output\field_types.py:405: UserWarning: Failed to coerce '25.8%' via int, leaving as string
  return {key: get_coercion(key)(value) for key, value in row.items()}
C:\Users\nicolas\Documents\GitHub\courtside-data\courtside_data\output\field_types.py:405: UserWarning: Failed to coerce '19.0%' via int, leaving as string
  return {key: get_coercion(key)(value) for key, value in row.items()}
C:\Users\nicolas\Documents\GitHub\courtside-data\courtside_data\output\field_types.py:405: UserWarning: Failed to coerce '-6.5%' via int, leaving as string
  return {key: get_coercion(key)(value) for key, value in row.items()}
C:\Users\nicolas\Documents\GitHub\courtside-data\courtside_data\output\field_types.py:405: UserWarning: Failed to coerce '-12.5%' via int, leaving as string
  return {key: get_coercion(key)(value) for key, value in row.items()}
C:\Users\nicolas\Documents\GitHub\courtside-data\courtside_data\output\field_types.py:405: UserWarning: Failed to coerce '-18.9%' via int, leaving as string
  return {key: get_coercion(key)(value) for key, value in row.items()}
C:\Users\nicolas\Documents\GitHub\courtside-data\courtside_data\output\field_types.py:405: UserWarning: Failed to coerce '-11.8%' via int, leaving as string
  return {key: get_coercion(key)(value) for key, value in row.items()}
C:\Users\nicolas\Documents\GitHub\courtside-data\courtside_data\output\field_types.py:405: UserWarning: Failed to coerce '-3.6%' via int, leaving as string
  return {key: get_coercion(key)(value) for key, value in row.items()}
C:\Users\nicolas\Documents\GitHub\courtside-data\courtside_data\output\field_types.py:405: UserWarning: Failed to coerce '-5.5%' via int, leaving as string
  return {key: get_coercion(key)(value) for key, value in row.items()}
C:\Users\nicolas\Documents\GitHub\courtside-data\courtside_data\output\field_types.py:405: UserWarning: Failed to coerce '-5.1%' via int, leaving as string
  return {key: get_coercion(key)(value) for key, value in row.items()}
C:\Users\nicolas\Documents\GitHub\courtside-data\courtside_data\output\field_types.py:405: UserWarning: Failed to coerce '-12.3%' via int, leaving as string
  return {key: get_coercion(key)(value) for key, value in row.items()}
C:\Users\nicolas\Documents\GitHub\courtside-data\courtside_data\output\field_types.py:405: UserWarning: Failed to coerce '-1.5%' via int, leaving as string
  return {key: get_coercion(key)(value) for key, value in row.items()}
C:\Users\nicolas\Documents\GitHub\courtside-data\courtside_data\output\field_types.py:405: UserWarning: Failed to coerce '7.7%' via int, leaving as string
  return {key: get_coercion(key)(value) for key, value in row.items()}
C:\Users\nicolas\Documents\GitHub\courtside-data\courtside_data\output\field_types.py:405: UserWarning: Failed to coerce '-1.4%' via int, leaving as string
  return {key: get_coercion(key)(value) for key, value in row.items()}
C:\Users\nicolas\Documents\GitHub\courtside-data\courtside_data\output\field_types.py:405: UserWarning: Failed to coerce '-10.6%' via int, leaving as string
  return {key: get_coercion(key)(value) for key, value in row.items()}
C:\Users\nicolas\Documents\GitHub\courtside-data\courtside_data\output\field_types.py:405: UserWarning: Failed to coerce '-8.1%' via int, leaving as string
  return {key: get_coercion(key)(value) for key, value in row.items()}
C:\Users\nicolas\Documents\GitHub\courtside-data\courtside_data\output\field_types.py:405: UserWarning: Failed to coerce '1.7%' via int, leaving as string
  return {key: get_coercion(key)(value) for key, value in row.items()}
C:\Users\nicolas\Documents\GitHub\courtside-data\courtside_data\output\field_types.py:405: UserWarning: Failed to coerce '4.0%' via int, leaving as string
  return {key: get_coercion(key)(value) for key, value in row.items()}
C:\Users\nicolas\Documents\GitHub\courtside-data\courtside_data\output\field_types.py:405: UserWarning: Failed to coerce '24.5%' via int, leaving as string
  return {key: get_coercion(key)(value) for key, value in row.items()}
C:\Users\nicolas\Documents\GitHub\courtside-data\courtside_data\output\field_types.py:405: UserWarning: Failed to coerce '24.0%' via int, leaving as string
  return {key: get_coercion(key)(value) for key, value in row.items()}
C:\Users\nicolas\Documents\GitHub\courtside-data\courtside_data\output\field_types.py:405: UserWarning: Failed to coerce '5.3%' via int, leaving as string
  return {key: get_coercion(key)(value) for key, value in row.items()}
C:\Users\nicolas\Documents\GitHub\courtside-data\courtside_data\output\field_types.py:405: UserWarning: Failed to coerce '-7.7%' via int, leaving as string
  return {key: get_coercion(key)(value) for key, value in row.items()}
C:\Users\nicolas\Documents\GitHub\courtside-data\courtside_data\output\field_types.py:405: UserWarning: Failed to coerce '-10.0%' via int, leaving as string
  return {key: get_coercion(key)(value) for key, value in row.items()}
C:\Users\nicolas\Documents\GitHub\courtside-data\courtside_data\output\field_types.py:405: UserWarning: Failed to coerce '-18.3%' via int, leaving as string
  return {key: get_coercion(key)(value) for key, value in row.items()}
C:\Users\nicolas\Documents\GitHub\courtside-data\courtside_data\output\field_types.py:405: UserWarning: Failed to coerce '5.5%' via int, leaving as string
  return {key: get_coercion(key)(value) for key, value in row.items()}
C:\Users\nicolas\Documents\GitHub\courtside-data\courtside_data\output\field_types.py:405: UserWarning: Failed to coerce '-5.0%' via int, leaving as string
  return {key: get_coercion(key)(value) for key, value in row.items()}
C:\Users\nicolas\Documents\GitHub\courtside-data\courtside_data\output\field_types.py:405: UserWarning: Failed to coerce '1.5%' via int, leaving as string
  return {key: get_coercion(key)(value) for key, value in row.items()}
C:\Users\nicolas\Documents\GitHub\courtside-data\courtside_data\output\field_types.py:405: UserWarning: Failed to coerce '3.3%' via int, leaving as string
  return {key: get_coercion(key)(value) for key, value in row.items()}
C:\Users\nicolas\Documents\GitHub\courtside-data\courtside_data\output\field_types.py:405: UserWarning: Failed to coerce '8.1%' via int, leaving as string
  return {key: get_coercion(key)(value) for key, value in row.items()}
C:\Users\nicolas\Documents\GitHub\courtside-data\courtside_data\output\field_types.py:405: UserWarning: Failed to coerce '2.2%' via int, leaving as string
  return {key: get_coercion(key)(value) for key, value in row.items()}
C:\Users\nicolas\Documents\GitHub\courtside-data\courtside_data\output\field_types.py:405: UserWarning: Failed to coerce '-5.6%' via int, leaving as string
  return {key: get_coercion(key)(value) for key, value in row.items()}
C:\Users\nicolas\Documents\GitHub\courtside-data\courtside_data\output\field_types.py:405: UserWarning: Failed to coerce '3.8%' via int, leaving as string
  return {key: get_coercion(key)(value) for key, value in row.items()}
C:\Users\nicolas\Documents\GitHub\courtside-data\courtside_data\output\field_types.py:405: UserWarning: Failed to coerce '-0.5%' via int, leaving as string
  return {key: get_coercion(key)(value) for key, value in row.items()}
C:\Users\nicolas\Documents\GitHub\courtside-data\courtside_data\output\field_types.py:405: UserWarning: Failed to coerce '27.9%' via int, leaving as string
  return {key: get_coercion(key)(value) for key, value in row.items()}
C:\Users\nicolas\Documents\GitHub\courtside-data\courtside_data\output\field_types.py:405: UserWarning: Failed to coerce '7.8%' via int, leaving as string
  return {key: get_coercion(key)(value) for key, value in row.items()}
C:\Users\nicolas\Documents\GitHub\courtside-data\courtside_data\output\field_types.py:405: UserWarning: Failed to coerce '-2.6%' via int, leaving as string
  return {key: get_coercion(key)(value) for key, value in row.items()}
C:\Users\nicolas\Documents\GitHub\courtside-data\courtside_data\output\field_types.py:405: UserWarning: Failed to coerce '3.4%' via int, leaving as string
  return {key: get_coercion(key)(value) for key, value in row.items()}
C:\Users\nicolas\Documents\GitHub\courtside-data\courtside_data\output\field_types.py:405: UserWarning: Failed to coerce '9.4%' via int, leaving as string
  return {key: get_coercion(key)(value) for key, value in row.items()}
C:\Users\nicolas\Documents\GitHub\courtside-data\courtside_data\output\field_types.py:405: UserWarning: Failed to coerce '16.6%' via int, leaving as string
  return {key: get_coercion(key)(value) for key, value in row.items()}
C:\Users\nicolas\Documents\GitHub\courtside-data\courtside_data\output\field_types.py:405: UserWarning: Failed to coerce '-6.7%' via int, leaving as string
  return {key: get_coercion(key)(value) for key, value in row.items()}
C:\Users\nicolas\Documents\GitHub\courtside-data\courtside_data\output\field_types.py:405: UserWarning: Failed to coerce '20.2%' via int, leaving as string
  return {key: get_coercion(key)(value) for key, value in row.items()}
C:\Users\nicolas\Documents\GitHub\courtside-data\courtside_data\output\field_types.py:405: UserWarning: Failed to coerce '10.1%' via int, leaving as string
  return {key: get_coercion(key)(value) for key, value in row.items()}
C:\Users\nicolas\Documents\GitHub\courtside-data\courtside_data\output\field_types.py:405: UserWarning: Failed to coerce '-5.9%' via int, leaving as string
  return {key: get_coercion(key)(value) for key, value in row.items()}
C:\Users\nicolas\Documents\GitHub\courtside-data\courtside_data\output\field_types.py:405: UserWarning: Failed to coerce '-1.1%' via int, leaving as string
  return {key: get_coercion(key)(value) for key, value in row.items()}
C:\Users\nicolas\Documents\GitHub\courtside-data\courtside_data\output\field_types.py:405: UserWarning: Failed to coerce '2.4%' via int, leaving as string
  return {key: get_coercion(key)(value) for key, value in row.items()}
C:\Users\nicolas\Documents\GitHub\courtside-data\courtside_data\output\field_types.py:405: UserWarning: Failed to coerce '-11.7%' via int, leaving as string
  return {key: get_coercion(key)(value) for key, value in row.items()}
C:\Users\nicolas\Documents\GitHub\courtside-data\courtside_data\output\field_types.py:405: UserWarning: Failed to coerce '2.6%' via int, leaving as string
  return {key: get_coercion(key)(value) for key, value in row.items()}
C:\Users\nicolas\Documents\GitHub\courtside-data\courtside_data\output\field_types.py:405: UserWarning: Failed to coerce '7.1%' via int, leaving as string
  return {key: get_coercion(key)(value) for key, value in row.items()}
C:\Users\nicolas\Documents\GitHub\courtside-data\courtside_data\output\field_types.py:405: UserWarning: Failed to coerce '22.8%' via int, leaving as string
  return {key: get_coercion(key)(value) for key, value in row.items()}
C:\Users\nicolas\Documents\GitHub\courtside-data\courtside_data\output\field_types.py:405: UserWarning: Failed to coerce '27.0%' via int, leaving as string
  return {key: get_coercion(key)(value) for key, value in row.items()}
C:\Users\nicolas\Documents\GitHub\courtside-data\courtside_data\output\field_types.py:405: UserWarning: Failed to coerce '24.2%' via int, leaving as string
  return {key: get_coercion(key)(value) for key, value in row.items()}
C:\Users\nicolas\Documents\GitHub\courtside-data\courtside_data\output\field_types.py:405: UserWarning: Failed to coerce '43.5%' via int, leaving as string
  return {key: get_coercion(key)(value) for key, value in row.items()}
C:\Users\nicolas\Documents\GitHub\courtside-data\courtside_data\output\field_types.py:405: UserWarning: Failed to coerce '42.9%' via int, leaving as string
  return {key: get_coercion(key)(value) for key, value in row.items()}
C:\Users\nicolas\Documents\GitHub\courtside-data\courtside_data\output\field_types.py:405: UserWarning: Failed to coerce '13.0%' via int, leaving as string
  return {key: get_coercion(key)(value) for key, value in row.items()}
C:\Users\nicolas\Documents\GitHub\courtside-data\courtside_data\output\field_types.py:405: UserWarning: Failed to coerce '16.9%' via int, leaving as string
  return {key: get_coercion(key)(value) for key, value in row.items()}
C:\Users\nicolas\Documents\GitHub\courtside-data\courtside_data\output\field_types.py:405: UserWarning: Failed to coerce '16.3%' via int, leaving as string
  return {key: get_coercion(key)(value) for key, value in row.items()}
C:\Users\nicolas\Documents\GitHub\courtside-data\courtside_data\output\field_types.py:405: UserWarning: Failed to coerce '25.5%' via int, leaving as string
  return {key: get_coercion(key)(value) for key, value in row.items()}
C:\Users\nicolas\Documents\GitHub\courtside-data\courtside_data\output\field_types.py:405: UserWarning: Failed to coerce '23.3%' via int, leaving as string
  return {key: get_coercion(key)(value) for key, value in row.items()}
C:\Users\nicolas\Documents\GitHub\courtside-data\courtside_data\output\field_types.py:405: UserWarning: Failed to coerce '35.5%' via int, leaving as string
  return {key: get_coercion(key)(value) for key, value in row.items()}
C:\Users\nicolas\Documents\GitHub\courtside-data\courtside_data\output\field_types.py:405: UserWarning: Failed to coerce '23.9%' via int, leaving as string
  return {key: get_coercion(key)(value) for key, value in row.items()}
C:\Users\nicolas\Documents\GitHub\courtside-data\courtside_data\output\field_types.py:405: UserWarning: Failed to coerce '21.8%' via int, leaving as string
  return {key: get_coercion(key)(value) for key, value in row.items()}
C:\Users\nicolas\Documents\GitHub\courtside-data\courtside_data\output\field_types.py:405: UserWarning: Failed to coerce '32.4%' via int, leaving as string
  return {key: get_coercion(key)(value) for key, value in row.items()}
C:\Users\nicolas\Documents\GitHub\courtside-data\courtside_data\output\field_types.py:405: UserWarning: Failed to coerce '25.0%' via int, leaving as string
  return {key: get_coercion(key)(value) for key, value in row.items()}
C:\Users\nicolas\Documents\GitHub\courtside-data\courtside_data\output\field_types.py:405: UserWarning: Failed to coerce '26.0%' via int, leaving as string
  return {key: get_coercion(key)(value) for key, value in row.items()}
C:\Users\nicolas\Documents\GitHub\courtside-data\courtside_data\output\field_types.py:405: UserWarning: Failed to coerce '-18.1%' via int, leaving as string
  return {key: get_coercion(key)(value) for key, value in row.items()}
C:\Users\nicolas\Documents\GitHub\courtside-data\courtside_data\output\field_types.py:405: UserWarning: Failed to coerce '-18.2%' via int, leaving as string
  return {key: get_coercion(key)(value) for key, value in row.items()}
C:\Users\nicolas\Documents\GitHub\courtside-data\courtside_data\output\field_types.py:405: UserWarning: Failed to coerce '-16.8%' via int, leaving as string
  return {key: get_coercion(key)(value) for key, value in row.items()}
C:\Users\nicolas\Documents\GitHub\courtside-data\courtside_data\output\field_types.py:405: UserWarning: Failed to coerce '-2.0%' via int, leaving as string
  return {key: get_coercion(key)(value) for key, value in row.items()}
C:\Users\nicolas\Documents\GitHub\courtside-data\courtside_data\output\field_types.py:405: UserWarning: Failed to coerce '-6.8%' via int, leaving as string
  return {key: get_coercion(key)(value) for key, value in row.items()}
C:\Users\nicolas\Documents\GitHub\courtside-data\courtside_data\output\field_types.py:405: UserWarning: Failed to coerce '-21.5%' via int, leaving as string
  return {key: get_coercion(key)(value) for key, value in row.items()}
C:\Users\nicolas\Documents\GitHub\courtside-data\courtside_data\output\field_types.py:405: UserWarning: Failed to coerce '-23.8%' via int, leaving as string
  return {key: get_coercion(key)(value) for key, value in row.items()}
C:\Users\nicolas\Documents\GitHub\courtside-data\courtside_data\output\field_types.py:405: UserWarning: Failed to coerce '-19.8%' via int, leaving as string
  return {key: get_coercion(key)(value) for key, value in row.items()}
C:\Users\nicolas\Documents\GitHub\courtside-data\courtside_data\output\field_types.py:405: UserWarning: Failed to coerce '-14.4%' via int, leaving as string
  return {key: get_coercion(key)(value) for key, value in row.items()}
C:\Users\nicolas\Documents\GitHub\courtside-data\courtside_data\output\field_types.py:405: UserWarning: Failed to coerce '-16.0%' via int, leaving as string
  return {key: get_coercion(key)(value) for key, value in row.items()}
C:\Users\nicolas\Documents\GitHub\courtside-data\courtside_data\output\field_types.py:405: UserWarning: Failed to coerce '-15.6%' via int, leaving as string
  return {key: get_coercion(key)(value) for key, value in row.items()}
C:\Users\nicolas\Documents\GitHub\courtside-data\courtside_data\output\field_types.py:405: UserWarning: Failed to coerce '-17.8%' via int, leaving as string
  return {key: get_coercion(key)(value) for key, value in row.items()}
C:\Users\nicolas\Documents\GitHub\courtside-data\courtside_data\output\field_types.py:405: UserWarning: Failed to coerce '-11.1%' via int, leaving as string
  return {key: get_coercion(key)(value) for key, value in row.items()}
C:\Users\nicolas\Documents\GitHub\courtside-data\courtside_data\output\field_types.py:405: UserWarning: Failed to coerce '-17.6%' via int, leaving as string
  return {key: get_coercion(key)(value) for key, value in row.items()}
C:\Users\nicolas\Documents\GitHub\courtside-data\courtside_data\output\field_types.py:405: UserWarning: Failed to coerce '-6.6%' via int, leaving as string
  return {key: get_coercion(key)(value) for key, value in row.items()}
C:\Users\nicolas\Documents\GitHub\courtside-data\courtside_data\output\field_types.py:405: UserWarning: Failed to coerce '-4.2%' via int, leaving as string
  return {key: get_coercion(key)(value) for key, value in row.items()}
C:\Users\nicolas\Documents\GitHub\courtside-data\courtside_data\output\field_types.py:405: UserWarning: Failed to coerce '-1.9%' via int, leaving as string
  return {key: get_coercion(key)(value) for key, value in row.items()}
C:\Users\nicolas\Documents\GitHub\courtside-data\courtside_data\output\field_types.py:405: UserWarning: Failed to coerce '-7.1%' via int, leaving as string
  return {key: get_coercion(key)(value) for key, value in row.items()}
C:\Users\nicolas\Documents\GitHub\courtside-data\courtside_data\output\field_types.py:405: UserWarning: Failed to coerce '-6.4%' via int, leaving as string
  return {key: get_coercion(key)(value) for key, value in row.items()}
C:\Users\nicolas\Documents\GitHub\courtside-data\courtside_data\output\field_types.py:405: UserWarning: Failed to coerce '-9.7%' via int, leaving as string
  return {key: get_coercion(key)(value) for key, value in row.items()}
C:\Users\nicolas\Documents\GitHub\courtside-data\courtside_data\output\field_types.py:405: UserWarning: Failed to coerce '-21.4%' via int, leaving as string
  return {key: get_coercion(key)(value) for key, value in row.items()}
C:\Users\nicolas\Documents\GitHub\courtside-data\courtside_data\output\field_types.py:405: UserWarning: Failed to coerce '-5.8%' via int, leaving as string
  return {key: get_coercion(key)(value) for key, value in row.items()}
C:\Users\nicolas\Documents\GitHub\courtside-data\courtside_data\output\field_types.py:405: UserWarning: Failed to coerce '-17.4%' via int, leaving as string
  return {key: get_coercion(key)(value) for key, value in row.items()}
C:\Users\nicolas\Documents\GitHub\courtside-data\courtside_data\output\field_types.py:405: UserWarning: Failed to coerce '-4.8%' via int, leaving as string
  return {key: get_coercion(key)(value) for key, value in row.items()}
C:\Users\nicolas\Documents\GitHub\courtside-data\courtside_data\output\field_types.py:405: UserWarning: Failed to coerce '5.4%' via int, leaving as string
  return {key: get_coercion(key)(value) for key, value in row.items()}
C:\Users\nicolas\Documents\GitHub\courtside-data\courtside_data\output\field_types.py:405: UserWarning: Failed to coerce '-10.9%' via int, leaving as string
  return {key: get_coercion(key)(value) for key, value in row.items()}
C:\Users\nicolas\Documents\GitHub\courtside-data\courtside_data\output\field_types.py:405: UserWarning: Failed to coerce '12.6%' via int, leaving as string
  return {key: get_coercion(key)(value) for key, value in row.items()}
C:\Users\nicolas\Documents\GitHub\courtside-data\courtside_data\output\field_types.py:405: UserWarning: Failed to coerce '11.0%' via int, leaving as string
  return {key: get_coercion(key)(value) for key, value in row.items()}
C:\Users\nicolas\Documents\GitHub\courtside-data\courtside_data\output\field_types.py:405: UserWarning: Failed to coerce '-8.2%' via int, leaving as string
  return {key: get_coercion(key)(value) for key, value in row.items()}
C:\Users\nicolas\Documents\GitHub\courtside-data\courtside_data\output\field_types.py:405: UserWarning: Failed to coerce '4.2%' via int, leaving as string
  return {key: get_coercion(key)(value) for key, value in row.items()}
C:\Users\nicolas\Documents\GitHub\courtside-data\courtside_data\output\field_types.py:405: UserWarning: Failed to coerce '8.0%' via int, leaving as string
  return {key: get_coercion(key)(value) for key, value in row.items()}
C:\Users\nicolas\Documents\GitHub\courtside-data\courtside_data\output\field_types.py:405: UserWarning: Failed to coerce '-1.8%' via int, leaving as string
  return {key: get_coercion(key)(value) for key, value in row.items()}
C:\Users\nicolas\Documents\GitHub\courtside-data\courtside_data\output\field_types.py:405: UserWarning: Failed to coerce '3.6%' via int, leaving as string
  return {key: get_coercion(key)(value) for key, value in row.items()}
C:\Users\nicolas\Documents\GitHub\courtside-data\courtside_data\output\field_types.py:405: UserWarning: Failed to coerce '-0.8%' via int, leaving as string
  return {key: get_coercion(key)(value) for key, value in row.items()}
C:\Users\nicolas\Documents\GitHub\courtside-data\courtside_data\output\field_types.py:405: UserWarning: Failed to coerce '55.5%' via int, leaving as string
  return {key: get_coercion(key)(value) for key, value in row.items()}
C:\Users\nicolas\Documents\GitHub\courtside-data\courtside_data\output\field_types.py:405: UserWarning: Failed to coerce '51.5%' via int, leaving as string
  return {key: get_coercion(key)(value) for key, value in row.items()}
C:\Users\nicolas\Documents\GitHub\courtside-data\courtside_data\output\field_types.py:405: UserWarning: Failed to coerce '-9.0%' via int, leaving as string
  return {key: get_coercion(key)(value) for key, value in row.items()}
C:\Users\nicolas\Documents\GitHub\courtside-data\courtside_data\output\field_types.py:405: UserWarning: Failed to coerce '-12.0%' via int, leaving as string
  return {key: get_coercion(key)(value) for key, value in row.items()}
C:\Users\nicolas\Documents\GitHub\courtside-data\courtside_data\output\field_types.py:405: UserWarning: Failed to coerce '-13.7%' via int, leaving as string
  return {key: get_coercion(key)(value) for key, value in row.items()}
C:\Users\nicolas\Documents\GitHub\courtside-data\courtside_data\output\field_types.py:405: UserWarning: Failed to coerce '-1.7%' via int, leaving as string
  return {key: get_coercion(key)(value) for key, value in row.items()}
C:\Users\nicolas\Documents\GitHub\courtside-data\courtside_data\output\field_types.py:405: UserWarning: Failed to coerce '-5.2%' via int, leaving as string
  return {key: get_coercion(key)(value) for key, value in row.items()}
C:\Users\nicolas\Documents\GitHub\courtside-data\courtside_data\output\field_types.py:405: UserWarning: Failed to coerce '-16.1%' via int, leaving as string
  return {key: get_coercion(key)(value) for key, value in row.items()}
C:\Users\nicolas\Documents\GitHub\courtside-data\courtside_data\output\field_types.py:405: UserWarning: Failed to coerce '4.1%' via int, leaving as string
  return {key: get_coercion(key)(value) for key, value in row.items()}
C:\Users\nicolas\Documents\GitHub\courtside-data\courtside_data\output\field_types.py:405: UserWarning: Failed to coerce '6.1%' via int, leaving as string
  return {key: get_coercion(key)(value) for key, value in row.items()}
C:\Users\nicolas\Documents\GitHub\courtside-data\courtside_data\output\field_types.py:405: UserWarning: Failed to coerce '-15.1%' via int, leaving as string
  return {key: get_coercion(key)(value) for key, value in row.items()}
C:\Users\nicolas\Documents\GitHub\courtside-data\courtside_data\output\field_types.py:405: UserWarning: Failed to coerce '-3.9%' via int, leaving as string
  return {key: get_coercion(key)(value) for key, value in row.items()}
C:\Users\nicolas\Documents\GitHub\courtside-data\courtside_data\output\field_types.py:405: UserWarning: Failed to coerce '-19.6%' via int, leaving as string
  return {key: get_coercion(key)(value) for key, value in row.items()}
C:\Users\nicolas\Documents\GitHub\courtside-data\courtside_data\output\field_types.py:405: UserWarning: Failed to coerce '-1.3%' via int, leaving as string
  return {key: get_coercion(key)(value) for key, value in row.items()}
C:\Users\nicolas\Documents\GitHub\courtside-data\courtside_data\output\field_types.py:405: UserWarning: Failed to coerce '1.3%' via int, leaving as string
  return {key: get_coercion(key)(value) for key, value in row.items()}
C:\Users\nicolas\Documents\GitHub\courtside-data\courtside_data\output\field_types.py:405: UserWarning: Failed to coerce '3.7%' via int, leaving as string
  return {key: get_coercion(key)(value) for key, value in row.items()}
C:\Users\nicolas\Documents\GitHub\courtside-data\courtside_data\output\field_types.py:405: UserWarning: Failed to coerce '-4.1%' via int, leaving as string
  return {key: get_coercion(key)(value) for key, value in row.items()}
C:\Users\nicolas\Documents\GitHub\courtside-data\courtside_data\output\field_types.py:405: UserWarning: Failed to coerce '-3.7%' via int, leaving as string
  return {key: get_coercion(key)(value) for key, value in row.items()}
C:\Users\nicolas\Documents\GitHub\courtside-data\courtside_data\output\field_types.py:405: UserWarning: Failed to coerce '39.5%' via int, leaving as string
  return {key: get_coercion(key)(value) for key, value in row.items()}
C:\Users\nicolas\Documents\GitHub\courtside-data\courtside_data\output\field_types.py:405: UserWarning: Failed to coerce '18.6%' via int, leaving as string
  return {key: get_coercion(key)(value) for key, value in row.items()}
C:\Users\nicolas\Documents\GitHub\courtside-data\courtside_data\output\field_types.py:405: UserWarning: Failed to coerce '-4.4%' via int, leaving as string
  return {key: get_coercion(key)(value) for key, value in row.items()}
C:\Users\nicolas\Documents\GitHub\courtside-data\courtside_data\output\field_types.py:405: UserWarning: Failed to coerce '-6.3%' via int, leaving as string
  return {key: get_coercion(key)(value) for key, value in row.items()}
C:\Users\nicolas\Documents\GitHub\courtside-data\courtside_data\output\field_types.py:405: UserWarning: Failed to coerce '10.7%' via int, leaving as string
  return {key: get_coercion(key)(value) for key, value in row.items()}
C:\Users\nicolas\Documents\GitHub\courtside-data\courtside_data\output\field_types.py:405: UserWarning: Failed to coerce '-2.8%' via int, leaving as string
  return {key: get_coercion(key)(value) for key, value in row.items()}
C:\Users\nicolas\Documents\GitHub\courtside-data\courtside_data\output\field_types.py:405: UserWarning: Failed to coerce '14.5%' via int, leaving as string
  return {key: get_coercion(key)(value) for key, value in row.items()}
C:\Users\nicolas\Documents\GitHub\courtside-data\courtside_data\output\field_types.py:405: UserWarning: Failed to coerce '-2.7%' via int, leaving as string
  return {key: get_coercion(key)(value) for key, value in row.items()}
C:\Users\nicolas\Documents\GitHub\courtside-data\courtside_data\output\field_types.py:405: UserWarning: Failed to coerce '-27.4%' via int, leaving as string
  return {key: get_coercion(key)(value) for key, value in row.items()}
C:\Users\nicolas\Documents\GitHub\courtside-data\courtside_data\output\field_types.py:405: UserWarning: Failed to coerce '-22.1%' via int, leaving as string
  return {key: get_coercion(key)(value) for key, value in row.items()}
C:\Users\nicolas\Documents\GitHub\courtside-data\courtside_data\output\field_types.py:405: UserWarning: Failed to coerce '9.5%' via int, leaving as string
  return {key: get_coercion(key)(value) for key, value in row.items()}
C:\Users\nicolas\Documents\GitHub\courtside-data\courtside_data\output\field_types.py:405: UserWarning: Failed to coerce '10.4%' via int, leaving as string
  return {key: get_coercion(key)(value) for key, value in row.items()}
C:\Users\nicolas\Documents\GitHub\courtside-data\courtside_data\output\field_types.py:405: UserWarning: Failed to coerce '-6.9%' via int, leaving as string
  return {key: get_coercion(key)(value) for key, value in row.items()}
C:\Users\nicolas\Documents\GitHub\courtside-data\courtside_data\output\field_types.py:405: UserWarning: Failed to coerce '-2.1%' via int, leaving as string
  return {key: get_coercion(key)(value) for key, value in row.items()}
C:\Users\nicolas\Documents\GitHub\courtside-data\courtside_data\output\field_types.py:405: UserWarning: Failed to coerce '-15.7%' via int, leaving as string
  return {key: get_coercion(key)(value) for key, value in row.items()}
C:\Users\nicolas\Documents\GitHub\courtside-data\courtside_data\output\field_types.py:405: UserWarning: Failed to coerce '-1.0%' via int, leaving as string
  return {key: get_coercion(key)(value) for key, value in row.items()}
C:\Users\nicolas\Documents\GitHub\courtside-data\courtside_data\output\field_types.py:405: UserWarning: Failed to coerce '6.3%' via int, leaving as string
  return {key: get_coercion(key)(value) for key, value in row.items()}
C:\Users\nicolas\Documents\GitHub\courtside-data\courtside_data\output\field_types.py:405: UserWarning: Failed to coerce '0.6%' via int, leaving as string
  return {key: get_coercion(key)(value) for key, value in row.items()}
C:\Users\nicolas\Documents\GitHub\courtside-data\courtside_data\output\field_types.py:405: UserWarning: Failed to coerce '35.1%' via int, leaving as string
  return {key: get_coercion(key)(value) for key, value in row.items()}
C:\Users\nicolas\Documents\GitHub\courtside-data\courtside_data\output\field_types.py:405: UserWarning: Failed to coerce '7.2%' via int, leaving as string
  return {key: get_coercion(key)(value) for key, value in row.items()}
C:\Users\nicolas\Documents\GitHub\courtside-data\courtside_data\output\field_types.py:405: UserWarning: Failed to coerce '28.0%' via int, leaving as string
  return {key: get_coercion(key)(value) for key, value in row.items()}
C:\Users\nicolas\Documents\GitHub\courtside-data\courtside_data\output\field_types.py:405: UserWarning: Failed to coerce '-3.4%' via int, leaving as string
  return {key: get_coercion(key)(value) for key, value in row.items()}
C:\Users\nicolas\Documents\GitHub\courtside-data\courtside_data\output\field_types.py:405: UserWarning: Failed to coerce '5.2%' via int, leaving as string
  return {key: get_coercion(key)(value) for key, value in row.items()}
C:\Users\nicolas\Documents\GitHub\courtside-data\courtside_data\output\field_types.py:405: UserWarning: Failed to coerce '-9.6%' via int, leaving as string
  return {key: get_coercion(key)(value) for key, value in row.items()}
C:\Users\nicolas\Documents\GitHub\courtside-data\courtside_data\output\field_types.py:405: UserWarning: Failed to coerce '-8.6%' via int, leaving as string
  return {key: get_coercion(key)(value) for key, value in row.items()}
C:\Users\nicolas\Documents\GitHub\courtside-data\courtside_data\output\field_types.py:405: UserWarning: Failed to coerce '29.1%' via int, leaving as string
  return {key: get_coercion(key)(value) for key, value in row.items()}
C:\Users\nicolas\Documents\GitHub\courtside-data\courtside_data\output\field_types.py:405: UserWarning: Failed to coerce '-4.3%' via int, leaving as string
  return {key: get_coercion(key)(value) for key, value in row.items()}
C:\Users\nicolas\Documents\GitHub\courtside-data\courtside_data\output\field_types.py:405: UserWarning: Failed to coerce '-7.0%' via int, leaving as string
  return {key: get_coercion(key)(value) for key, value in row.items()}
C:\Users\nicolas\Documents\GitHub\courtside-data\courtside_data\output\field_types.py:405: UserWarning: Failed to coerce '-8.9%' via int, leaving as string
  return {key: get_coercion(key)(value) for key, value in row.items()}
C:\Users\nicolas\Documents\GitHub\courtside-data\courtside_data\output\field_types.py:405: UserWarning: Failed to coerce '-10.3%' via int, leaving as string
  return {key: get_coercion(key)(value) for key, value in row.items()}
C:\Users\nicolas\Documents\GitHub\courtside-data\courtside_data\output\field_types.py:405: UserWarning: Failed to coerce '-5.3%' via int, leaving as string
  return {key: get_coercion(key)(value) for key, value in row.items()}
C:\Users\nicolas\Documents\GitHub\courtside-data\courtside_data\output\field_types.py:405: UserWarning: Failed to coerce '26.8%' via int, leaving as string
  return {key: get_coercion(key)(value) for key, value in row.items()}
C:\Users\nicolas\Documents\GitHub\courtside-data\courtside_data\output\field_types.py:405: UserWarning: Failed to coerce '64.2%' via int, leaving as string
  return {key: get_coercion(key)(value) for key, value in row.items()}
C:\Users\nicolas\Documents\GitHub\courtside-data\courtside_data\output\field_types.py:405: UserWarning: Failed to coerce '94.9%' via int, leaving as string
  return {key: get_coercion(key)(value) for key, value in row.items()}
C:\Users\nicolas\Documents\GitHub\courtside-data\courtside_data\output\field_types.py:405: UserWarning: Failed to coerce '81.0%' via int, leaving as string
  return {key: get_coercion(key)(value) for key, value in row.items()}
C:\Users\nicolas\Documents\GitHub\courtside-data\courtside_data\output\field_types.py:405: UserWarning: Failed to coerce '31.0%' via int, leaving as string
  return {key: get_coercion(key)(value) for key, value in row.items()}
C:\Users\nicolas\Documents\GitHub\courtside-data\courtside_data\output\field_types.py:405: UserWarning: Failed to coerce '26.4%' via int, leaving as string
  return {key: get_coercion(key)(value) for key, value in row.items()}
C:\Users\nicolas\Documents\GitHub\courtside-data\courtside_data\output\field_types.py:405: UserWarning: Failed to coerce '104.3%' via int, leaving as string
  return {key: get_coercion(key)(value) for key, value in row.items()}
C:\Users\nicolas\Documents\GitHub\courtside-data\courtside_data\output\field_types.py:405: UserWarning: Failed to coerce '92.3%' via int, leaving as string
  return {key: get_coercion(key)(value) for key, value in row.items()}
C:\Users\nicolas\Documents\GitHub\courtside-data\courtside_data\output\field_types.py:405: UserWarning: Failed to coerce '42.0%' via int, leaving as string
  return {key: get_coercion(key)(value) for key, value in row.items()}
C:\Users\nicolas\Documents\GitHub\courtside-data\courtside_data\output\field_types.py:405: UserWarning: Failed to coerce '39.7%' via int, leaving as string
  return {key: get_coercion(key)(value) for key, value in row.items()}
C:\Users\nicolas\Documents\GitHub\courtside-data\courtside_data\output\field_types.py:405: UserWarning: Failed to coerce '69.5%' via int, leaving as string
  return {key: get_coercion(key)(value) for key, value in row.items()}
C:\Users\nicolas\Documents\GitHub\courtside-data\courtside_data\output\field_types.py:405: UserWarning: Failed to coerce '71.4%' via int, leaving as string
  return {key: get_coercion(key)(value) for key, value in row.items()}
C:\Users\nicolas\Documents\GitHub\courtside-data\courtside_data\output\field_types.py:405: UserWarning: Failed to coerce '70.9%' via int, leaving as string
  return {key: get_coercion(key)(value) for key, value in row.items()}
C:\Users\nicolas\Documents\GitHub\courtside-data\courtside_data\output\field_types.py:405: UserWarning: Failed to coerce '98.0%' via int, leaving as string
  return {key: get_coercion(key)(value) for key, value in row.items()}
C:\Users\nicolas\Documents\GitHub\courtside-data\courtside_data\output\field_types.py:405: UserWarning: Failed to coerce '44.5%' via int, leaving as string
  return {key: get_coercion(key)(value) for key, value in row.items()}
C:\Users\nicolas\Documents\GitHub\courtside-data\courtside_data\output\field_types.py:405: UserWarning: Failed to coerce '77.3%' via int, leaving as string
  return {key: get_coercion(key)(value) for key, value in row.items()}
C:\Users\nicolas\Documents\GitHub\courtside-data\courtside_data\output\field_types.py:405: UserWarning: Failed to coerce '69.9%' via int, leaving as string
  return {key: get_coercion(key)(value) for key, value in row.items()}
C:\Users\nicolas\Documents\GitHub\courtside-data\courtside_data\output\field_types.py:405: UserWarning: Failed to coerce '74.1%' via int, leaving as string
  return {key: get_coercion(key)(value) for key, value in row.items()}
C:\Users\nicolas\Documents\GitHub\courtside-data\courtside_data\output\field_types.py:405: UserWarning: Failed to coerce '79.3%' via int, leaving as string
  return {key: get_coercion(key)(value) for key, value in row.items()}
C:\Users\nicolas\Documents\GitHub\courtside-data\courtside_data\output\field_types.py:405: UserWarning: Failed to coerce '-39.3%' via int, leaving as string
  return {key: get_coercion(key)(value) for key, value in row.items()}
C:\Users\nicolas\Documents\GitHub\courtside-data\courtside_data\output\field_types.py:405: UserWarning: Failed to coerce '-46.7%' via int, leaving as string
  return {key: get_coercion(key)(value) for key, value in row.items()}
C:\Users\nicolas\Documents\GitHub\courtside-data\courtside_data\output\field_types.py:405: UserWarning: Failed to coerce '-40.8%' via int, leaving as string
  return {key: get_coercion(key)(value) for key, value in row.items()}
C:\Users\nicolas\Documents\GitHub\courtside-data\courtside_data\output\field_types.py:405: UserWarning: Failed to coerce '-41.5%' via int, leaving as string
  return {key: get_coercion(key)(value) for key, value in row.items()}
C:\Users\nicolas\Documents\GitHub\courtside-data\courtside_data\output\field_types.py:405: UserWarning: Failed to coerce '-36.6%' via int, leaving as string
  return {key: get_coercion(key)(value) for key, value in row.items()}
C:\Users\nicolas\Documents\GitHub\courtside-data\courtside_data\output\field_types.py:405: UserWarning: Failed to coerce '-47.4%' via int, leaving as string
  return {key: get_coercion(key)(value) for key, value in row.items()}
C:\Users\nicolas\Documents\GitHub\courtside-data\courtside_data\output\field_types.py:405: UserWarning: Failed to coerce '-41.6%' via int, leaving as string
  return {key: get_coercion(key)(value) for key, value in row.items()}
C:\Users\nicolas\Documents\GitHub\courtside-data\courtside_data\output\field_types.py:405: UserWarning: Failed to coerce '-40.5%' via int, leaving as string
  return {key: get_coercion(key)(value) for key, value in row.items()}
C:\Users\nicolas\Documents\GitHub\courtside-data\courtside_data\output\field_types.py:405: UserWarning: Failed to coerce '-38.5%' via int, leaving as string
  return {key: get_coercion(key)(value) for key, value in row.items()}
C:\Users\nicolas\Documents\GitHub\courtside-data\courtside_data\output\field_types.py:405: UserWarning: Failed to coerce '-38.9%' via int, leaving as string
  return {key: get_coercion(key)(value) for key, value in row.items()}
C:\Users\nicolas\Documents\GitHub\courtside-data\courtside_data\output\field_types.py:405: UserWarning: Failed to coerce '-38.0%' via int, leaving as string
  return {key: get_coercion(key)(value) for key, value in row.items()}
C:\Users\nicolas\Documents\GitHub\courtside-data\courtside_data\output\field_types.py:405: UserWarning: Failed to coerce '-38.3%' via int, leaving as string
  return {key: get_coercion(key)(value) for key, value in row.items()}
C:\Users\nicolas\Documents\GitHub\courtside-data\courtside_data\output\field_types.py:405: UserWarning: Failed to coerce '-50.2%' via int, leaving as string
  return {key: get_coercion(key)(value) for key, value in row.items()}
C:\Users\nicolas\Documents\GitHub\courtside-data\courtside_data\output\field_types.py:405: UserWarning: Failed to coerce '-47.0%' via int, leaving as string
  return {key: get_coercion(key)(value) for key, value in row.items()}
C:\Users\nicolas\Documents\GitHub\courtside-data\courtside_data\output\field_types.py:405: UserWarning: Failed to coerce '-38.6%' via int, leaving as string
  return {key: get_coercion(key)(value) for key, value in row.items()}
C:\Users\nicolas\Documents\GitHub\courtside-data\courtside_data\output\field_types.py:405: UserWarning: Failed to coerce '-40.9%' via int, leaving as string
  return {key: get_coercion(key)(value) for key, value in row.items()}
C:\Users\nicolas\Documents\GitHub\courtside-data\courtside_data\output\field_types.py:405: UserWarning: Failed to coerce '-45.1%' via int, leaving as string
  return {key: get_coercion(key)(value) for key, value in row.items()}
C:\Users\nicolas\Documents\GitHub\courtside-data\courtside_data\output\field_types.py:405: UserWarning: Failed to coerce '2.7%' via int, leaving as string
  return {key: get_coercion(key)(value) for key, value in row.items()}
C:\Users\nicolas\Documents\GitHub\courtside-data\courtside_data\output\field_types.py:405: UserWarning: Failed to coerce '-48.9%' via int, leaving as string
  return {key: get_coercion(key)(value) for key, value in row.items()}
C:\Users\nicolas\Documents\GitHub\courtside-data\courtside_data\output\field_types.py:405: UserWarning: Failed to coerce '-44.6%' via int, leaving as string
  return {key: get_coercion(key)(value) for key, value in row.items()}
C:\Users\nicolas\Documents\GitHub\courtside-data\courtside_data\output\field_types.py:405: UserWarning: Failed to coerce '17.3%' via int, leaving as string
  return {key: get_coercion(key)(value) for key, value in row.items()}
C:\Users\nicolas\Documents\GitHub\courtside-data\courtside_data\output\field_types.py:405: UserWarning: Failed to coerce '2.9%' via int, leaving as string
  return {key: get_coercion(key)(value) for key, value in row.items()}
C:\Users\nicolas\Documents\GitHub\courtside-data\courtside_data\output\field_types.py:405: UserWarning: Failed to coerce '4.5%' via int, leaving as string
  return {key: get_coercion(key)(value) for key, value in row.items()}
C:\Users\nicolas\Documents\GitHub\courtside-data\courtside_data\output\field_types.py:405: UserWarning: Failed to coerce '5.0%' via int, leaving as string
  return {key: get_coercion(key)(value) for key, value in row.items()}
C:\Users\nicolas\Documents\GitHub\courtside-data\courtside_data\output\field_types.py:405: UserWarning: Failed to coerce '-5.4%' via int, leaving as string
  return {key: get_coercion(key)(value) for key, value in row.items()}
C:\Users\nicolas\Documents\GitHub\courtside-data\courtside_data\output\field_types.py:405: UserWarning: Failed to coerce '-11.0%' via int, leaving as string
  return {key: get_coercion(key)(value) for key, value in row.items()}
C:\Users\nicolas\Documents\GitHub\courtside-data\courtside_data\output\field_types.py:405: UserWarning: Failed to coerce '-13.6%' via int, leaving as string
  return {key: get_coercion(key)(value) for key, value in row.items()}
C:\Users\nicolas\Documents\GitHub\courtside-data\courtside_data\output\field_types.py:405: UserWarning: Failed to coerce '1.2%' via int, leaving as string
  return {key: get_coercion(key)(value) for key, value in row.items()}
C:\Users\nicolas\Documents\GitHub\courtside-data\courtside_data\output\field_types.py:405: UserWarning: Failed to coerce '-9.1%' via int, leaving as string
  return {key: get_coercion(key)(value) for key, value in row.items()}
C:\Users\nicolas\Documents\GitHub\courtside-data\courtside_data\output\field_types.py:405: UserWarning: Failed to coerce '33.9%' via int, leaving as string
  return {key: get_coercion(key)(value) for key, value in row.items()}
C:\Users\nicolas\Documents\GitHub\courtside-data\courtside_data\output\field_types.py:405: UserWarning: Failed to coerce '-7.2%' via int, leaving as string
  return {key: get_coercion(key)(value) for key, value in row.items()}
C:\Users\nicolas\Documents\GitHub\courtside-data\courtside_data\output\field_types.py:405: UserWarning: Failed to coerce '-0.0%' via int, leaving as string
  return {key: get_coercion(key)(value) for key, value in row.items()}
C:\Users\nicolas\Documents\GitHub\courtside-data\courtside_data\output\field_types.py:405: UserWarning: Failed to coerce '-22.6%' via int, leaving as string
  return {key: get_coercion(key)(value) for key, value in row.items()}
C:\Users\nicolas\Documents\GitHub\courtside-data\courtside_data\output\field_types.py:405: UserWarning: Failed to coerce '101.1%' via int, leaving as string
  return {key: get_coercion(key)(value) for key, value in row.items()}
C:\Users\nicolas\Documents\GitHub\courtside-data\courtside_data\output\field_types.py:405: UserWarning: Failed to coerce '90.4%' via int, leaving as string
  return {key: get_coercion(key)(value) for key, value in row.items()}
C:\Users\nicolas\Documents\GitHub\courtside-data\courtside_data\output\field_types.py:405: UserWarning: Failed to coerce '-17.9%' via int, leaving as string
  return {key: get_coercion(key)(value) for key, value in row.items()}
C:\Users\nicolas\Documents\GitHub\courtside-data\courtside_data\output\field_types.py:405: UserWarning: Failed to coerce '-9.4%' via int, leaving as string
  return {key: get_coercion(key)(value) for key, value in row.items()}
C:\Users\nicolas\Documents\GitHub\courtside-data\courtside_data\output\field_types.py:405: UserWarning: Failed to coerce '-6.2%' via int, leaving as string
  return {key: get_coercion(key)(value) for key, value in row.items()}
C:\Users\nicolas\Documents\GitHub\courtside-data\courtside_data\output\field_types.py:405: UserWarning: Failed to coerce '-14.5%' via int, leaving as string
  return {key: get_coercion(key)(value) for key, value in row.items()}
C:\Users\nicolas\Documents\GitHub\courtside-data\courtside_data\output\field_types.py:405: UserWarning: Failed to coerce '-19.3%' via int, leaving as string
  return {key: get_coercion(key)(value) for key, value in row.items()}
C:\Users\nicolas\Documents\GitHub\courtside-data\courtside_data\output\field_types.py:405: UserWarning: Failed to coerce '-2.5%' via int, leaving as string
  return {key: get_coercion(key)(value) for key, value in row.items()}
C:\Users\nicolas\Documents\GitHub\courtside-data\courtside_data\output\field_types.py:405: UserWarning: Failed to coerce '-29.8%' via int, leaving as string
  return {key: get_coercion(key)(value) for key, value in row.items()}
C:\Users\nicolas\Documents\GitHub\courtside-data\courtside_data\output\field_types.py:405: UserWarning: Failed to coerce '-22.9%' via int, leaving as string
  return {key: get_coercion(key)(value) for key, value in row.items()}
C:\Users\nicolas\Documents\GitHub\courtside-data\courtside_data\output\field_types.py:405: UserWarning: Failed to coerce '13.5%' via int, leaving as string
  return {key: get_coercion(key)(value) for key, value in row.items()}
C:\Users\nicolas\Documents\GitHub\courtside-data\courtside_data\output\field_types.py:405: UserWarning: Failed to coerce '61.5%' via int, leaving as string
  return {key: get_coercion(key)(value) for key, value in row.items()}
C:\Users\nicolas\Documents\GitHub\courtside-data\courtside_data\output\field_types.py:405: UserWarning: Failed to coerce '81.9%' via int, leaving as string
  return {key: get_coercion(key)(value) for key, value in row.items()}
C:\Users\nicolas\Documents\GitHub\courtside-data\courtside_data\output\field_types.py:405: UserWarning: Failed to coerce '60.4%' via int, leaving as string
  return {key: get_coercion(key)(value) for key, value in row.items()}
C:\Users\nicolas\Documents\GitHub\courtside-data\courtside_data\output\field_types.py:405: UserWarning: Failed to coerce '-8.3%' via int, leaving as string
  return {key: get_coercion(key)(value) for key, value in row.items()}
C:\Users\nicolas\Documents\GitHub\courtside-data\courtside_data\output\field_types.py:405: UserWarning: Failed to coerce '8.6%' via int, leaving as string
  return {key: get_coercion(key)(value) for key, value in row.items()}
C:\Users\nicolas\Documents\GitHub\courtside-data\courtside_data\output\field_types.py:405: UserWarning: Failed to coerce '-4.0%' via int, leaving as string
  return {key: get_coercion(key)(value) for key, value in row.items()}
C:\Users\nicolas\Documents\GitHub\courtside-data\courtside_data\output\field_types.py:405: UserWarning: Failed to coerce '-13.1%' via int, leaving as string
  return {key: get_coercion(key)(value) for key, value in row.items()}
C:\Users\nicolas\Documents\GitHub\courtside-data\courtside_data\output\field_types.py:405: UserWarning: Failed to coerce '6.7%' via int, leaving as string
  return {key: get_coercion(key)(value) for key, value in row.items()}
C:\Users\nicolas\Documents\GitHub\courtside-data\courtside_data\output\field_types.py:405: UserWarning: Failed to coerce '4.3%' via int, leaving as string
  return {key: get_coercion(key)(value) for key, value in row.items()}
C:\Users\nicolas\Documents\GitHub\courtside-data\courtside_data\output\field_types.py:405: UserWarning: Failed to coerce '6.6%' via int, leaving as string
  return {key: get_coercion(key)(value) for key, value in row.items()}
C:\Users\nicolas\Documents\GitHub\courtside-data\courtside_data\output\field_types.py:405: UserWarning: Failed to coerce '-25.4%' via int, leaving as string
  return {key: get_coercion(key)(value) for key, value in row.items()}
C:\Users\nicolas\Documents\GitHub\courtside-data\courtside_data\output\field_types.py:405: UserWarning: Failed to coerce '-18.5%' via int, leaving as string
  return {key: get_coercion(key)(value) for key, value in row.items()}
C:\Users\nicolas\Documents\GitHub\courtside-data\courtside_data\output\field_types.py:405: UserWarning: Failed to coerce '3.2%' via int, leaving as string
  return {key: get_coercion(key)(value) for key, value in row.items()}
C:\Users\nicolas\Documents\GitHub\courtside-data\courtside_data\output\field_types.py:405: UserWarning: Failed to coerce '118.5%' via int, leaving as string
  return {key: get_coercion(key)(value) for key, value in row.items()}
C:\Users\nicolas\Documents\GitHub\courtside-data\courtside_data\output\field_types.py:405: UserWarning: Failed to coerce '103.4%' via int, leaving as string
  return {key: get_coercion(key)(value) for key, value in row.items()}
C:\Users\nicolas\Documents\GitHub\courtside-data\courtside_data\output\field_types.py:405: UserWarning: Failed to coerce '-3.3%' via int, leaving as string
  return {key: get_coercion(key)(value) for key, value in row.items()}
C:\Users\nicolas\Documents\GitHub\courtside-data\courtside_data\output\field_types.py:405: UserWarning: Failed to coerce '5.6%' via int, leaving as string
  return {key: get_coercion(key)(value) for key, value in row.items()}
C:\Users\nicolas\Documents\GitHub\courtside-data\courtside_data\output\field_types.py:405: UserWarning: Failed to coerce '5.9%' via int, leaving as string
  return {key: get_coercion(key)(value) for key, value in row.items()}
C:\Users\nicolas\Documents\GitHub\courtside-data\courtside_data\output\field_types.py:405: UserWarning: Failed to coerce '12.7%' via int, leaving as string
  return {key: get_coercion(key)(value) for key, value in row.items()}
C:\Users\nicolas\Documents\GitHub\courtside-data\courtside_data\output\field_types.py:405: UserWarning: Failed to coerce '-10.4%' via int, leaving as string
  return {key: get_coercion(key)(value) for key, value in row.items()}
C:\Users\nicolas\Documents\GitHub\courtside-data\courtside_data\output\field_types.py:405: UserWarning: Failed to coerce '-6.1%' via int, leaving as string
  return {key: get_coercion(key)(value) for key, value in row.items()}
C:\Users\nicolas\Documents\GitHub\courtside-data\courtside_data\output\field_types.py:405: UserWarning: Failed to coerce '-8.5%' via int, leaving as string
  return {key: get_coercion(key)(value) for key, value in row.items()}
C:\Users\nicolas\Documents\GitHub\courtside-data\courtside_data\output\field_types.py:405: UserWarning: Failed to coerce '-25.5%' via int, leaving as string
  return {key: get_coercion(key)(value) for key, value in row.items()}
C:\Users\nicolas\Documents\GitHub\courtside-data\courtside_data\output\field_types.py:405: UserWarning: Failed to coerce '29.4%' via int, leaving as string
  return {key: get_coercion(key)(value) for key, value in row.items()}
C:\Users\nicolas\Documents\GitHub\courtside-data\courtside_data\output\field_types.py:405: UserWarning: Failed to coerce '40.8%' via int, leaving as string
  return {key: get_coercion(key)(value) for key, value in row.items()}
C:\Users\nicolas\Documents\GitHub\courtside-data\courtside_data\output\field_types.py:405: UserWarning: Failed to coerce '11.7%' via int, leaving as string
  return {key: get_coercion(key)(value) for key, value in row.items()}
C:\Users\nicolas\Documents\GitHub\courtside-data\courtside_data\output\field_types.py:405: UserWarning: Failed to coerce '28.7%' via int, leaving as string
  return {key: get_coercion(key)(value) for key, value in row.items()}
C:\Users\nicolas\Documents\GitHub\courtside-data\courtside_data\output\field_types.py:405: UserWarning: Failed to coerce '-37.0%' via int, leaving as string
  return {key: get_coercion(key)(value) for key, value in row.items()}
C:\Users\nicolas\Documents\GitHub\courtside-data\courtside_data\output\field_types.py:405: UserWarning: Failed to coerce '-33.6%' via int, leaving as string
  return {key: get_coercion(key)(value) for key, value in row.items()}
C:\Users\nicolas\Documents\GitHub\courtside-data\courtside_data\output\field_types.py:405: UserWarning: Failed to coerce '-9.3%' via int, leaving as string
  return {key: get_coercion(key)(value) for key, value in row.items()}
C:\Users\nicolas\Documents\GitHub\courtside-data\courtside_data\output\field_types.py:405: UserWarning: Failed to coerce '-4.7%' via int, leaving as string
  return {key: get_coercion(key)(value) for key, value in row.items()}
C:\Users\nicolas\Documents\GitHub\courtside-data\courtside_data\output\field_types.py:405: UserWarning: Failed to coerce '309.1%' via int, leaving as string
  return {key: get_coercion(key)(value) for key, value in row.items()}
C:\Users\nicolas\Documents\GitHub\courtside-data\courtside_data\output\field_types.py:405: UserWarning: Failed to coerce '156.0%' via int, leaving as string
  return {key: get_coercion(key)(value) for key, value in row.items()}
C:\Users\nicolas\Documents\GitHub\courtside-data\courtside_data\output\field_types.py:405: UserWarning: Failed to coerce '17.7%' via int, leaving as string
  return {key: get_coercion(key)(value) for key, value in row.items()}
C:\Users\nicolas\Documents\GitHub\courtside-data\courtside_data\output\field_types.py:405: UserWarning: Failed to coerce '-13.8%' via int, leaving as string
  return {key: get_coercion(key)(value) for key, value in row.items()}
C:\Users\nicolas\Documents\GitHub\courtside-data\courtside_data\output\field_types.py:405: UserWarning: Failed to coerce '-54.8%' via int, leaving as string
  return {key: get_coercion(key)(value) for key, value in row.items()}
C:\Users\nicolas\Documents\GitHub\courtside-data\courtside_data\output\field_types.py:405: UserWarning: Failed to coerce '-29.4%' via int, leaving as string
  return {key: get_coercion(key)(value) for key, value in row.items()}
C:\Users\nicolas\Documents\GitHub\courtside-data\courtside_data\output\field_types.py:405: UserWarning: Failed to coerce '11.1%' via int, leaving as string
  return {key: get_coercion(key)(value) for key, value in row.items()}
C:\Users\nicolas\Documents\GitHub\courtside-data\courtside_data\output\field_types.py:405: UserWarning: Failed to coerce '14.0%' via int, leaving as string
  return {key: get_coercion(key)(value) for key, value in row.items()}
C:\Users\nicolas\Documents\GitHub\courtside-data\courtside_data\output\field_types.py:405: UserWarning: Failed to coerce '217.4%' via int, leaving as string
  return {key: get_coercion(key)(value) for key, value in row.items()}
C:\Users\nicolas\Documents\GitHub\courtside-data\courtside_data\output\field_types.py:405: UserWarning: Failed to coerce '121.7%' via int, leaving as string
  return {key: get_coercion(key)(value) for key, value in row.items()}
C:\Users\nicolas\Documents\GitHub\courtside-data\courtside_data\output\field_types.py:405: UserWarning: Failed to coerce '4.4%' via int, leaving as string
  return {key: get_coercion(key)(value) for key, value in row.items()}
C:\Users\nicolas\Documents\GitHub\courtside-data\courtside_data\output\field_types.py:405: UserWarning: Failed to coerce '-43.6%' via int, leaving as string
  return {key: get_coercion(key)(value) for key, value in row.items()}
C:\Users\nicolas\Documents\GitHub\courtside-data\courtside_data\output\field_types.py:405: UserWarning: Failed to coerce '15.9%' via int, leaving as string
  return {key: get_coercion(key)(value) for key, value in row.items()}
C:\Users\nicolas\Documents\GitHub\courtside-data\courtside_data\output\field_types.py:405: UserWarning: Failed to coerce '14.4%' via int, leaving as string
  return {key: get_coercion(key)(value) for key, value in row.items()}
C:\Users\nicolas\Documents\GitHub\courtside-data\courtside_data\output\field_types.py:405: UserWarning: Failed to coerce '-2.4%' via int, leaving as string
  return {key: get_coercion(key)(value) for key, value in row.items()}
C:\Users\nicolas\Documents\GitHub\courtside-data\courtside_data\output\field_types.py:405: UserWarning: Failed to coerce '9.2%' via int, leaving as string
  return {key: get_coercion(key)(value) for key, value in row.items()}
C:\Users\nicolas\Documents\GitHub\courtside-data\courtside_data\output\field_types.py:405: UserWarning: Failed to coerce '60.7%' via int, leaving as string
  return {key: get_coercion(key)(value) for key, value in row.items()}
C:\Users\nicolas\Documents\GitHub\courtside-data\courtside_data\output\field_types.py:405: UserWarning: Failed to coerce '46.9%' via int, leaving as string
  return {key: get_coercion(key)(value) for key, value in row.items()}
C:\Users\nicolas\Documents\GitHub\courtside-data\courtside_data\output\field_types.py:405: UserWarning: Failed to coerce '-13.5%' via int, leaving as string
  return {key: get_coercion(key)(value) for key, value in row.items()}
C:\Users\nicolas\Documents\GitHub\courtside-data\courtside_data\output\field_types.py:405: UserWarning: Failed to coerce '-11.6%' via int, leaving as string
  return {key: get_coercion(key)(value) for key, value in row.items()}
C:\Users\nicolas\Documents\GitHub\courtside-data\courtside_data\output\field_types.py:405: UserWarning: Failed to coerce '37.1%' via int, leaving as string
  return {key: get_coercion(key)(value) for key, value in row.items()}
C:\Users\nicolas\Documents\GitHub\courtside-data\courtside_data\output\field_types.py:405: UserWarning: Failed to coerce '-10.8%' via int, leaving as string
  return {key: get_coercion(key)(value) for key, value in row.items()}
C:\Users\nicolas\Documents\GitHub\courtside-data\courtside_data\output\field_types.py:405: UserWarning: Failed to coerce '180.0%' via int, leaving as string
  return {key: get_coercion(key)(value) for key, value in row.items()}
C:\Users\nicolas\Documents\GitHub\courtside-data\courtside_data\output\field_types.py:405: UserWarning: Failed to coerce '56.1%' via int, leaving as string
  return {key: get_coercion(key)(value) for key, value in row.items()}
C:\Users\nicolas\Documents\GitHub\courtside-data\courtside_data\output\field_types.py:405: UserWarning: Failed to coerce '-7.8%' via int, leaving as string
  return {key: get_coercion(key)(value) for key, value in row.items()}
C:\Users\nicolas\Documents\GitHub\courtside-data\courtside_data\output\field_types.py:405: UserWarning: Failed to coerce '2.3%' via int, leaving as string
  return {key: get_coercion(key)(value) for key, value in row.items()}
C:\Users\nicolas\Documents\GitHub\courtside-data\courtside_data\output\field_types.py:405: UserWarning: Failed to coerce '-18.8%' via int, leaving as string
  return {key: get_coercion(key)(value) for key, value in row.items()}
C:\Users\nicolas\Documents\GitHub\courtside-data\courtside_data\output\field_types.py:405: UserWarning: Failed to coerce '-16.3%' via int, leaving as string
  return {key: get_coercion(key)(value) for key, value in row.items()}
C:\Users\nicolas\Documents\GitHub\courtside-data\courtside_data\output\field_types.py:405: UserWarning: Failed to coerce '-23.1%' via int, leaving as string
  return {key: get_coercion(key)(value) for key, value in row.items()}
C:\Users\nicolas\Documents\GitHub\courtside-data\courtside_data\output\field_types.py:405: UserWarning: Failed to coerce '1.0%' via int, leaving as string
  return {key: get_coercion(key)(value) for key, value in row.items()}
C:\Users\nicolas\Documents\GitHub\courtside-data\courtside_data\output\field_types.py:405: UserWarning: Failed to coerce '-13.0%' via int, leaving as string
  return {key: get_coercion(key)(value) for key, value in row.items()}
C:\Users\nicolas\Documents\GitHub\courtside-data\courtside_data\output\field_types.py:405: UserWarning: Failed to coerce '7.4%' via int, leaving as string
  return {key: get_coercion(key)(value) for key, value in row.items()}
C:\Users\nicolas\Documents\GitHub\courtside-data\courtside_data\output\field_types.py:405: UserWarning: Failed to coerce '5.7%' via int, leaving as string
  return {key: get_coercion(key)(value) for key, value in row.items()}
C:\Users\nicolas\Documents\GitHub\courtside-data\courtside_data\output\field_types.py:405: UserWarning: Failed to coerce '19.1%' via int, leaving as string
  return {key: get_coercion(key)(value) for key, value in row.items()}
C:\Users\nicolas\Documents\GitHub\courtside-data\courtside_data\output\field_types.py:405: UserWarning: Failed to coerce '-12.6%' via int, leaving as string
  return {key: get_coercion(key)(value) for key, value in row.items()}
C:\Users\nicolas\Documents\GitHub\courtside-data\courtside_data\output\field_types.py:405: UserWarning: Failed to coerce '46.1%' via int, leaving as string
  return {key: get_coercion(key)(value) for key, value in row.items()}
C:\Users\nicolas\Documents\GitHub\courtside-data\courtside_data\output\field_types.py:405: UserWarning: Failed to coerce '23.6%' via int, leaving as string
  return {key: get_coercion(key)(value) for key, value in row.items()}
C:\Users\nicolas\Documents\GitHub\courtside-data\courtside_data\output\field_types.py:405: UserWarning: Failed to coerce '-10.5%' via int, leaving as string
  return {key: get_coercion(key)(value) for key, value in row.items()}
C:\Users\nicolas\Documents\GitHub\courtside-data\courtside_data\output\field_types.py:405: UserWarning: Failed to coerce '2.1%' via int, leaving as string
  return {key: get_coercion(key)(value) for key, value in row.items()}
C:\Users\nicolas\Documents\GitHub\courtside-data\courtside_data\output\field_types.py:405: UserWarning: Failed to coerce '-15.0%' via int, leaving as string
  return {key: get_coercion(key)(value) for key, value in row.items()}
C:\Users\nicolas\Documents\GitHub\courtside-data\courtside_data\output\field_types.py:405: UserWarning: Failed to coerce '-11.3%' via int, leaving as string
  return {key: get_coercion(key)(value) for key, value in row.items()}
C:\Users\nicolas\Documents\GitHub\courtside-data\courtside_data\output\field_types.py:405: UserWarning: Failed to coerce '22.0%' via int, leaving as string
  return {key: get_coercion(key)(value) for key, value in row.items()}
C:\Users\nicolas\Documents\GitHub\courtside-data\courtside_data\output\field_types.py:405: UserWarning: Failed to coerce '16.2%' via int, leaving as string
  return {key: get_coercion(key)(value) for key, value in row.items()}
C:\Users\nicolas\Documents\GitHub\courtside-data\courtside_data\output\field_types.py:405: UserWarning: Failed to coerce '-31.6%' via int, leaving as string
  return {key: get_coercion(key)(value) for key, value in row.items()}
C:\Users\nicolas\Documents\GitHub\courtside-data\courtside_data\output\field_types.py:405: UserWarning: Failed to coerce '-8.8%' via int, leaving as string
  return {key: get_coercion(key)(value) for key, value in row.items()}
C:\Users\nicolas\Documents\GitHub\courtside-data\courtside_data\output\field_types.py:405: UserWarning: Failed to coerce '-9.9%' via int, leaving as string
  return {key: get_coercion(key)(value) for key, value in row.items()}
C:\Users\nicolas\Documents\GitHub\courtside-data\courtside_data\output\field_types.py:405: UserWarning: Failed to coerce '11.5%' via int, leaving as string
  return {key: get_coercion(key)(value) for key, value in row.items()}
C:\Users\nicolas\Documents\GitHub\courtside-data\courtside_data\output\field_types.py:405: UserWarning: Failed to coerce '-15.3%' via int, leaving as string
  return {key: get_coercion(key)(value) for key, value in row.items()}
C:\Users\nicolas\Documents\GitHub\courtside-data\courtside_data\output\field_types.py:405: UserWarning: Failed to coerce '7.0%' via int, leaving as string
  return {key: get_coercion(key)(value) for key, value in row.items()}
C:\Users\nicolas\Documents\GitHub\courtside-data\courtside_data\output\field_types.py:405: UserWarning: Failed to coerce '2.5%' via int, leaving as string
  return {key: get_coercion(key)(value) for key, value in row.items()}
C:\Users\nicolas\Documents\GitHub\courtside-data\courtside_data\output\field_types.py:405: UserWarning: Failed to coerce '-7.9%' via int, leaving as string
  return {key: get_coercion(key)(value) for key, value in row.items()}
C:\Users\nicolas\Documents\GitHub\courtside-data\courtside_data\output\field_types.py:405: UserWarning: Failed to coerce '13.8%' via int, leaving as string
  return {key: get_coercion(key)(value) for key, value in row.items()}
C:\Users\nicolas\Documents\GitHub\courtside-data\courtside_data\output\field_types.py:405: UserWarning: Failed to coerce '12.2%' via int, leaving as string
  return {key: get_coercion(key)(value) for key, value in row.items()}
C:\Users\nicolas\Documents\GitHub\courtside-data\courtside_data\output\field_types.py:405: UserWarning: Failed to coerce '10.3%' via int, leaving as string
  return {key: get_coercion(key)(value) for key, value in row.items()}
C:\Users\nicolas\Documents\GitHub\courtside-data\courtside_data\output\field_types.py:405: UserWarning: Failed to coerce '20.0%' via int, leaving as string
  return {key: get_coercion(key)(value) for key, value in row.items()}
C:\Users\nicolas\Documents\GitHub\courtside-data\courtside_data\output\field_types.py:405: UserWarning: Failed to coerce '-9.5%' via int, leaving as string
  return {key: get_coercion(key)(value) for key, value in row.items()}
C:\Users\nicolas\Documents\GitHub\courtside-data\courtside_data\output\field_types.py:405: UserWarning: Failed to coerce '8.7%' via int, leaving as string
  return {key: get_coercion(key)(value) for key, value in row.items()}
C:\Users\nicolas\Documents\GitHub\courtside-data\courtside_data\output\field_types.py:405: UserWarning: Failed to coerce '12.4%' via int, leaving as string
  return {key: get_coercion(key)(value) for key, value in row.items()}
C:\Users\nicolas\Documents\GitHub\courtside-data\courtside_data\output\field_types.py:405: UserWarning: Failed to coerce '10.5%' via int, leaving as string
  return {key: get_coercion(key)(value) for key, value in row.items()}
C:\Users\nicolas\Documents\GitHub\courtside-data\courtside_data\output\field_types.py:405: UserWarning: Failed to coerce '18.8%' via int, leaving as string
  return {key: get_coercion(key)(value) for key, value in row.items()}
C:\Users\nicolas\Documents\GitHub\courtside-data\courtside_data\output\field_types.py:405: UserWarning: Failed to coerce '21.3%' via int, leaving as string
  return {key: get_coercion(key)(value) for key, value in row.items()}
C:\Users\nicolas\Documents\GitHub\courtside-data\courtside_data\output\field_types.py:405: UserWarning: Failed to coerce '7.5%' via int, leaving as string
  return {key: get_coercion(key)(value) for key, value in row.items()}
C:\Users\nicolas\Documents\GitHub\courtside-data\courtside_data\output\field_types.py:405: UserWarning: Failed to coerce '24.9%' via int, leaving as string
  return {key: get_coercion(key)(value) for key, value in row.items()}
C:\Users\nicolas\Documents\GitHub\courtside-data\courtside_data\output\field_types.py:405: UserWarning: Failed to coerce '11.9%' via int, leaving as string
  return {key: get_coercion(key)(value) for key, value in row.items()}
C:\Users\nicolas\Documents\GitHub\courtside-data\courtside_data\output\field_types.py:405: UserWarning: Failed to coerce '10.6%' via int, leaving as string
  return {key: get_coercion(key)(value) for key, value in row.items()}
C:\Users\nicolas\Documents\GitHub\courtside-data\courtside_data\output\field_types.py:405: UserWarning: Failed to coerce '-15.8%' via int, leaving as string
  return {key: get_coercion(key)(value) for key, value in row.items()}
C:\Users\nicolas\Documents\GitHub\courtside-data\courtside_data\output\field_types.py:405: UserWarning: Failed to coerce '-10.2%' via int, leaving as string
  return {key: get_coercion(key)(value) for key, value in row.items()}
C:\Users\nicolas\Documents\GitHub\courtside-data\courtside_data\output\field_types.py:405: UserWarning: Failed to coerce '-16.7%' via int, leaving as string
  return {key: get_coercion(key)(value) for key, value in row.items()}
[243/341] franchise_year_over_year ... ERROR other ValueError  (6.7s)
C:\Users\nicolas\Documents\GitHub\courtside-data\courtside_data\output\field_types.py:405: UserWarning: Failed to coerce '114.8' via int, leaving as string
  return {key: get_coercion(key)(value) for key, value in row.items()}
C:\Users\nicolas\Documents\GitHub\courtside-data\courtside_data\output\field_types.py:405: UserWarning: Failed to coerce '21.8' via int, leaving as string
  return {key: get_coercion(key)(value) for key, value in row.items()}
C:\Users\nicolas\Documents\GitHub\courtside-data\courtside_data\output\field_types.py:405: UserWarning: Failed to coerce '19.4' via int, leaving as string
  return {key: get_coercion(key)(value) for key, value in row.items()}
C:\Users\nicolas\Documents\GitHub\courtside-data\courtside_data\output\field_types.py:405: UserWarning: Failed to coerce '101.2' via int, leaving as string
  return {key: get_coercion(key)(value) for key, value in row.items()}
C:\Users\nicolas\Documents\GitHub\courtside-data\courtside_data\output\field_types.py:405: UserWarning: Failed to coerce '21.6' via int, leaving as string
  return {key: get_coercion(key)(value) for key, value in row.items()}
C:\Users\nicolas\Documents\GitHub\courtside-data\courtside_data\output\field_types.py:405: UserWarning: Failed to coerce '13.6' via int, leaving as string
  return {key: get_coercion(key)(value) for key, value in row.items()}
C:\Users\nicolas\Documents\GitHub\courtside-data\courtside_data\output\field_types.py:405: UserWarning: Failed to coerce '0.2' via int, leaving as string
  return {key: get_coercion(key)(value) for key, value in row.items()}
C:\Users\nicolas\Documents\GitHub\courtside-data\courtside_data\output\field_types.py:405: UserWarning: Failed to coerce '1.4' via int, leaving as string
  return {key: get_coercion(key)(value) for key, value in row.items()}
C:\Users\nicolas\Documents\GitHub\courtside-data\courtside_data\output\field_types.py:405: UserWarning: Failed to coerce '103.0' via int, leaving as string
  return {key: get_coercion(key)(value) for key, value in row.items()}
C:\Users\nicolas\Documents\GitHub\courtside-data\courtside_data\output\field_types.py:405: UserWarning: Failed to coerce '110.3' via int, leaving as string
  return {key: get_coercion(key)(value) for key, value in row.items()}
C:\Users\nicolas\Documents\GitHub\courtside-data\courtside_data\output\field_types.py:405: UserWarning: Failed to coerce '23.3' via int, leaving as string
  return {key: get_coercion(key)(value) for key, value in row.items()}
C:\Users\nicolas\Documents\GitHub\courtside-data\courtside_data\output\field_types.py:405: UserWarning: Failed to coerce '16.8' via int, leaving as string
  return {key: get_coercion(key)(value) for key, value in row.items()}
C:\Users\nicolas\Documents\GitHub\courtside-data\courtside_data\output\field_types.py:405: UserWarning: Failed to coerce '5.8' via int, leaving as string
  return {key: get_coercion(key)(value) for key, value in row.items()}
C:\Users\nicolas\Documents\GitHub\courtside-data\courtside_data\output\field_types.py:405: UserWarning: Failed to coerce '19.5' via int, leaving as string
  return {key: get_coercion(key)(value) for key, value in row.items()}
C:\Users\nicolas\Documents\GitHub\courtside-data\courtside_data\output\field_types.py:405: UserWarning: Failed to coerce '104.0' via int, leaving as string
  return {key: get_coercion(key)(value) for key, value in row.items()}
C:\Users\nicolas\Documents\GitHub\courtside-data\courtside_data\output\field_types.py:405: UserWarning: Failed to coerce '111.8' via int, leaving as string
  return {key: get_coercion(key)(value) for key, value in row.items()}
C:\Users\nicolas\Documents\GitHub\courtside-data\courtside_data\output\field_types.py:405: UserWarning: Failed to coerce '17.3' via int, leaving as string
  return {key: get_coercion(key)(value) for key, value in row.items()}
C:\Users\nicolas\Documents\GitHub\courtside-data\courtside_data\output\field_types.py:405: UserWarning: Failed to coerce '101.0' via int, leaving as string
  return {key: get_coercion(key)(value) for key, value in row.items()}
C:\Users\nicolas\Documents\GitHub\courtside-data\courtside_data\output\field_types.py:405: UserWarning: Failed to coerce '10.8' via int, leaving as string
  return {key: get_coercion(key)(value) for key, value in row.items()}
C:\Users\nicolas\Documents\GitHub\courtside-data\courtside_data\output\field_types.py:405: UserWarning: Failed to coerce '115.6' via int, leaving as string
  return {key: get_coercion(key)(value) for key, value in row.items()}
C:\Users\nicolas\Documents\GitHub\courtside-data\courtside_data\output\field_types.py:405: UserWarning: Failed to coerce '22.6' via int, leaving as string
  return {key: get_coercion(key)(value) for key, value in row.items()}
C:\Users\nicolas\Documents\GitHub\courtside-data\courtside_data\output\field_types.py:405: UserWarning: Failed to coerce '20.2' via int, leaving as string
  return {key: get_coercion(key)(value) for key, value in row.items()}
C:\Users\nicolas\Documents\GitHub\courtside-data\courtside_data\output\field_types.py:405: UserWarning: Failed to coerce '123.6' via int, leaving as string
  return {key: get_coercion(key)(value) for key, value in row.items()}
C:\Users\nicolas\Documents\GitHub\courtside-data\courtside_data\output\field_types.py:405: UserWarning: Failed to coerce '26.2' via int, leaving as string
  return {key: get_coercion(key)(value) for key, value in row.items()}
C:\Users\nicolas\Documents\GitHub\courtside-data\courtside_data\output\field_types.py:405: UserWarning: Failed to coerce '19.2' via int, leaving as string
  return {key: get_coercion(key)(value) for key, value in row.items()}
C:\Users\nicolas\Documents\GitHub\courtside-data\courtside_data\output\field_types.py:405: UserWarning: Failed to coerce '-3.6' via int, leaving as string
  return {key: get_coercion(key)(value) for key, value in row.items()}
C:\Users\nicolas\Documents\GitHub\courtside-data\courtside_data\output\field_types.py:405: UserWarning: Failed to coerce '114.7' via int, leaving as string
  return {key: get_coercion(key)(value) for key, value in row.items()}
C:\Users\nicolas\Documents\GitHub\courtside-data\courtside_data\output\field_types.py:405: UserWarning: Failed to coerce '16.3' via int, leaving as string
  return {key: get_coercion(key)(value) for key, value in row.items()}
C:\Users\nicolas\Documents\GitHub\courtside-data\courtside_data\output\field_types.py:405: UserWarning: Failed to coerce '123.7' via int, leaving as string
  return {key: get_coercion(key)(value) for key, value in row.items()}
C:\Users\nicolas\Documents\GitHub\courtside-data\courtside_data\output\field_types.py:405: UserWarning: Failed to coerce '18.3' via int, leaving as string
  return {key: get_coercion(key)(value) for key, value in row.items()}
C:\Users\nicolas\Documents\GitHub\courtside-data\courtside_data\output\field_types.py:405: UserWarning: Failed to coerce '-1.3' via int, leaving as string
  return {key: get_coercion(key)(value) for key, value in row.items()}
C:\Users\nicolas\Documents\GitHub\courtside-data\courtside_data\output\field_types.py:405: UserWarning: Failed to coerce '107.0' via int, leaving as string
  return {key: get_coercion(key)(value) for key, value in row.items()}
C:\Users\nicolas\Documents\GitHub\courtside-data\courtside_data\output\field_types.py:405: UserWarning: Failed to coerce '20.3' via int, leaving as string
  return {key: get_coercion(key)(value) for key, value in row.items()}
C:\Users\nicolas\Documents\GitHub\courtside-data\courtside_data\output\field_types.py:405: UserWarning: Failed to coerce '115.7' via int, leaving as string
  return {key: get_coercion(key)(value) for key, value in row.items()}
C:\Users\nicolas\Documents\GitHub\courtside-data\courtside_data\output\field_types.py:405: UserWarning: Failed to coerce '16.7' via int, leaving as string
  return {key: get_coercion(key)(value) for key, value in row.items()}
C:\Users\nicolas\Documents\GitHub\courtside-data\courtside_data\output\field_types.py:405: UserWarning: Failed to coerce '113.3' via int, leaving as string
  return {key: get_coercion(key)(value) for key, value in row.items()}
C:\Users\nicolas\Documents\GitHub\courtside-data\courtside_data\output\field_types.py:405: UserWarning: Failed to coerce '15.8' via int, leaving as string
  return {key: get_coercion(key)(value) for key, value in row.items()}
C:\Users\nicolas\Documents\GitHub\courtside-data\courtside_data\output\field_types.py:405: UserWarning: Failed to coerce '2.4' via int, leaving as string
  return {key: get_coercion(key)(value) for key, value in row.items()}
C:\Users\nicolas\Documents\GitHub\courtside-data\courtside_data\output\field_types.py:405: UserWarning: Failed to coerce '104.3' via int, leaving as string
  return {key: get_coercion(key)(value) for key, value in row.items()}
C:\Users\nicolas\Documents\GitHub\courtside-data\courtside_data\output\field_types.py:405: UserWarning: Failed to coerce '19.7' via int, leaving as string
  return {key: get_coercion(key)(value) for key, value in row.items()}
C:\Users\nicolas\Documents\GitHub\courtside-data\courtside_data\output\field_types.py:405: UserWarning: Failed to coerce '99.3' via int, leaving as string
  return {key: get_coercion(key)(value) for key, value in row.items()}
C:\Users\nicolas\Documents\GitHub\courtside-data\courtside_data\output\field_types.py:405: UserWarning: Failed to coerce '15.3' via int, leaving as string
  return {key: get_coercion(key)(value) for key, value in row.items()}
C:\Users\nicolas\Documents\GitHub\courtside-data\courtside_data\output\field_types.py:405: UserWarning: Failed to coerce '-0.3' via int, leaving as string
  return {key: get_coercion(key)(value) for key, value in row.items()}
C:\Users\nicolas\Documents\GitHub\courtside-data\courtside_data\output\field_types.py:405: UserWarning: Failed to coerce '106.5' via int, leaving as string
  return {key: get_coercion(key)(value) for key, value in row.items()}
C:\Users\nicolas\Documents\GitHub\courtside-data\courtside_data\output\field_types.py:405: UserWarning: Failed to coerce '-2.5' via int, leaving as string
  return {key: get_coercion(key)(value) for key, value in row.items()}
C:\Users\nicolas\Documents\GitHub\courtside-data\courtside_data\output\field_types.py:405: UserWarning: Failed to coerce '18.7' via int, leaving as string
  return {key: get_coercion(key)(value) for key, value in row.items()}
C:\Users\nicolas\Documents\GitHub\courtside-data\courtside_data\output\field_types.py:405: UserWarning: Failed to coerce '112.5' via int, leaving as string
  return {key: get_coercion(key)(value) for key, value in row.items()}
C:\Users\nicolas\Documents\GitHub\courtside-data\courtside_data\output\field_types.py:405: UserWarning: Failed to coerce '3.2' via int, leaving as string
  return {key: get_coercion(key)(value) for key, value in row.items()}
C:\Users\nicolas\Documents\GitHub\courtside-data\courtside_data\output\field_types.py:405: UserWarning: Failed to coerce '24.2' via int, leaving as string
  return {key: get_coercion(key)(value) for key, value in row.items()}
C:\Users\nicolas\Documents\GitHub\courtside-data\courtside_data\output\field_types.py:405: UserWarning: Failed to coerce '18.8' via int, leaving as string
  return {key: get_coercion(key)(value) for key, value in row.items()}
C:\Users\nicolas\Documents\GitHub\courtside-data\courtside_data\output\field_types.py:405: UserWarning: Failed to coerce '105.7' via int, leaving as string
  return {key: get_coercion(key)(value) for key, value in row.items()}
C:\Users\nicolas\Documents\GitHub\courtside-data\courtside_data\output\field_types.py:405: UserWarning: Failed to coerce '19.3' via int, leaving as string
  return {key: get_coercion(key)(value) for key, value in row.items()}
C:\Users\nicolas\Documents\GitHub\courtside-data\courtside_data\output\field_types.py:405: UserWarning: Failed to coerce '6.1' via int, leaving as string
  return {key: get_coercion(key)(value) for key, value in row.items()}
C:\Users\nicolas\Documents\GitHub\courtside-data\courtside_data\output\field_types.py:405: UserWarning: Failed to coerce '1.2' via int, leaving as string
  return {key: get_coercion(key)(value) for key, value in row.items()}
C:\Users\nicolas\Documents\GitHub\courtside-data\courtside_data\output\field_types.py:405: UserWarning: Failed to coerce '-0.5' via int, leaving as string
  return {key: get_coercion(key)(value) for key, value in row.items()}
C:\Users\nicolas\Documents\GitHub\courtside-data\courtside_data\output\field_types.py:405: UserWarning: Failed to coerce '102.5' via int, leaving as string
  return {key: get_coercion(key)(value) for key, value in row.items()}
C:\Users\nicolas\Documents\GitHub\courtside-data\courtside_data\output\field_types.py:405: UserWarning: Failed to coerce '17.5' via int, leaving as string
  return {key: get_coercion(key)(value) for key, value in row.items()}
C:\Users\nicolas\Documents\GitHub\courtside-data\courtside_data\output\field_types.py:405: UserWarning: Failed to coerce '20.8' via int, leaving as string
  return {key: get_coercion(key)(value) for key, value in row.items()}
C:\Users\nicolas\Documents\GitHub\courtside-data\courtside_data\output\field_types.py:405: UserWarning: Failed to coerce '17.8' via int, leaving as string
  return {key: get_coercion(key)(value) for key, value in row.items()}
C:\Users\nicolas\Documents\GitHub\courtside-data\courtside_data\output\field_types.py:405: UserWarning: Failed to coerce '-16.0' via int, leaving as string
  return {key: get_coercion(key)(value) for key, value in row.items()}
C:\Users\nicolas\Documents\GitHub\courtside-data\courtside_data\output\field_types.py:405: UserWarning: Failed to coerce '125.0' via int, leaving as string
  return {key: get_coercion(key)(value) for key, value in row.items()}
C:\Users\nicolas\Documents\GitHub\courtside-data\courtside_data\output\field_types.py:405: UserWarning: Failed to coerce '22.3' via int, leaving as string
  return {key: get_coercion(key)(value) for key, value in row.items()}
C:\Users\nicolas\Documents\GitHub\courtside-data\courtside_data\output\field_types.py:405: UserWarning: Failed to coerce '112.3' via int, leaving as string
  return {key: get_coercion(key)(value) for key, value in row.items()}
C:\Users\nicolas\Documents\GitHub\courtside-data\courtside_data\output\field_types.py:405: UserWarning: Failed to coerce '12.7' via int, leaving as string
  return {key: get_coercion(key)(value) for key, value in row.items()}
C:\Users\nicolas\Documents\GitHub\courtside-data\courtside_data\output\field_types.py:405: UserWarning: Failed to coerce '114.2' via int, leaving as string
  return {key: get_coercion(key)(value) for key, value in row.items()}
C:\Users\nicolas\Documents\GitHub\courtside-data\courtside_data\output\field_types.py:405: UserWarning: Failed to coerce '22.8' via int, leaving as string
  return {key: get_coercion(key)(value) for key, value in row.items()}
C:\Users\nicolas\Documents\GitHub\courtside-data\courtside_data\output\field_types.py:405: UserWarning: Failed to coerce '17.7' via int, leaving as string
  return {key: get_coercion(key)(value) for key, value in row.items()}
C:\Users\nicolas\Documents\GitHub\courtside-data\courtside_data\output\field_types.py:405: UserWarning: Failed to coerce '118.3' via int, leaving as string
  return {key: get_coercion(key)(value) for key, value in row.items()}
C:\Users\nicolas\Documents\GitHub\courtside-data\courtside_data\output\field_types.py:405: UserWarning: Failed to coerce '-4.1' via int, leaving as string
  return {key: get_coercion(key)(value) for key, value in row.items()}
C:\Users\nicolas\Documents\GitHub\courtside-data\courtside_data\output\field_types.py:405: UserWarning: Failed to coerce '-1.1' via int, leaving as string
  return {key: get_coercion(key)(value) for key, value in row.items()}
C:\Users\nicolas\Documents\GitHub\courtside-data\courtside_data\output\field_types.py:405: UserWarning: Failed to coerce '112.7' via int, leaving as string
  return {key: get_coercion(key)(value) for key, value in row.items()}
C:\Users\nicolas\Documents\GitHub\courtside-data\courtside_data\output\field_types.py:405: UserWarning: Failed to coerce '22.7' via int, leaving as string
  return {key: get_coercion(key)(value) for key, value in row.items()}
C:\Users\nicolas\Documents\GitHub\courtside-data\courtside_data\output\field_types.py:405: UserWarning: Failed to coerce '129.3' via int, leaving as string
  return {key: get_coercion(key)(value) for key, value in row.items()}
C:\Users\nicolas\Documents\GitHub\courtside-data\courtside_data\output\field_types.py:405: UserWarning: Failed to coerce '25.7' via int, leaving as string
  return {key: get_coercion(key)(value) for key, value in row.items()}
C:\Users\nicolas\Documents\GitHub\courtside-data\courtside_data\output\field_types.py:405: UserWarning: Failed to coerce '-16.6' via int, leaving as string
  return {key: get_coercion(key)(value) for key, value in row.items()}
C:\Users\nicolas\Documents\GitHub\courtside-data\courtside_data\output\field_types.py:405: UserWarning: Failed to coerce '26.8' via int, leaving as string
  return {key: get_coercion(key)(value) for key, value in row.items()}
C:\Users\nicolas\Documents\GitHub\courtside-data\courtside_data\output\field_types.py:405: UserWarning: Failed to coerce '-2.8' via int, leaving as string
  return {key: get_coercion(key)(value) for key, value in row.items()}
C:\Users\nicolas\Documents\GitHub\courtside-data\courtside_data\output\field_types.py:405: UserWarning: Failed to coerce '3.7' via int, leaving as string
  return {key: get_coercion(key)(value) for key, value in row.items()}
C:\Users\nicolas\Documents\GitHub\courtside-data\courtside_data\output\field_types.py:405: UserWarning: Failed to coerce '112.0' via int, leaving as string
  return {key: get_coercion(key)(value) for key, value in row.items()}
C:\Users\nicolas\Documents\GitHub\courtside-data\courtside_data\output\field_types.py:405: UserWarning: Failed to coerce '23.8' via int, leaving as string
  return {key: get_coercion(key)(value) for key, value in row.items()}
C:\Users\nicolas\Documents\GitHub\courtside-data\courtside_data\output\field_types.py:405: UserWarning: Failed to coerce '0.7' via int, leaving as string
  return {key: get_coercion(key)(value) for key, value in row.items()}
C:\Users\nicolas\Documents\GitHub\courtside-data\courtside_data\output\field_types.py:405: UserWarning: Failed to coerce '22.4' via int, leaving as string
  return {key: get_coercion(key)(value) for key, value in row.items()}
C:\Users\nicolas\Documents\GitHub\courtside-data\courtside_data\output\field_types.py:405: UserWarning: Failed to coerce '17.2' via int, leaving as string
  return {key: get_coercion(key)(value) for key, value in row.items()}
C:\Users\nicolas\Documents\GitHub\courtside-data\courtside_data\output\field_types.py:405: UserWarning: Failed to coerce '105.8' via int, leaving as string
  return {key: get_coercion(key)(value) for key, value in row.items()}
C:\Users\nicolas\Documents\GitHub\courtside-data\courtside_data\output\field_types.py:405: UserWarning: Failed to coerce '16.2' via int, leaving as string
  return {key: get_coercion(key)(value) for key, value in row.items()}
C:\Users\nicolas\Documents\GitHub\courtside-data\courtside_data\output\field_types.py:405: UserWarning: Failed to coerce '3.6' via int, leaving as string
  return {key: get_coercion(key)(value) for key, value in row.items()}
C:\Users\nicolas\Documents\GitHub\courtside-data\courtside_data\output\field_types.py:405: UserWarning: Failed to coerce '0.4' via int, leaving as string
  return {key: get_coercion(key)(value) for key, value in row.items()}
C:\Users\nicolas\Documents\GitHub\courtside-data\courtside_data\output\field_types.py:405: UserWarning: Failed to coerce '126.3' via int, leaving as string
  return {key: get_coercion(key)(value) for key, value in row.items()}
C:\Users\nicolas\Documents\GitHub\courtside-data\courtside_data\output\field_types.py:405: UserWarning: Failed to coerce '121.2' via int, leaving as string
  return {key: get_coercion(key)(value) for key, value in row.items()}
C:\Users\nicolas\Documents\GitHub\courtside-data\courtside_data\output\field_types.py:405: UserWarning: Failed to coerce '5.1' via int, leaving as string
  return {key: get_coercion(key)(value) for key, value in row.items()}
C:\Users\nicolas\Documents\GitHub\courtside-data\courtside_data\output\field_types.py:405: UserWarning: Failed to coerce '0.8' via int, leaving as string
  return {key: get_coercion(key)(value) for key, value in row.items()}
C:\Users\nicolas\Documents\GitHub\courtside-data\courtside_data\output\field_types.py:405: UserWarning: Failed to coerce '117.8' via int, leaving as string
  return {key: get_coercion(key)(value) for key, value in row.items()}
C:\Users\nicolas\Documents\GitHub\courtside-data\courtside_data\output\field_types.py:405: UserWarning: Failed to coerce '20.6' via int, leaving as string
  return {key: get_coercion(key)(value) for key, value in row.items()}
C:\Users\nicolas\Documents\GitHub\courtside-data\courtside_data\output\field_types.py:405: UserWarning: Failed to coerce '3.4' via int, leaving as string
  return {key: get_coercion(key)(value) for key, value in row.items()}
C:\Users\nicolas\Documents\GitHub\courtside-data\courtside_data\output\field_types.py:405: UserWarning: Failed to coerce '2.2' via int, leaving as string
  return {key: get_coercion(key)(value) for key, value in row.items()}
C:\Users\nicolas\Documents\GitHub\courtside-data\courtside_data\output\field_types.py:405: UserWarning: Failed to coerce '-2.2' via int, leaving as string
  return {key: get_coercion(key)(value) for key, value in row.items()}
C:\Users\nicolas\Documents\GitHub\courtside-data\courtside_data\output\field_types.py:405: UserWarning: Failed to coerce '111.5' via int, leaving as string
  return {key: get_coercion(key)(value) for key, value in row.items()}
C:\Users\nicolas\Documents\GitHub\courtside-data\courtside_data\output\field_types.py:405: UserWarning: Failed to coerce '124.3' via int, leaving as string
  return {key: get_coercion(key)(value) for key, value in row.items()}
C:\Users\nicolas\Documents\GitHub\courtside-data\courtside_data\output\field_types.py:405: UserWarning: Failed to coerce '24.7' via int, leaving as string
  return {key: get_coercion(key)(value) for key, value in row.items()}
C:\Users\nicolas\Documents\GitHub\courtside-data\courtside_data\output\field_types.py:405: UserWarning: Failed to coerce '128.8' via int, leaving as string
  return {key: get_coercion(key)(value) for key, value in row.items()}
C:\Users\nicolas\Documents\GitHub\courtside-data\courtside_data\output\field_types.py:405: UserWarning: Failed to coerce '21.0' via int, leaving as string
  return {key: get_coercion(key)(value) for key, value in row.items()}
C:\Users\nicolas\Documents\GitHub\courtside-data\courtside_data\output\field_types.py:405: UserWarning: Failed to coerce '1.8' via int, leaving as string
  return {key: get_coercion(key)(value) for key, value in row.items()}
C:\Users\nicolas\Documents\GitHub\courtside-data\courtside_data\output\field_types.py:405: UserWarning: Failed to coerce '117.7' via int, leaving as string
  return {key: get_coercion(key)(value) for key, value in row.items()}
C:\Users\nicolas\Documents\GitHub\courtside-data\courtside_data\output\field_types.py:405: UserWarning: Failed to coerce '100.7' via int, leaving as string
  return {key: get_coercion(key)(value) for key, value in row.items()}
C:\Users\nicolas\Documents\GitHub\courtside-data\courtside_data\output\field_types.py:405: UserWarning: Failed to coerce '10.7' via int, leaving as string
  return {key: get_coercion(key)(value) for key, value in row.items()}
C:\Users\nicolas\Documents\GitHub\courtside-data\courtside_data\output\field_types.py:405: UserWarning: Failed to coerce '5.6' via int, leaving as string
  return {key: get_coercion(key)(value) for key, value in row.items()}
C:\Users\nicolas\Documents\GitHub\courtside-data\courtside_data\output\field_types.py:405: UserWarning: Failed to coerce '-3.3' via int, leaving as string
  return {key: get_coercion(key)(value) for key, value in row.items()}
C:\Users\nicolas\Documents\GitHub\courtside-data\courtside_data\output\field_types.py:405: UserWarning: Failed to coerce '107.8' via int, leaving as string
  return {key: get_coercion(key)(value) for key, value in row.items()}
C:\Users\nicolas\Documents\GitHub\courtside-data\courtside_data\output\field_types.py:405: UserWarning: Failed to coerce '112.8' via int, leaving as string
  return {key: get_coercion(key)(value) for key, value in row.items()}
C:\Users\nicolas\Documents\GitHub\courtside-data\courtside_data\output\field_types.py:405: UserWarning: Failed to coerce '26.1' via int, leaving as string
  return {key: get_coercion(key)(value) for key, value in row.items()}
C:\Users\nicolas\Documents\GitHub\courtside-data\courtside_data\output\field_types.py:405: UserWarning: Failed to coerce '24.8' via int, leaving as string
  return {key: get_coercion(key)(value) for key, value in row.items()}
C:\Users\nicolas\Documents\GitHub\courtside-data\courtside_data\output\field_types.py:405: UserWarning: Failed to coerce '113.1' via int, leaving as string
  return {key: get_coercion(key)(value) for key, value in row.items()}
C:\Users\nicolas\Documents\GitHub\courtside-data\courtside_data\output\field_types.py:405: UserWarning: Failed to coerce '-1.9' via int, leaving as string
  return {key: get_coercion(key)(value) for key, value in row.items()}
C:\Users\nicolas\Documents\GitHub\courtside-data\courtside_data\output\field_types.py:405: UserWarning: Failed to coerce '2.9' via int, leaving as string
  return {key: get_coercion(key)(value) for key, value in row.items()}
C:\Users\nicolas\Documents\GitHub\courtside-data\courtside_data\output\field_types.py:405: UserWarning: Failed to coerce '19.8' via int, leaving as string
  return {key: get_coercion(key)(value) for key, value in row.items()}
C:\Users\nicolas\Documents\GitHub\courtside-data\courtside_data\output\field_types.py:405: UserWarning: Failed to coerce '2.3' via int, leaving as string
  return {key: get_coercion(key)(value) for key, value in row.items()}
C:\Users\nicolas\Documents\GitHub\courtside-data\courtside_data\output\field_types.py:405: UserWarning: Failed to coerce '123.0' via int, leaving as string
  return {key: get_coercion(key)(value) for key, value in row.items()}
C:\Users\nicolas\Documents\GitHub\courtside-data\courtside_data\output\field_types.py:405: UserWarning: Failed to coerce '26.6' via int, leaving as string
  return {key: get_coercion(key)(value) for key, value in row.items()}
C:\Users\nicolas\Documents\GitHub\courtside-data\courtside_data\output\field_types.py:405: UserWarning: Failed to coerce '108.8' via int, leaving as string
  return {key: get_coercion(key)(value) for key, value in row.items()}
C:\Users\nicolas\Documents\GitHub\courtside-data\courtside_data\output\field_types.py:405: UserWarning: Failed to coerce '14.2' via int, leaving as string
  return {key: get_coercion(key)(value) for key, value in row.items()}
C:\Users\nicolas\Documents\GitHub\courtside-data\courtside_data\output\field_types.py:405: UserWarning: Failed to coerce '-0.4' via int, leaving as string
  return {key: get_coercion(key)(value) for key, value in row.items()}
C:\Users\nicolas\Documents\GitHub\courtside-data\courtside_data\output\field_types.py:405: UserWarning: Failed to coerce '110.2' via int, leaving as string
  return {key: get_coercion(key)(value) for key, value in row.items()}
C:\Users\nicolas\Documents\GitHub\courtside-data\courtside_data\output\field_types.py:405: UserWarning: Failed to coerce '103.5' via int, leaving as string
  return {key: get_coercion(key)(value) for key, value in row.items()}
C:\Users\nicolas\Documents\GitHub\courtside-data\courtside_data\output\field_types.py:405: UserWarning: Failed to coerce '120.7' via int, leaving as string
  return {key: get_coercion(key)(value) for key, value in row.items()}
C:\Users\nicolas\Documents\GitHub\courtside-data\courtside_data\output\field_types.py:405: UserWarning: Failed to coerce '26.3' via int, leaving as string
  return {key: get_coercion(key)(value) for key, value in row.items()}
C:\Users\nicolas\Documents\GitHub\courtside-data\courtside_data\output\field_types.py:405: UserWarning: Failed to coerce '109.7' via int, leaving as string
  return {key: get_coercion(key)(value) for key, value in row.items()}
C:\Users\nicolas\Documents\GitHub\courtside-data\courtside_data\output\field_types.py:405: UserWarning: Failed to coerce '-0.6' via int, leaving as string
  return {key: get_coercion(key)(value) for key, value in row.items()}
C:\Users\nicolas\Documents\GitHub\courtside-data\courtside_data\output\field_types.py:405: UserWarning: Failed to coerce '115.2' via int, leaving as string
  return {key: get_coercion(key)(value) for key, value in row.items()}
C:\Users\nicolas\Documents\GitHub\courtside-data\courtside_data\output\field_types.py:405: UserWarning: Failed to coerce '4.6' via int, leaving as string
  return {key: get_coercion(key)(value) for key, value in row.items()}
C:\Users\nicolas\Documents\GitHub\courtside-data\courtside_data\output\field_types.py:405: UserWarning: Failed to coerce '106.0' via int, leaving as string
  return {key: get_coercion(key)(value) for key, value in row.items()}
C:\Users\nicolas\Documents\GitHub\courtside-data\courtside_data\output\field_types.py:405: UserWarning: Failed to coerce '97.5' via int, leaving as string
  return {key: get_coercion(key)(value) for key, value in row.items()}
C:\Users\nicolas\Documents\GitHub\courtside-data\courtside_data\output\field_types.py:405: UserWarning: Failed to coerce '109.4' via int, leaving as string
  return {key: get_coercion(key)(value) for key, value in row.items()}
C:\Users\nicolas\Documents\GitHub\courtside-data\courtside_data\output\field_types.py:405: UserWarning: Failed to coerce '24.4' via int, leaving as string
  return {key: get_coercion(key)(value) for key, value in row.items()}
C:\Users\nicolas\Documents\GitHub\courtside-data\courtside_data\output\field_types.py:405: UserWarning: Failed to coerce '102.3' via int, leaving as string
  return {key: get_coercion(key)(value) for key, value in row.items()}
C:\Users\nicolas\Documents\GitHub\courtside-data\courtside_data\output\field_types.py:405: UserWarning: Failed to coerce '22.9' via int, leaving as string
  return {key: get_coercion(key)(value) for key, value in row.items()}
C:\Users\nicolas\Documents\GitHub\courtside-data\courtside_data\output\field_types.py:405: UserWarning: Failed to coerce '7.1' via int, leaving as string
  return {key: get_coercion(key)(value) for key, value in row.items()}
C:\Users\nicolas\Documents\GitHub\courtside-data\courtside_data\output\field_types.py:405: UserWarning: Failed to coerce '9.3' via int, leaving as string
  return {key: get_coercion(key)(value) for key, value in row.items()}
C:\Users\nicolas\Documents\GitHub\courtside-data\courtside_data\output\field_types.py:405: UserWarning: Failed to coerce '121.3' via int, leaving as string
  return {key: get_coercion(key)(value) for key, value in row.items()}
C:\Users\nicolas\Documents\GitHub\courtside-data\courtside_data\output\field_types.py:405: UserWarning: Failed to coerce '110.7' via int, leaving as string
  return {key: get_coercion(key)(value) for key, value in row.items()}
C:\Users\nicolas\Documents\GitHub\courtside-data\courtside_data\output\field_types.py:405: UserWarning: Failed to coerce '20.7' via int, leaving as string
  return {key: get_coercion(key)(value) for key, value in row.items()}
C:\Users\nicolas\Documents\GitHub\courtside-data\courtside_data\output\field_types.py:405: UserWarning: Failed to coerce '10.6' via int, leaving as string
  return {key: get_coercion(key)(value) for key, value in row.items()}
C:\Users\nicolas\Documents\GitHub\courtside-data\courtside_data\output\field_types.py:405: UserWarning: Failed to coerce '-5.7' via int, leaving as string
  return {key: get_coercion(key)(value) for key, value in row.items()}
C:\Users\nicolas\Documents\GitHub\courtside-data\courtside_data\output\field_types.py:405: UserWarning: Failed to coerce '11.2' via int, leaving as string
  return {key: get_coercion(key)(value) for key, value in row.items()}
C:\Users\nicolas\Documents\GitHub\courtside-data\courtside_data\output\field_types.py:405: UserWarning: Failed to coerce '-3.7' via int, leaving as string
  return {key: get_coercion(key)(value) for key, value in row.items()}
C:\Users\nicolas\Documents\GitHub\courtside-data\courtside_data\output\field_types.py:405: UserWarning: Failed to coerce '118.8' via int, leaving as string
  return {key: get_coercion(key)(value) for key, value in row.items()}
C:\Users\nicolas\Documents\GitHub\courtside-data\courtside_data\output\field_types.py:405: UserWarning: Failed to coerce '-0.2' via int, leaving as string
  return {key: get_coercion(key)(value) for key, value in row.items()}
C:\Users\nicolas\Documents\GitHub\courtside-data\courtside_data\output\field_types.py:405: UserWarning: Failed to coerce '14.8' via int, leaving as string
  return {key: get_coercion(key)(value) for key, value in row.items()}
C:\Users\nicolas\Documents\GitHub\courtside-data\courtside_data\output\field_types.py:405: UserWarning: Failed to coerce '121.4' via int, leaving as string
  return {key: get_coercion(key)(value) for key, value in row.items()}
C:\Users\nicolas\Documents\GitHub\courtside-data\courtside_data\output\field_types.py:405: UserWarning: Failed to coerce '113.2' via int, leaving as string
  return {key: get_coercion(key)(value) for key, value in row.items()}
C:\Users\nicolas\Documents\GitHub\courtside-data\courtside_data\output\field_types.py:405: UserWarning: Failed to coerce '17.6' via int, leaving as string
  return {key: get_coercion(key)(value) for key, value in row.items()}
C:\Users\nicolas\Documents\GitHub\courtside-data\courtside_data\output\field_types.py:405: UserWarning: Failed to coerce '8.2' via int, leaving as string
  return {key: get_coercion(key)(value) for key, value in row.items()}
C:\Users\nicolas\Documents\GitHub\courtside-data\courtside_data\output\field_types.py:405: UserWarning: Failed to coerce '-4.4' via int, leaving as string
  return {key: get_coercion(key)(value) for key, value in row.items()}
C:\Users\nicolas\Documents\GitHub\courtside-data\courtside_data\output\field_types.py:405: UserWarning: Failed to coerce '-18.3' via int, leaving as string
  return {key: get_coercion(key)(value) for key, value in row.items()}
C:\Users\nicolas\Documents\GitHub\courtside-data\courtside_data\output\field_types.py:405: UserWarning: Failed to coerce '-0.7' via int, leaving as string
  return {key: get_coercion(key)(value) for key, value in row.items()}
C:\Users\nicolas\Documents\GitHub\courtside-data\courtside_data\output\field_types.py:405: UserWarning: Failed to coerce '0.6' via int, leaving as string
  return {key: get_coercion(key)(value) for key, value in row.items()}
C:\Users\nicolas\Documents\GitHub\courtside-data\courtside_data\output\field_types.py:405: UserWarning: Failed to coerce '114.3' via int, leaving as string
  return {key: get_coercion(key)(value) for key, value in row.items()}
C:\Users\nicolas\Documents\GitHub\courtside-data\courtside_data\output\field_types.py:405: UserWarning: Failed to coerce '29.7' via int, leaving as string
  return {key: get_coercion(key)(value) for key, value in row.items()}
C:\Users\nicolas\Documents\GitHub\courtside-data\courtside_data\output\field_types.py:405: UserWarning: Failed to coerce '21.3' via int, leaving as string
  return {key: get_coercion(key)(value) for key, value in row.items()}
C:\Users\nicolas\Documents\GitHub\courtside-data\courtside_data\output\field_types.py:405: UserWarning: Failed to coerce '7.4' via int, leaving as string
  return {key: get_coercion(key)(value) for key, value in row.items()}
C:\Users\nicolas\Documents\GitHub\courtside-data\courtside_data\output\field_types.py:405: UserWarning: Failed to coerce '115.3' via int, leaving as string
  return {key: get_coercion(key)(value) for key, value in row.items()}
C:\Users\nicolas\Documents\GitHub\courtside-data\courtside_data\output\field_types.py:405: UserWarning: Failed to coerce '106.8' via int, leaving as string
  return {key: get_coercion(key)(value) for key, value in row.items()}
C:\Users\nicolas\Documents\GitHub\courtside-data\courtside_data\output\field_types.py:405: UserWarning: Failed to coerce '18.2' via int, leaving as string
  return {key: get_coercion(key)(value) for key, value in row.items()}
C:\Users\nicolas\Documents\GitHub\courtside-data\courtside_data\output\field_types.py:405: UserWarning: Failed to coerce '115.8' via int, leaving as string
  return {key: get_coercion(key)(value) for key, value in row.items()}
C:\Users\nicolas\Documents\GitHub\courtside-data\courtside_data\output\field_types.py:405: UserWarning: Failed to coerce '15.7' via int, leaving as string
  return {key: get_coercion(key)(value) for key, value in row.items()}
C:\Users\nicolas\Documents\GitHub\courtside-data\courtside_data\output\field_types.py:405: UserWarning: Failed to coerce '-2.4' via int, leaving as string
  return {key: get_coercion(key)(value) for key, value in row.items()}
C:\Users\nicolas\Documents\GitHub\courtside-data\courtside_data\output\field_types.py:405: UserWarning: Failed to coerce '-2.7' via int, leaving as string
  return {key: get_coercion(key)(value) for key, value in row.items()}
C:\Users\nicolas\Documents\GitHub\courtside-data\courtside_data\output\field_types.py:405: UserWarning: Failed to coerce '119.5' via int, leaving as string
  return {key: get_coercion(key)(value) for key, value in row.items()}
C:\Users\nicolas\Documents\GitHub\courtside-data\courtside_data\output\field_types.py:405: UserWarning: Failed to coerce '111.0' via int, leaving as string
  return {key: get_coercion(key)(value) for key, value in row.items()}
C:\Users\nicolas\Documents\GitHub\courtside-data\courtside_data\output\field_types.py:405: UserWarning: Failed to coerce '116.3' via int, leaving as string
  return {key: get_coercion(key)(value) for key, value in row.items()}
C:\Users\nicolas\Documents\GitHub\courtside-data\courtside_data\output\field_types.py:405: UserWarning: Failed to coerce '11.3' via int, leaving as string
  return {key: get_coercion(key)(value) for key, value in row.items()}
C:\Users\nicolas\Documents\GitHub\courtside-data\courtside_data\output\field_types.py:405: UserWarning: Failed to coerce '9.7' via int, leaving as string
  return {key: get_coercion(key)(value) for key, value in row.items()}
C:\Users\nicolas\Documents\GitHub\courtside-data\courtside_data\output\field_types.py:405: UserWarning: Failed to coerce '12.6' via int, leaving as string
  return {key: get_coercion(key)(value) for key, value in row.items()}
C:\Users\nicolas\Documents\GitHub\courtside-data\courtside_data\output\field_types.py:405: UserWarning: Failed to coerce '110.8' via int, leaving as string
  return {key: get_coercion(key)(value) for key, value in row.items()}
C:\Users\nicolas\Documents\GitHub\courtside-data\courtside_data\output\field_types.py:405: UserWarning: Failed to coerce '22.2' via int, leaving as string
  return {key: get_coercion(key)(value) for key, value in row.items()}
C:\Users\nicolas\Documents\GitHub\courtside-data\courtside_data\output\field_types.py:405: UserWarning: Failed to coerce '99.5' via int, leaving as string
  return {key: get_coercion(key)(value) for key, value in row.items()}
C:\Users\nicolas\Documents\GitHub\courtside-data\courtside_data\output\field_types.py:405: UserWarning: Failed to coerce '114.0' via int, leaving as string
  return {key: get_coercion(key)(value) for key, value in row.items()}
C:\Users\nicolas\Documents\GitHub\courtside-data\courtside_data\output\field_types.py:405: UserWarning: Failed to coerce '112.2' via int, leaving as string
  return {key: get_coercion(key)(value) for key, value in row.items()}
C:\Users\nicolas\Documents\GitHub\courtside-data\courtside_data\output\field_types.py:405: UserWarning: Failed to coerce '102.7' via int, leaving as string
  return {key: get_coercion(key)(value) for key, value in row.items()}
C:\Users\nicolas\Documents\GitHub\courtside-data\courtside_data\output\field_types.py:405: UserWarning: Failed to coerce '103.6' via int, leaving as string
  return {key: get_coercion(key)(value) for key, value in row.items()}
C:\Users\nicolas\Documents\GitHub\courtside-data\courtside_data\output\field_types.py:405: UserWarning: Failed to coerce '103.2' via int, leaving as string
  return {key: get_coercion(key)(value) for key, value in row.items()}
C:\Users\nicolas\Documents\GitHub\courtside-data\courtside_data\output\field_types.py:405: UserWarning: Failed to coerce '13.4' via int, leaving as string
  return {key: get_coercion(key)(value) for key, value in row.items()}
C:\Users\nicolas\Documents\GitHub\courtside-data\courtside_data\output\field_types.py:405: UserWarning: Failed to coerce '103.3' via int, leaving as string
  return {key: get_coercion(key)(value) for key, value in row.items()}
C:\Users\nicolas\Documents\GitHub\courtside-data\courtside_data\output\field_types.py:405: UserWarning: Failed to coerce '141.0' via int, leaving as string
  return {key: get_coercion(key)(value) for key, value in row.items()}
C:\Users\nicolas\Documents\GitHub\courtside-data\courtside_data\output\field_types.py:405: UserWarning: Failed to coerce '-24.0' via int, leaving as string
  return {key: get_coercion(key)(value) for key, value in row.items()}
C:\Users\nicolas\Documents\GitHub\courtside-data\courtside_data\output\field_types.py:405: UserWarning: Failed to coerce '110.5' via int, leaving as string
  return {key: get_coercion(key)(value) for key, value in row.items()}
[244/341] team_referees ... ERROR other ValueError  (6.7s)
[245/341] season_awards_aba_mvp ... OK  (rows=0, 6.3s)
[246/341] season_awards_aba_roy ... OK  (rows=0, 6.5s)
[247/341] season_awards_clutch_poy ... ERROR other ValueError  (6.4s)
C:\Users\nicolas\Documents\GitHub\courtside-data\courtside_data\output\field_types.py:405: UserWarning: Failed to coerce '8T' via int, leaving as string
  return {key: get_coercion(key)(value) for key, value in row.items()}
[248/341] season_awards_coy ... ERROR other ValueError  (6.9s)
[249/341] season_awards_dpoy ... ERROR other ValueError  (6.5s)
[250/341] season_awards_leading_all_defense ... OK  (rows=34, 6.7s)
[251/341] season_awards_leading_all_nba ... OK  (rows=33, 6.7s)
[252/341] season_awards_leading_all_rookie ... OK  (rows=25, 6.7s)
C:\Users\nicolas\Documents\GitHub\courtside-data\courtside_data\output\field_types.py:405: UserWarning: Failed to coerce '11T' via int, leaving as string
  return {key: get_coercion(key)(value) for key, value in row.items()}
C:\Users\nicolas\Documents\GitHub\courtside-data\courtside_data\output\field_types.py:405: UserWarning: Failed to coerce '14T' via int, leaving as string
  return {key: get_coercion(key)(value) for key, value in row.items()}
C:\Users\nicolas\Documents\GitHub\courtside-data\courtside_data\output\field_types.py:405: UserWarning: Failed to coerce '16T' via int, leaving as string
  return {key: get_coercion(key)(value) for key, value in row.items()}
[253/341] season_awards_mip ... ERROR other ValueError  (6.6s)
[254/341] season_awards_nba_roy ... OK  (rows=0, 6.9s)
[255/341] season_awards_roy ... ERROR other ValueError  (6.0s)
C:\Users\nicolas\Documents\GitHub\courtside-data\courtside_data\output\field_types.py:405: UserWarning: Failed to coerce '7T' via int, leaving as string
  return {key: get_coercion(key)(value) for key, value in row.items()}
[256/341] season_awards_smoy ... ERROR other ValueError  (6.1s)
[257/341] team_contracts_payroll_notes ... OK  (rows=19, 6.6s)
[258/341] career_leaders_leaders_combined ... OK  (rows=25, 7.0s)
[259/341] career_leaders_leaders_finals ... OK  (rows=24, 6.3s)
[260/341] career_leaders_leaders_index_p ... OK  (rows=96, 6.7s)
[261/341] career_leaders_leaders_others ... OK  (rows=7, 6.2s)
[262/341] season_leaders_stats_aba ... ERROR other ValueError  (6.2s)
[263/341] season_leaders_stats_nba ... ERROR other ValueError  (6.7s)
[264/341] attendance_all_awards ... OK  (rows=6, 6.5s)
[265/341] attendance_all_playoffs ... OK  (rows=112, 6.6s)
[266/341] attendance_confs_standings_e ... ERROR other ValueError  (6.9s)
[267/341] attendance_confs_standings_w ... ERROR other ValueError  (6.1s)
C:\Users\nicolas\Documents\GitHub\courtside-data\courtside_data\output\field_types.py:405: UserWarning: Failed to coerce '241.5' via int, leaving as string
  return {key: get_coercion(key)(value) for key, value in row.items()}
C:\Users\nicolas\Documents\GitHub\courtside-data\courtside_data\output\field_types.py:405: UserWarning: Failed to coerce '11.4' via int, leaving as string
  return {key: get_coercion(key)(value) for key, value in row.items()}
C:\Users\nicolas\Documents\GitHub\courtside-data\courtside_data\output\field_types.py:405: UserWarning: Failed to coerce '32.3' via int, leaving as string
  return {key: get_coercion(key)(value) for key, value in row.items()}
C:\Users\nicolas\Documents\GitHub\courtside-data\courtside_data\output\field_types.py:405: UserWarning: Failed to coerce '27.6' via int, leaving as string
  return {key: get_coercion(key)(value) for key, value in row.items()}
C:\Users\nicolas\Documents\GitHub\courtside-data\courtside_data\output\field_types.py:405: UserWarning: Failed to coerce '17.1' via int, leaving as string
  return {key: get_coercion(key)(value) for key, value in row.items()}
C:\Users\nicolas\Documents\GitHub\courtside-data\courtside_data\output\field_types.py:405: UserWarning: Failed to coerce '10.3' via int, leaving as string
  return {key: get_coercion(key)(value) for key, value in row.items()}
C:\Users\nicolas\Documents\GitHub\courtside-data\courtside_data\output\field_types.py:405: UserWarning: Failed to coerce '31.2' via int, leaving as string
  return {key: get_coercion(key)(value) for key, value in row.items()}
C:\Users\nicolas\Documents\GitHub\courtside-data\courtside_data\output\field_types.py:405: UserWarning: Failed to coerce '41.4' via int, leaving as string
  return {key: get_coercion(key)(value) for key, value in row.items()}
C:\Users\nicolas\Documents\GitHub\courtside-data\courtside_data\output\field_types.py:405: UserWarning: Failed to coerce '19.9' via int, leaving as string
  return {key: get_coercion(key)(value) for key, value in row.items()}
C:\Users\nicolas\Documents\GitHub\courtside-data\courtside_data\output\field_types.py:405: UserWarning: Failed to coerce '240.6' via int, leaving as string
  return {key: get_coercion(key)(value) for key, value in row.items()}
C:\Users\nicolas\Documents\GitHub\courtside-data\courtside_data\output\field_types.py:405: UserWarning: Failed to coerce '40.3' via int, leaving as string
  return {key: get_coercion(key)(value) for key, value in row.items()}
C:\Users\nicolas\Documents\GitHub\courtside-data\courtside_data\output\field_types.py:405: UserWarning: Failed to coerce '85.7' via int, leaving as string
  return {key: get_coercion(key)(value) for key, value in row.items()}
C:\Users\nicolas\Documents\GitHub\courtside-data\courtside_data\output\field_types.py:405: UserWarning: Failed to coerce '34.3' via int, leaving as string
  return {key: get_coercion(key)(value) for key, value in row.items()}
C:\Users\nicolas\Documents\GitHub\courtside-data\courtside_data\output\field_types.py:405: UserWarning: Failed to coerce '27.8' via int, leaving as string
  return {key: get_coercion(key)(value) for key, value in row.items()}
C:\Users\nicolas\Documents\GitHub\courtside-data\courtside_data\output\field_types.py:405: UserWarning: Failed to coerce '51.4' via int, leaving as string
  return {key: get_coercion(key)(value) for key, value in row.items()}
C:\Users\nicolas\Documents\GitHub\courtside-data\courtside_data\output\field_types.py:405: UserWarning: Failed to coerce '15.1' via int, leaving as string
  return {key: get_coercion(key)(value) for key, value in row.items()}
C:\Users\nicolas\Documents\GitHub\courtside-data\courtside_data\output\field_types.py:405: UserWarning: Failed to coerce '10.2' via int, leaving as string
  return {key: get_coercion(key)(value) for key, value in row.items()}
C:\Users\nicolas\Documents\GitHub\courtside-data\courtside_data\output\field_types.py:405: UserWarning: Failed to coerce '30.4' via int, leaving as string
  return {key: get_coercion(key)(value) for key, value in row.items()}
C:\Users\nicolas\Documents\GitHub\courtside-data\courtside_data\output\field_types.py:405: UserWarning: Failed to coerce '40.6' via int, leaving as string
  return {key: get_coercion(key)(value) for key, value in row.items()}
C:\Users\nicolas\Documents\GitHub\courtside-data\courtside_data\output\field_types.py:405: UserWarning: Failed to coerce '25.6' via int, leaving as string
  return {key: get_coercion(key)(value) for key, value in row.items()}
C:\Users\nicolas\Documents\GitHub\courtside-data\courtside_data\output\field_types.py:405: UserWarning: Failed to coerce '5.3' via int, leaving as string
  return {key: get_coercion(key)(value) for key, value in row.items()}
C:\Users\nicolas\Documents\GitHub\courtside-data\courtside_data\output\field_types.py:405: UserWarning: Failed to coerce '13.2' via int, leaving as string
  return {key: get_coercion(key)(value) for key, value in row.items()}
C:\Users\nicolas\Documents\GitHub\courtside-data\courtside_data\output\field_types.py:405: UserWarning: Failed to coerce '19.1' via int, leaving as string
  return {key: get_coercion(key)(value) for key, value in row.items()}
C:\Users\nicolas\Documents\GitHub\courtside-data\courtside_data\output\field_types.py:405: UserWarning: Failed to coerce '108.2' via int, leaving as string
  return {key: get_coercion(key)(value) for key, value in row.items()}
C:\Users\nicolas\Documents\GitHub\courtside-data\courtside_data\output\field_types.py:405: UserWarning: Failed to coerce '241.2' via int, leaving as string
  return {key: get_coercion(key)(value) for key, value in row.items()}
C:\Users\nicolas\Documents\GitHub\courtside-data\courtside_data\output\field_types.py:405: UserWarning: Failed to coerce '39.8' via int, leaving as string
  return {key: get_coercion(key)(value) for key, value in row.items()}
C:\Users\nicolas\Documents\GitHub\courtside-data\courtside_data\output\field_types.py:405: UserWarning: Failed to coerce '28.3' via int, leaving as string
  return {key: get_coercion(key)(value) for key, value in row.items()}
C:\Users\nicolas\Documents\GitHub\courtside-data\courtside_data\output\field_types.py:405: UserWarning: Failed to coerce '8.9' via int, leaving as string
  return {key: get_coercion(key)(value) for key, value in row.items()}
C:\Users\nicolas\Documents\GitHub\courtside-data\courtside_data\output\field_types.py:405: UserWarning: Failed to coerce '30.9' via int, leaving as string
  return {key: get_coercion(key)(value) for key, value in row.items()}
C:\Users\nicolas\Documents\GitHub\courtside-data\courtside_data\output\field_types.py:405: UserWarning: Failed to coerce '39.9' via int, leaving as string
  return {key: get_coercion(key)(value) for key, value in row.items()}
C:\Users\nicolas\Documents\GitHub\courtside-data\courtside_data\output\field_types.py:405: UserWarning: Failed to coerce '23.9' via int, leaving as string
  return {key: get_coercion(key)(value) for key, value in row.items()}
C:\Users\nicolas\Documents\GitHub\courtside-data\courtside_data\output\field_types.py:405: UserWarning: Failed to coerce '8.1' via int, leaving as string
  return {key: get_coercion(key)(value) for key, value in row.items()}
C:\Users\nicolas\Documents\GitHub\courtside-data\courtside_data\output\field_types.py:405: UserWarning: Failed to coerce '20.9' via int, leaving as string
  return {key: get_coercion(key)(value) for key, value in row.items()}
C:\Users\nicolas\Documents\GitHub\courtside-data\courtside_data\output\field_types.py:405: UserWarning: Failed to coerce '108.4' via int, leaving as string
  return {key: get_coercion(key)(value) for key, value in row.items()}
C:\Users\nicolas\Documents\GitHub\courtside-data\courtside_data\output\field_types.py:405: UserWarning: Failed to coerce '240.9' via int, leaving as string
  return {key: get_coercion(key)(value) for key, value in row.items()}
C:\Users\nicolas\Documents\GitHub\courtside-data\courtside_data\output\field_types.py:405: UserWarning: Failed to coerce '40.2' via int, leaving as string
  return {key: get_coercion(key)(value) for key, value in row.items()}
C:\Users\nicolas\Documents\GitHub\courtside-data\courtside_data\output\field_types.py:405: UserWarning: Failed to coerce '86.0' via int, leaving as string
  return {key: get_coercion(key)(value) for key, value in row.items()}
C:\Users\nicolas\Documents\GitHub\courtside-data\courtside_data\output\field_types.py:405: UserWarning: Failed to coerce '36.8' via int, leaving as string
  return {key: get_coercion(key)(value) for key, value in row.items()}
C:\Users\nicolas\Documents\GitHub\courtside-data\courtside_data\output\field_types.py:405: UserWarning: Failed to coerce '27.2' via int, leaving as string
  return {key: get_coercion(key)(value) for key, value in row.items()}
C:\Users\nicolas\Documents\GitHub\courtside-data\courtside_data\output\field_types.py:405: UserWarning: Failed to coerce '9.2' via int, leaving as string
  return {key: get_coercion(key)(value) for key, value in row.items()}
C:\Users\nicolas\Documents\GitHub\courtside-data\courtside_data\output\field_types.py:405: UserWarning: Failed to coerce '33.5' via int, leaving as string
  return {key: get_coercion(key)(value) for key, value in row.items()}
C:\Users\nicolas\Documents\GitHub\courtside-data\courtside_data\output\field_types.py:405: UserWarning: Failed to coerce '42.8' via int, leaving as string
  return {key: get_coercion(key)(value) for key, value in row.items()}
C:\Users\nicolas\Documents\GitHub\courtside-data\courtside_data\output\field_types.py:405: UserWarning: Failed to coerce '6.6' via int, leaving as string
  return {key: get_coercion(key)(value) for key, value in row.items()}
C:\Users\nicolas\Documents\GitHub\courtside-data\courtside_data\output\field_types.py:405: UserWarning: Failed to coerce '4.7' via int, leaving as string
  return {key: get_coercion(key)(value) for key, value in row.items()}
C:\Users\nicolas\Documents\GitHub\courtside-data\courtside_data\output\field_types.py:405: UserWarning: Failed to coerce '13.7' via int, leaving as string
  return {key: get_coercion(key)(value) for key, value in row.items()}
C:\Users\nicolas\Documents\GitHub\courtside-data\courtside_data\output\field_types.py:405: UserWarning: Failed to coerce '18.9' via int, leaving as string
  return {key: get_coercion(key)(value) for key, value in row.items()}
C:\Users\nicolas\Documents\GitHub\courtside-data\courtside_data\output\field_types.py:405: UserWarning: Failed to coerce '241.8' via int, leaving as string
  return {key: get_coercion(key)(value) for key, value in row.items()}
C:\Users\nicolas\Documents\GitHub\courtside-data\courtside_data\output\field_types.py:405: UserWarning: Failed to coerce '91.6' via int, leaving as string
  return {key: get_coercion(key)(value) for key, value in row.items()}
C:\Users\nicolas\Documents\GitHub\courtside-data\courtside_data\output\field_types.py:405: UserWarning: Failed to coerce '12.9' via int, leaving as string
  return {key: get_coercion(key)(value) for key, value in row.items()}
C:\Users\nicolas\Documents\GitHub\courtside-data\courtside_data\output\field_types.py:405: UserWarning: Failed to coerce '36.7' via int, leaving as string
  return {key: get_coercion(key)(value) for key, value in row.items()}
C:\Users\nicolas\Documents\GitHub\courtside-data\courtside_data\output\field_types.py:405: UserWarning: Failed to coerce '28.6' via int, leaving as string
  return {key: get_coercion(key)(value) for key, value in row.items()}
C:\Users\nicolas\Documents\GitHub\courtside-data\courtside_data\output\field_types.py:405: UserWarning: Failed to coerce '55.0' via int, leaving as string
  return {key: get_coercion(key)(value) for key, value in row.items()}
C:\Users\nicolas\Documents\GitHub\courtside-data\courtside_data\output\field_types.py:405: UserWarning: Failed to coerce '13.3' via int, leaving as string
  return {key: get_coercion(key)(value) for key, value in row.items()}
C:\Users\nicolas\Documents\GitHub\courtside-data\courtside_data\output\field_types.py:405: UserWarning: Failed to coerce '11.1' via int, leaving as string
  return {key: get_coercion(key)(value) for key, value in row.items()}
C:\Users\nicolas\Documents\GitHub\courtside-data\courtside_data\output\field_types.py:405: UserWarning: Failed to coerce '43.3' via int, leaving as string
  return {key: get_coercion(key)(value) for key, value in row.items()}
C:\Users\nicolas\Documents\GitHub\courtside-data\courtside_data\output\field_types.py:405: UserWarning: Failed to coerce '24.9' via int, leaving as string
  return {key: get_coercion(key)(value) for key, value in row.items()}
C:\Users\nicolas\Documents\GitHub\courtside-data\courtside_data\output\field_types.py:405: UserWarning: Failed to coerce '6.2' via int, leaving as string
  return {key: get_coercion(key)(value) for key, value in row.items()}
C:\Users\nicolas\Documents\GitHub\courtside-data\courtside_data\output\field_types.py:405: UserWarning: Failed to coerce '109.2' via int, leaving as string
  return {key: get_coercion(key)(value) for key, value in row.items()}
C:\Users\nicolas\Documents\GitHub\courtside-data\courtside_data\output\field_types.py:405: UserWarning: Failed to coerce '240.3' via int, leaving as string
  return {key: get_coercion(key)(value) for key, value in row.items()}
C:\Users\nicolas\Documents\GitHub\courtside-data\courtside_data\output\field_types.py:405: UserWarning: Failed to coerce '87.9' via int, leaving as string
  return {key: get_coercion(key)(value) for key, value in row.items()}
C:\Users\nicolas\Documents\GitHub\courtside-data\courtside_data\output\field_types.py:405: UserWarning: Failed to coerce '29.4' via int, leaving as string
  return {key: get_coercion(key)(value) for key, value in row.items()}
C:\Users\nicolas\Documents\GitHub\courtside-data\courtside_data\output\field_types.py:405: UserWarning: Failed to coerce '56.4' via int, leaving as string
  return {key: get_coercion(key)(value) for key, value in row.items()}
C:\Users\nicolas\Documents\GitHub\courtside-data\courtside_data\output\field_types.py:405: UserWarning: Failed to coerce '10.9' via int, leaving as string
  return {key: get_coercion(key)(value) for key, value in row.items()}
C:\Users\nicolas\Documents\GitHub\courtside-data\courtside_data\output\field_types.py:405: UserWarning: Failed to coerce '31.4' via int, leaving as string
  return {key: get_coercion(key)(value) for key, value in row.items()}
C:\Users\nicolas\Documents\GitHub\courtside-data\courtside_data\output\field_types.py:405: UserWarning: Failed to coerce '42.3' via int, leaving as string
  return {key: get_coercion(key)(value) for key, value in row.items()}
C:\Users\nicolas\Documents\GitHub\courtside-data\courtside_data\output\field_types.py:405: UserWarning: Failed to coerce '4.8' via int, leaving as string
  return {key: get_coercion(key)(value) for key, value in row.items()}
C:\Users\nicolas\Documents\GitHub\courtside-data\courtside_data\output\field_types.py:405: UserWarning: Failed to coerce '12.4' via int, leaving as string
  return {key: get_coercion(key)(value) for key, value in row.items()}
C:\Users\nicolas\Documents\GitHub\courtside-data\courtside_data\output\field_types.py:405: UserWarning: Failed to coerce '17.9' via int, leaving as string
  return {key: get_coercion(key)(value) for key, value in row.items()}
C:\Users\nicolas\Documents\GitHub\courtside-data\courtside_data\output\field_types.py:405: UserWarning: Failed to coerce '109.6' via int, leaving as string
  return {key: get_coercion(key)(value) for key, value in row.items()}
C:\Users\nicolas\Documents\GitHub\courtside-data\courtside_data\output\field_types.py:405: UserWarning: Failed to coerce '53.7' via int, leaving as string
  return {key: get_coercion(key)(value) for key, value in row.items()}
C:\Users\nicolas\Documents\GitHub\courtside-data\courtside_data\output\field_types.py:405: UserWarning: Failed to coerce '16.6' via int, leaving as string
  return {key: get_coercion(key)(value) for key, value in row.items()}
C:\Users\nicolas\Documents\GitHub\courtside-data\courtside_data\output\field_types.py:405: UserWarning: Failed to coerce '32.6' via int, leaving as string
  return {key: get_coercion(key)(value) for key, value in row.items()}
C:\Users\nicolas\Documents\GitHub\courtside-data\courtside_data\output\field_types.py:405: UserWarning: Failed to coerce '42.7' via int, leaving as string
  return {key: get_coercion(key)(value) for key, value in row.items()}
C:\Users\nicolas\Documents\GitHub\courtside-data\courtside_data\output\field_types.py:405: UserWarning: Failed to coerce '25.3' via int, leaving as string
  return {key: get_coercion(key)(value) for key, value in row.items()}
C:\Users\nicolas\Documents\GitHub\courtside-data\courtside_data\output\field_types.py:405: UserWarning: Failed to coerce '7.7' via int, leaving as string
  return {key: get_coercion(key)(value) for key, value in row.items()}
C:\Users\nicolas\Documents\GitHub\courtside-data\courtside_data\output\field_types.py:405: UserWarning: Failed to coerce '87.3' via int, leaving as string
  return {key: get_coercion(key)(value) for key, value in row.items()}
C:\Users\nicolas\Documents\GitHub\courtside-data\courtside_data\output\field_types.py:405: UserWarning: Failed to coerce '38.7' via int, leaving as string
  return {key: get_coercion(key)(value) for key, value in row.items()}
C:\Users\nicolas\Documents\GitHub\courtside-data\courtside_data\output\field_types.py:405: UserWarning: Failed to coerce '26.9' via int, leaving as string
  return {key: get_coercion(key)(value) for key, value in row.items()}
C:\Users\nicolas\Documents\GitHub\courtside-data\courtside_data\output\field_types.py:405: UserWarning: Failed to coerce '10.1' via int, leaving as string
  return {key: get_coercion(key)(value) for key, value in row.items()}
C:\Users\nicolas\Documents\GitHub\courtside-data\courtside_data\output\field_types.py:405: UserWarning: Failed to coerce '32.2' via int, leaving as string
  return {key: get_coercion(key)(value) for key, value in row.items()}
C:\Users\nicolas\Documents\GitHub\courtside-data\courtside_data\output\field_types.py:405: UserWarning: Failed to coerce '5.2' via int, leaving as string
  return {key: get_coercion(key)(value) for key, value in row.items()}
C:\Users\nicolas\Documents\GitHub\courtside-data\courtside_data\output\field_types.py:405: UserWarning: Failed to coerce '18.4' via int, leaving as string
  return {key: get_coercion(key)(value) for key, value in row.items()}
C:\Users\nicolas\Documents\GitHub\courtside-data\courtside_data\output\field_types.py:405: UserWarning: Failed to coerce '86.6' via int, leaving as string
  return {key: get_coercion(key)(value) for key, value in row.items()}
C:\Users\nicolas\Documents\GitHub\courtside-data\courtside_data\output\field_types.py:405: UserWarning: Failed to coerce '11.9' via int, leaving as string
  return {key: get_coercion(key)(value) for key, value in row.items()}
C:\Users\nicolas\Documents\GitHub\courtside-data\courtside_data\output\field_types.py:405: UserWarning: Failed to coerce '33.7' via int, leaving as string
  return {key: get_coercion(key)(value) for key, value in row.items()}
C:\Users\nicolas\Documents\GitHub\courtside-data\courtside_data\output\field_types.py:405: UserWarning: Failed to coerce '18.6' via int, leaving as string
  return {key: get_coercion(key)(value) for key, value in row.items()}
C:\Users\nicolas\Documents\GitHub\courtside-data\courtside_data\output\field_types.py:405: UserWarning: Failed to coerce '33.4' via int, leaving as string
  return {key: get_coercion(key)(value) for key, value in row.items()}
C:\Users\nicolas\Documents\GitHub\courtside-data\courtside_data\output\field_types.py:405: UserWarning: Failed to coerce '14.6' via int, leaving as string
  return {key: get_coercion(key)(value) for key, value in row.items()}
C:\Users\nicolas\Documents\GitHub\courtside-data\courtside_data\output\field_types.py:405: UserWarning: Failed to coerce '41.6' via int, leaving as string
  return {key: get_coercion(key)(value) for key, value in row.items()}
C:\Users\nicolas\Documents\GitHub\courtside-data\courtside_data\output\field_types.py:405: UserWarning: Failed to coerce '88.9' via int, leaving as string
  return {key: get_coercion(key)(value) for key, value in row.items()}
C:\Users\nicolas\Documents\GitHub\courtside-data\courtside_data\output\field_types.py:405: UserWarning: Failed to coerce '35.4' via int, leaving as string
  return {key: get_coercion(key)(value) for key, value in row.items()}
C:\Users\nicolas\Documents\GitHub\courtside-data\courtside_data\output\field_types.py:405: UserWarning: Failed to coerce '28.8' via int, leaving as string
  return {key: get_coercion(key)(value) for key, value in row.items()}
C:\Users\nicolas\Documents\GitHub\courtside-data\courtside_data\output\field_types.py:405: UserWarning: Failed to coerce '31.1' via int, leaving as string
  return {key: get_coercion(key)(value) for key, value in row.items()}
C:\Users\nicolas\Documents\GitHub\courtside-data\courtside_data\output\field_types.py:405: UserWarning: Failed to coerce '42.2' via int, leaving as string
  return {key: get_coercion(key)(value) for key, value in row.items()}
C:\Users\nicolas\Documents\GitHub\courtside-data\courtside_data\output\field_types.py:405: UserWarning: Failed to coerce '26.4' via int, leaving as string
  return {key: get_coercion(key)(value) for key, value in row.items()}
C:\Users\nicolas\Documents\GitHub\courtside-data\courtside_data\output\field_types.py:405: UserWarning: Failed to coerce '7.3' via int, leaving as string
  return {key: get_coercion(key)(value) for key, value in row.items()}
C:\Users\nicolas\Documents\GitHub\courtside-data\courtside_data\output\field_types.py:405: UserWarning: Failed to coerce '89.3' via int, leaving as string
  return {key: get_coercion(key)(value) for key, value in row.items()}
C:\Users\nicolas\Documents\GitHub\courtside-data\courtside_data\output\field_types.py:405: UserWarning: Failed to coerce '37.2' via int, leaving as string
  return {key: get_coercion(key)(value) for key, value in row.items()}
C:\Users\nicolas\Documents\GitHub\courtside-data\courtside_data\output\field_types.py:405: UserWarning: Failed to coerce '52.1' via int, leaving as string
  return {key: get_coercion(key)(value) for key, value in row.items()}
C:\Users\nicolas\Documents\GitHub\courtside-data\courtside_data\output\field_types.py:405: UserWarning: Failed to coerce '18.1' via int, leaving as string
  return {key: get_coercion(key)(value) for key, value in row.items()}
C:\Users\nicolas\Documents\GitHub\courtside-data\courtside_data\output\field_types.py:405: UserWarning: Failed to coerce '11.8' via int, leaving as string
  return {key: get_coercion(key)(value) for key, value in row.items()}
C:\Users\nicolas\Documents\GitHub\courtside-data\courtside_data\output\field_types.py:405: UserWarning: Failed to coerce '32.9' via int, leaving as string
  return {key: get_coercion(key)(value) for key, value in row.items()}
C:\Users\nicolas\Documents\GitHub\courtside-data\courtside_data\output\field_types.py:405: UserWarning: Failed to coerce '44.7' via int, leaving as string
  return {key: get_coercion(key)(value) for key, value in row.items()}
C:\Users\nicolas\Documents\GitHub\courtside-data\courtside_data\output\field_types.py:405: UserWarning: Failed to coerce '41.2' via int, leaving as string
  return {key: get_coercion(key)(value) for key, value in row.items()}
C:\Users\nicolas\Documents\GitHub\courtside-data\courtside_data\output\field_types.py:405: UserWarning: Failed to coerce '86.9' via int, leaving as string
  return {key: get_coercion(key)(value) for key, value in row.items()}
C:\Users\nicolas\Documents\GitHub\courtside-data\courtside_data\output\field_types.py:405: UserWarning: Failed to coerce '45.6' via int, leaving as string
  return {key: get_coercion(key)(value) for key, value in row.items()}
C:\Users\nicolas\Documents\GitHub\courtside-data\courtside_data\output\field_types.py:405: UserWarning: Failed to coerce '242.1' via int, leaving as string
  return {key: get_coercion(key)(value) for key, value in row.items()}
C:\Users\nicolas\Documents\GitHub\courtside-data\courtside_data\output\field_types.py:405: UserWarning: Failed to coerce '40.8' via int, leaving as string
  return {key: get_coercion(key)(value) for key, value in row.items()}
C:\Users\nicolas\Documents\GitHub\courtside-data\courtside_data\output\field_types.py:405: UserWarning: Failed to coerce '88.1' via int, leaving as string
  return {key: get_coercion(key)(value) for key, value in row.items()}
C:\Users\nicolas\Documents\GitHub\courtside-data\courtside_data\output\field_types.py:405: UserWarning: Failed to coerce '12.3' via int, leaving as string
  return {key: get_coercion(key)(value) for key, value in row.items()}
C:\Users\nicolas\Documents\GitHub\courtside-data\courtside_data\output\field_types.py:405: UserWarning: Failed to coerce '52.7' via int, leaving as string
  return {key: get_coercion(key)(value) for key, value in row.items()}
C:\Users\nicolas\Documents\GitHub\courtside-data\courtside_data\output\field_types.py:405: UserWarning: Failed to coerce '25.2' via int, leaving as string
  return {key: get_coercion(key)(value) for key, value in row.items()}
C:\Users\nicolas\Documents\GitHub\courtside-data\courtside_data\output\field_types.py:405: UserWarning: Failed to coerce '34.2' via int, leaving as string
  return {key: get_coercion(key)(value) for key, value in row.items()}
C:\Users\nicolas\Documents\GitHub\courtside-data\courtside_data\output\field_types.py:405: UserWarning: Failed to coerce '44.9' via int, leaving as string
  return {key: get_coercion(key)(value) for key, value in row.items()}
C:\Users\nicolas\Documents\GitHub\courtside-data\courtside_data\output\field_types.py:405: UserWarning: Failed to coerce '5.9' via int, leaving as string
  return {key: get_coercion(key)(value) for key, value in row.items()}
C:\Users\nicolas\Documents\GitHub\courtside-data\courtside_data\output\field_types.py:405: UserWarning: Failed to coerce '13.8' via int, leaving as string
  return {key: get_coercion(key)(value) for key, value in row.items()}
C:\Users\nicolas\Documents\GitHub\courtside-data\courtside_data\output\field_types.py:405: UserWarning: Failed to coerce '19.6' via int, leaving as string
  return {key: get_coercion(key)(value) for key, value in row.items()}
C:\Users\nicolas\Documents\GitHub\courtside-data\courtside_data\output\field_types.py:405: UserWarning: Failed to coerce '90.6' via int, leaving as string
  return {key: get_coercion(key)(value) for key, value in row.items()}
C:\Users\nicolas\Documents\GitHub\courtside-data\courtside_data\output\field_types.py:405: UserWarning: Failed to coerce '13.1' via int, leaving as string
  return {key: get_coercion(key)(value) for key, value in row.items()}
C:\Users\nicolas\Documents\GitHub\courtside-data\courtside_data\output\field_types.py:405: UserWarning: Failed to coerce '28.9' via int, leaving as string
  return {key: get_coercion(key)(value) for key, value in row.items()}
C:\Users\nicolas\Documents\GitHub\courtside-data\courtside_data\output\field_types.py:405: UserWarning: Failed to coerce '54.6' via int, leaving as string
  return {key: get_coercion(key)(value) for key, value in row.items()}
C:\Users\nicolas\Documents\GitHub\courtside-data\courtside_data\output\field_types.py:405: UserWarning: Failed to coerce '16.1' via int, leaving as string
  return {key: get_coercion(key)(value) for key, value in row.items()}
C:\Users\nicolas\Documents\GitHub\courtside-data\courtside_data\output\field_types.py:405: UserWarning: Failed to coerce '8.4' via int, leaving as string
  return {key: get_coercion(key)(value) for key, value in row.items()}
C:\Users\nicolas\Documents\GitHub\courtside-data\courtside_data\output\field_types.py:405: UserWarning: Failed to coerce '88.5' via int, leaving as string
  return {key: get_coercion(key)(value) for key, value in row.items()}
C:\Users\nicolas\Documents\GitHub\courtside-data\courtside_data\output\field_types.py:405: UserWarning: Failed to coerce '34.9' via int, leaving as string
  return {key: get_coercion(key)(value) for key, value in row.items()}
C:\Users\nicolas\Documents\GitHub\courtside-data\courtside_data\output\field_types.py:405: UserWarning: Failed to coerce '21.2' via int, leaving as string
  return {key: get_coercion(key)(value) for key, value in row.items()}
C:\Users\nicolas\Documents\GitHub\courtside-data\courtside_data\output\field_types.py:405: UserWarning: Failed to coerce '44.3' via int, leaving as string
  return {key: get_coercion(key)(value) for key, value in row.items()}
C:\Users\nicolas\Documents\GitHub\courtside-data\courtside_data\output\field_types.py:405: UserWarning: Failed to coerce '6.9' via int, leaving as string
  return {key: get_coercion(key)(value) for key, value in row.items()}
C:\Users\nicolas\Documents\GitHub\courtside-data\courtside_data\output\field_types.py:405: UserWarning: Failed to coerce '243.7' via int, leaving as string
  return {key: get_coercion(key)(value) for key, value in row.items()}
C:\Users\nicolas\Documents\GitHub\courtside-data\courtside_data\output\field_types.py:405: UserWarning: Failed to coerce '41.1' via int, leaving as string
  return {key: get_coercion(key)(value) for key, value in row.items()}
C:\Users\nicolas\Documents\GitHub\courtside-data\courtside_data\output\field_types.py:405: UserWarning: Failed to coerce '87.0' via int, leaving as string
  return {key: get_coercion(key)(value) for key, value in row.items()}
C:\Users\nicolas\Documents\GitHub\courtside-data\courtside_data\output\field_types.py:405: UserWarning: Failed to coerce '16.9' via int, leaving as string
  return {key: get_coercion(key)(value) for key, value in row.items()}
C:\Users\nicolas\Documents\GitHub\courtside-data\courtside_data\output\field_types.py:405: UserWarning: Failed to coerce '33.3' via int, leaving as string
  return {key: get_coercion(key)(value) for key, value in row.items()}
C:\Users\nicolas\Documents\GitHub\courtside-data\courtside_data\output\field_types.py:405: UserWarning: Failed to coerce '43.4' via int, leaving as string
  return {key: get_coercion(key)(value) for key, value in row.items()}
C:\Users\nicolas\Documents\GitHub\courtside-data\courtside_data\output\field_types.py:405: UserWarning: Failed to coerce '27.9' via int, leaving as string
  return {key: get_coercion(key)(value) for key, value in row.items()}
C:\Users\nicolas\Documents\GitHub\courtside-data\courtside_data\output\field_types.py:405: UserWarning: Failed to coerce '6.8' via int, leaving as string
  return {key: get_coercion(key)(value) for key, value in row.items()}
C:\Users\nicolas\Documents\GitHub\courtside-data\courtside_data\output\field_types.py:405: UserWarning: Failed to coerce '4.9' via int, leaving as string
  return {key: get_coercion(key)(value) for key, value in row.items()}
C:\Users\nicolas\Documents\GitHub\courtside-data\courtside_data\output\field_types.py:405: UserWarning: Failed to coerce '113.7' via int, leaving as string
  return {key: get_coercion(key)(value) for key, value in row.items()}
C:\Users\nicolas\Documents\GitHub\courtside-data\courtside_data\output\field_types.py:405: UserWarning: Failed to coerce '52.9' via int, leaving as string
  return {key: get_coercion(key)(value) for key, value in row.items()}
C:\Users\nicolas\Documents\GitHub\courtside-data\courtside_data\output\field_types.py:405: UserWarning: Failed to coerce '23.1' via int, leaving as string
  return {key: get_coercion(key)(value) for key, value in row.items()}
C:\Users\nicolas\Documents\GitHub\courtside-data\courtside_data\output\field_types.py:405: UserWarning: Failed to coerce '9.1' via int, leaving as string
  return {key: get_coercion(key)(value) for key, value in row.items()}
C:\Users\nicolas\Documents\GitHub\courtside-data\courtside_data\output\field_types.py:405: UserWarning: Failed to coerce '13.9' via int, leaving as string
  return {key: get_coercion(key)(value) for key, value in row.items()}
C:\Users\nicolas\Documents\GitHub\courtside-data\courtside_data\output\field_types.py:405: UserWarning: Failed to coerce '42.1' via int, leaving as string
  return {key: get_coercion(key)(value) for key, value in row.items()}
C:\Users\nicolas\Documents\GitHub\courtside-data\courtside_data\output\field_types.py:405: UserWarning: Failed to coerce '90.4' via int, leaving as string
  return {key: get_coercion(key)(value) for key, value in row.items()}
C:\Users\nicolas\Documents\GitHub\courtside-data\courtside_data\output\field_types.py:405: UserWarning: Failed to coerce '42.9' via int, leaving as string
  return {key: get_coercion(key)(value) for key, value in row.items()}
C:\Users\nicolas\Documents\GitHub\courtside-data\courtside_data\output\field_types.py:405: UserWarning: Failed to coerce '26.7' via int, leaving as string
  return {key: get_coercion(key)(value) for key, value in row.items()}
C:\Users\nicolas\Documents\GitHub\courtside-data\courtside_data\output\field_types.py:405: UserWarning: Failed to coerce '242.4' via int, leaving as string
  return {key: get_coercion(key)(value) for key, value in row.items()}
C:\Users\nicolas\Documents\GitHub\courtside-data\courtside_data\output\field_types.py:405: UserWarning: Failed to coerce '11.7' via int, leaving as string
  return {key: get_coercion(key)(value) for key, value in row.items()}
C:\Users\nicolas\Documents\GitHub\courtside-data\courtside_data\output\field_types.py:405: UserWarning: Failed to coerce '30.8' via int, leaving as string
  return {key: get_coercion(key)(value) for key, value in row.items()}
C:\Users\nicolas\Documents\GitHub\courtside-data\courtside_data\output\field_types.py:405: UserWarning: Failed to coerce '53.3' via int, leaving as string
  return {key: get_coercion(key)(value) for key, value in row.items()}
C:\Users\nicolas\Documents\GitHub\courtside-data\courtside_data\output\field_types.py:405: UserWarning: Failed to coerce '23.6' via int, leaving as string
  return {key: get_coercion(key)(value) for key, value in row.items()}
C:\Users\nicolas\Documents\GitHub\courtside-data\courtside_data\output\field_types.py:405: UserWarning: Failed to coerce '33.2' via int, leaving as string
  return {key: get_coercion(key)(value) for key, value in row.items()}
C:\Users\nicolas\Documents\GitHub\courtside-data\courtside_data\output\field_types.py:405: UserWarning: Failed to coerce '43.8' via int, leaving as string
  return {key: get_coercion(key)(value) for key, value in row.items()}
C:\Users\nicolas\Documents\GitHub\courtside-data\courtside_data\output\field_types.py:405: UserWarning: Failed to coerce '27.1' via int, leaving as string
  return {key: get_coercion(key)(value) for key, value in row.items()}
C:\Users\nicolas\Documents\GitHub\courtside-data\courtside_data\output\field_types.py:405: UserWarning: Failed to coerce '6.4' via int, leaving as string
  return {key: get_coercion(key)(value) for key, value in row.items()}
C:\Users\nicolas\Documents\GitHub\courtside-data\courtside_data\output\field_types.py:405: UserWarning: Failed to coerce '14.3' via int, leaving as string
  return {key: get_coercion(key)(value) for key, value in row.items()}
C:\Users\nicolas\Documents\GitHub\courtside-data\courtside_data\output\field_types.py:405: UserWarning: Failed to coerce '115.4' via int, leaving as string
  return {key: get_coercion(key)(value) for key, value in row.items()}
C:\Users\nicolas\Documents\GitHub\courtside-data\courtside_data\output\field_types.py:405: UserWarning: Failed to coerce '35.6' via int, leaving as string
  return {key: get_coercion(key)(value) for key, value in row.items()}
C:\Users\nicolas\Documents\GitHub\courtside-data\courtside_data\output\field_types.py:405: UserWarning: Failed to coerce '54.8' via int, leaving as string
  return {key: get_coercion(key)(value) for key, value in row.items()}
C:\Users\nicolas\Documents\GitHub\courtside-data\courtside_data\output\field_types.py:405: UserWarning: Failed to coerce '34.1' via int, leaving as string
  return {key: get_coercion(key)(value) for key, value in row.items()}
C:\Users\nicolas\Documents\GitHub\courtside-data\courtside_data\output\field_types.py:405: UserWarning: Failed to coerce '45.1' via int, leaving as string
  return {key: get_coercion(key)(value) for key, value in row.items()}
C:\Users\nicolas\Documents\GitHub\courtside-data\courtside_data\output\field_types.py:405: UserWarning: Failed to coerce '43.2' via int, leaving as string
  return {key: get_coercion(key)(value) for key, value in row.items()}
C:\Users\nicolas\Documents\GitHub\courtside-data\courtside_data\output\field_types.py:405: UserWarning: Failed to coerce '91.9' via int, leaving as string
  return {key: get_coercion(key)(value) for key, value in row.items()}
C:\Users\nicolas\Documents\GitHub\courtside-data\courtside_data\output\field_types.py:405: UserWarning: Failed to coerce '35.3' via int, leaving as string
  return {key: get_coercion(key)(value) for key, value in row.items()}
C:\Users\nicolas\Documents\GitHub\courtside-data\courtside_data\output\field_types.py:405: UserWarning: Failed to coerce '30.6' via int, leaving as string
  return {key: get_coercion(key)(value) for key, value in row.items()}
C:\Users\nicolas\Documents\GitHub\courtside-data\courtside_data\output\field_types.py:405: UserWarning: Failed to coerce '56.6' via int, leaving as string
  return {key: get_coercion(key)(value) for key, value in row.items()}
C:\Users\nicolas\Documents\GitHub\courtside-data\courtside_data\output\field_types.py:405: UserWarning: Failed to coerce '116.4' via int, leaving as string
  return {key: get_coercion(key)(value) for key, value in row.items()}
C:\Users\nicolas\Documents\GitHub\courtside-data\courtside_data\output\field_types.py:405: UserWarning: Failed to coerce '87.7' via int, leaving as string
  return {key: get_coercion(key)(value) for key, value in row.items()}
C:\Users\nicolas\Documents\GitHub\courtside-data\courtside_data\output\field_types.py:405: UserWarning: Failed to coerce '36.2' via int, leaving as string
  return {key: get_coercion(key)(value) for key, value in row.items()}
C:\Users\nicolas\Documents\GitHub\courtside-data\courtside_data\output\field_types.py:405: UserWarning: Failed to coerce '34.8' via int, leaving as string
  return {key: get_coercion(key)(value) for key, value in row.items()}
C:\Users\nicolas\Documents\GitHub\courtside-data\courtside_data\output\field_types.py:405: UserWarning: Failed to coerce '45.4' via int, leaving as string
  return {key: get_coercion(key)(value) for key, value in row.items()}
C:\Users\nicolas\Documents\GitHub\courtside-data\courtside_data\output\field_types.py:405: UserWarning: Failed to coerce '28.7' via int, leaving as string
  return {key: get_coercion(key)(value) for key, value in row.items()}
C:\Users\nicolas\Documents\GitHub\courtside-data\courtside_data\output\field_types.py:405: UserWarning: Failed to coerce '116.8' via int, leaving as string
  return {key: get_coercion(key)(value) for key, value in row.items()}
C:\Users\nicolas\Documents\GitHub\courtside-data\courtside_data\output\field_types.py:405: UserWarning: Failed to coerce '44.4' via int, leaving as string
  return {key: get_coercion(key)(value) for key, value in row.items()}
C:\Users\nicolas\Documents\GitHub\courtside-data\courtside_data\output\field_types.py:405: UserWarning: Failed to coerce '93.7' via int, leaving as string
  return {key: get_coercion(key)(value) for key, value in row.items()}
C:\Users\nicolas\Documents\GitHub\courtside-data\courtside_data\output\field_types.py:405: UserWarning: Failed to coerce '37.9' via int, leaving as string
  return {key: get_coercion(key)(value) for key, value in row.items()}
C:\Users\nicolas\Documents\GitHub\courtside-data\courtside_data\output\field_types.py:405: UserWarning: Failed to coerce '30.2' via int, leaving as string
  return {key: get_coercion(key)(value) for key, value in row.items()}
C:\Users\nicolas\Documents\GitHub\courtside-data\courtside_data\output\field_types.py:405: UserWarning: Failed to coerce '55.8' via int, leaving as string
  return {key: get_coercion(key)(value) for key, value in row.items()}
C:\Users\nicolas\Documents\GitHub\courtside-data\courtside_data\output\field_types.py:405: UserWarning: Failed to coerce '28.2' via int, leaving as string
  return {key: get_coercion(key)(value) for key, value in row.items()}
C:\Users\nicolas\Documents\GitHub\courtside-data\courtside_data\output\field_types.py:405: UserWarning: Failed to coerce '117.4' via int, leaving as string
  return {key: get_coercion(key)(value) for key, value in row.items()}
C:\Users\nicolas\Documents\GitHub\courtside-data\courtside_data\output\field_types.py:405: UserWarning: Failed to coerce '92.3' via int, leaving as string
  return {key: get_coercion(key)(value) for key, value in row.items()}
C:\Users\nicolas\Documents\GitHub\courtside-data\courtside_data\output\field_types.py:405: UserWarning: Failed to coerce '58.3' via int, leaving as string
  return {key: get_coercion(key)(value) for key, value in row.items()}
C:\Users\nicolas\Documents\GitHub\courtside-data\courtside_data\output\field_types.py:405: UserWarning: Failed to coerce '45.3' via int, leaving as string
  return {key: get_coercion(key)(value) for key, value in row.items()}
C:\Users\nicolas\Documents\GitHub\courtside-data\courtside_data\output\field_types.py:405: UserWarning: Failed to coerce '118.6' via int, leaving as string
  return {key: get_coercion(key)(value) for key, value in row.items()}
C:\Users\nicolas\Documents\GitHub\courtside-data\courtside_data\output\field_types.py:405: UserWarning: Failed to coerce '91.2' via int, leaving as string
  return {key: get_coercion(key)(value) for key, value in row.items()}
C:\Users\nicolas\Documents\GitHub\courtside-data\courtside_data\output\field_types.py:405: UserWarning: Failed to coerce '36.3' via int, leaving as string
  return {key: get_coercion(key)(value) for key, value in row.items()}
C:\Users\nicolas\Documents\GitHub\courtside-data\courtside_data\output\field_types.py:405: UserWarning: Failed to coerce '15.6' via int, leaving as string
  return {key: get_coercion(key)(value) for key, value in row.items()}
C:\Users\nicolas\Documents\GitHub\courtside-data\courtside_data\output\field_types.py:405: UserWarning: Failed to coerce '45.2' via int, leaving as string
  return {key: get_coercion(key)(value) for key, value in row.items()}
C:\Users\nicolas\Documents\GitHub\courtside-data\courtside_data\output\field_types.py:405: UserWarning: Failed to coerce '43.6' via int, leaving as string
  return {key: get_coercion(key)(value) for key, value in row.items()}
C:\Users\nicolas\Documents\GitHub\courtside-data\courtside_data\output\field_types.py:405: UserWarning: Failed to coerce '89.0' via int, leaving as string
  return {key: get_coercion(key)(value) for key, value in row.items()}
C:\Users\nicolas\Documents\GitHub\courtside-data\courtside_data\output\field_types.py:405: UserWarning: Failed to coerce '12.1' via int, leaving as string
  return {key: get_coercion(key)(value) for key, value in row.items()}
C:\Users\nicolas\Documents\GitHub\courtside-data\courtside_data\output\field_types.py:405: UserWarning: Failed to coerce '32.7' via int, leaving as string
  return {key: get_coercion(key)(value) for key, value in row.items()}
C:\Users\nicolas\Documents\GitHub\courtside-data\courtside_data\output\field_types.py:405: UserWarning: Failed to coerce '56.3' via int, leaving as string
  return {key: get_coercion(key)(value) for key, value in row.items()}
C:\Users\nicolas\Documents\GitHub\courtside-data\courtside_data\output\field_types.py:405: UserWarning: Failed to coerce '9.6' via int, leaving as string
  return {key: get_coercion(key)(value) for key, value in row.items()}
C:\Users\nicolas\Documents\GitHub\courtside-data\courtside_data\output\field_types.py:405: UserWarning: Failed to coerce '43.1' via int, leaving as string
  return {key: get_coercion(key)(value) for key, value in row.items()}
C:\Users\nicolas\Documents\GitHub\courtside-data\courtside_data\output\field_types.py:405: UserWarning: Failed to coerce '89.8' via int, leaving as string
  return {key: get_coercion(key)(value) for key, value in row.items()}
C:\Users\nicolas\Documents\GitHub\courtside-data\courtside_data\output\field_types.py:405: UserWarning: Failed to coerce '29.3' via int, leaving as string
  return {key: get_coercion(key)(value) for key, value in row.items()}
C:\Users\nicolas\Documents\GitHub\courtside-data\courtside_data\output\field_types.py:405: UserWarning: Failed to coerce '60.5' via int, leaving as string
  return {key: get_coercion(key)(value) for key, value in row.items()}
C:\Users\nicolas\Documents\GitHub\courtside-data\courtside_data\output\field_types.py:405: UserWarning: Failed to coerce '32.4' via int, leaving as string
  return {key: get_coercion(key)(value) for key, value in row.items()}
C:\Users\nicolas\Documents\GitHub\courtside-data\courtside_data\output\field_types.py:405: UserWarning: Failed to coerce '24.6' via int, leaving as string
  return {key: get_coercion(key)(value) for key, value in row.items()}
C:\Users\nicolas\Documents\GitHub\courtside-data\courtside_data\output\field_types.py:405: UserWarning: Failed to coerce '5.4' via int, leaving as string
  return {key: get_coercion(key)(value) for key, value in row.items()}
C:\Users\nicolas\Documents\GitHub\courtside-data\courtside_data\output\field_types.py:405: UserWarning: Failed to coerce '120.2' via int, leaving as string
  return {key: get_coercion(key)(value) for key, value in row.items()}
C:\Users\nicolas\Documents\GitHub\courtside-data\courtside_data\output\field_types.py:405: UserWarning: Failed to coerce '44.6' via int, leaving as string
  return {key: get_coercion(key)(value) for key, value in row.items()}
C:\Users\nicolas\Documents\GitHub\courtside-data\courtside_data\output\field_types.py:405: UserWarning: Failed to coerce '90.2' via int, leaving as string
  return {key: get_coercion(key)(value) for key, value in row.items()}
C:\Users\nicolas\Documents\GitHub\courtside-data\courtside_data\output\field_types.py:405: UserWarning: Failed to coerce '36.4' via int, leaving as string
  return {key: get_coercion(key)(value) for key, value in row.items()}
C:\Users\nicolas\Documents\GitHub\courtside-data\courtside_data\output\field_types.py:405: UserWarning: Failed to coerce '33.6' via int, leaving as string
  return {key: get_coercion(key)(value) for key, value in row.items()}
C:\Users\nicolas\Documents\GitHub\courtside-data\courtside_data\output\field_types.py:405: UserWarning: Failed to coerce '7.8' via int, leaving as string
  return {key: get_coercion(key)(value) for key, value in row.items()}
C:\Users\nicolas\Documents\GitHub\courtside-data\courtside_data\output\field_types.py:405: UserWarning: Failed to coerce '14.1' via int, leaving as string
  return {key: get_coercion(key)(value) for key, value in row.items()}
C:\Users\nicolas\Documents\GitHub\courtside-data\courtside_data\output\field_types.py:405: UserWarning: Failed to coerce '37.4' via int, leaving as string
  return {key: get_coercion(key)(value) for key, value in row.items()}
C:\Users\nicolas\Documents\GitHub\courtside-data\courtside_data\output\field_types.py:405: UserWarning: Failed to coerce '54.1' via int, leaving as string
  return {key: get_coercion(key)(value) for key, value in row.items()}
C:\Users\nicolas\Documents\GitHub\courtside-data\courtside_data\output\field_types.py:405: UserWarning: Failed to coerce '31.3' via int, leaving as string
  return {key: get_coercion(key)(value) for key, value in row.items()}
C:\Users\nicolas\Documents\GitHub\courtside-data\courtside_data\output\field_types.py:405: UserWarning: Failed to coerce '8.6' via int, leaving as string
  return {key: get_coercion(key)(value) for key, value in row.items()}
C:\Users\nicolas\Documents\GitHub\courtside-data\courtside_data\output\field_types.py:405: UserWarning: Failed to coerce '46.1' via int, leaving as string
  return {key: get_coercion(key)(value) for key, value in row.items()}
C:\Users\nicolas\Documents\GitHub\courtside-data\courtside_data\output\field_types.py:405: UserWarning: Failed to coerce '92.9' via int, leaving as string
  return {key: get_coercion(key)(value) for key, value in row.items()}
C:\Users\nicolas\Documents\GitHub\courtside-data\courtside_data\output\field_types.py:405: UserWarning: Failed to coerce '59.0' via int, leaving as string
  return {key: get_coercion(key)(value) for key, value in row.items()}
C:\Users\nicolas\Documents\GitHub\courtside-data\courtside_data\output\field_types.py:405: UserWarning: Failed to coerce '48.9' via int, leaving as string
  return {key: get_coercion(key)(value) for key, value in row.items()}
[268/341] attendance_per_game_opponent ... ERROR other ValueError  (6.8s)
C:\Users\nicolas\Documents\GitHub\courtside-data\courtside_data\output\field_types.py:405: UserWarning: Failed to coerce '85.1' via int, leaving as string
  return {key: get_coercion(key)(value) for key, value in row.items()}
C:\Users\nicolas\Documents\GitHub\courtside-data\courtside_data\output\field_types.py:405: UserWarning: Failed to coerce '56.2' via int, leaving as string
  return {key: get_coercion(key)(value) for key, value in row.items()}
C:\Users\nicolas\Documents\GitHub\courtside-data\courtside_data\output\field_types.py:405: UserWarning: Failed to coerce '35.1' via int, leaving as string
  return {key: get_coercion(key)(value) for key, value in row.items()}
C:\Users\nicolas\Documents\GitHub\courtside-data\courtside_data\output\field_types.py:405: UserWarning: Failed to coerce '15.4' via int, leaving as string
  return {key: get_coercion(key)(value) for key, value in row.items()}
C:\Users\nicolas\Documents\GitHub\courtside-data\courtside_data\output\field_types.py:405: UserWarning: Failed to coerce '84.2' via int, leaving as string
  return {key: get_coercion(key)(value) for key, value in row.items()}
C:\Users\nicolas\Documents\GitHub\courtside-data\courtside_data\output\field_types.py:405: UserWarning: Failed to coerce '23.4' via int, leaving as string
  return {key: get_coercion(key)(value) for key, value in row.items()}
C:\Users\nicolas\Documents\GitHub\courtside-data\courtside_data\output\field_types.py:405: UserWarning: Failed to coerce '41.9' via int, leaving as string
  return {key: get_coercion(key)(value) for key, value in row.items()}
C:\Users\nicolas\Documents\GitHub\courtside-data\courtside_data\output\field_types.py:405: UserWarning: Failed to coerce '25.1' via int, leaving as string
  return {key: get_coercion(key)(value) for key, value in row.items()}
C:\Users\nicolas\Documents\GitHub\courtside-data\courtside_data\output\field_types.py:405: UserWarning: Failed to coerce '112.4' via int, leaving as string
  return {key: get_coercion(key)(value) for key, value in row.items()}
C:\Users\nicolas\Documents\GitHub\courtside-data\courtside_data\output\field_types.py:405: UserWarning: Failed to coerce '243.4' via int, leaving as string
  return {key: get_coercion(key)(value) for key, value in row.items()}
C:\Users\nicolas\Documents\GitHub\courtside-data\courtside_data\output\field_types.py:405: UserWarning: Failed to coerce '88.3' via int, leaving as string
  return {key: get_coercion(key)(value) for key, value in row.items()}
C:\Users\nicolas\Documents\GitHub\courtside-data\courtside_data\output\field_types.py:405: UserWarning: Failed to coerce '32.5' via int, leaving as string
  return {key: get_coercion(key)(value) for key, value in row.items()}
C:\Users\nicolas\Documents\GitHub\courtside-data\courtside_data\output\field_types.py:405: UserWarning: Failed to coerce '60.1' via int, leaving as string
  return {key: get_coercion(key)(value) for key, value in row.items()}
C:\Users\nicolas\Documents\GitHub\courtside-data\courtside_data\output\field_types.py:405: UserWarning: Failed to coerce '8.7' via int, leaving as string
  return {key: get_coercion(key)(value) for key, value in row.items()}
C:\Users\nicolas\Documents\GitHub\courtside-data\courtside_data\output\field_types.py:405: UserWarning: Failed to coerce '35.7' via int, leaving as string
  return {key: get_coercion(key)(value) for key, value in row.items()}
C:\Users\nicolas\Documents\GitHub\courtside-data\courtside_data\output\field_types.py:405: UserWarning: Failed to coerce '14.9' via int, leaving as string
  return {key: get_coercion(key)(value) for key, value in row.items()}
C:\Users\nicolas\Documents\GitHub\courtside-data\courtside_data\output\field_types.py:405: UserWarning: Failed to coerce '111.7' via int, leaving as string
  return {key: get_coercion(key)(value) for key, value in row.items()}
C:\Users\nicolas\Documents\GitHub\courtside-data\courtside_data\output\field_types.py:405: UserWarning: Failed to coerce '87.4' via int, leaving as string
  return {key: get_coercion(key)(value) for key, value in row.items()}
C:\Users\nicolas\Documents\GitHub\courtside-data\courtside_data\output\field_types.py:405: UserWarning: Failed to coerce '54.4' via int, leaving as string
  return {key: get_coercion(key)(value) for key, value in row.items()}
C:\Users\nicolas\Documents\GitHub\courtside-data\courtside_data\output\field_types.py:405: UserWarning: Failed to coerce '9.8' via int, leaving as string
  return {key: get_coercion(key)(value) for key, value in row.items()}
C:\Users\nicolas\Documents\GitHub\courtside-data\courtside_data\output\field_types.py:405: UserWarning: Failed to coerce '24.3' via int, leaving as string
  return {key: get_coercion(key)(value) for key, value in row.items()}
C:\Users\nicolas\Documents\GitHub\courtside-data\courtside_data\output\field_types.py:405: UserWarning: Failed to coerce '7.6' via int, leaving as string
  return {key: get_coercion(key)(value) for key, value in row.items()}
C:\Users\nicolas\Documents\GitHub\courtside-data\courtside_data\output\field_types.py:405: UserWarning: Failed to coerce '21.7' via int, leaving as string
  return {key: get_coercion(key)(value) for key, value in row.items()}
C:\Users\nicolas\Documents\GitHub\courtside-data\courtside_data\output\field_types.py:405: UserWarning: Failed to coerce '40.4' via int, leaving as string
  return {key: get_coercion(key)(value) for key, value in row.items()}
C:\Users\nicolas\Documents\GitHub\courtside-data\courtside_data\output\field_types.py:405: UserWarning: Failed to coerce '84.8' via int, leaving as string
  return {key: get_coercion(key)(value) for key, value in row.items()}
C:\Users\nicolas\Documents\GitHub\courtside-data\courtside_data\output\field_types.py:405: UserWarning: Failed to coerce '52.6' via int, leaving as string
  return {key: get_coercion(key)(value) for key, value in row.items()}
C:\Users\nicolas\Documents\GitHub\courtside-data\courtside_data\output\field_types.py:405: UserWarning: Failed to coerce '3.8' via int, leaving as string
  return {key: get_coercion(key)(value) for key, value in row.items()}
C:\Users\nicolas\Documents\GitHub\courtside-data\courtside_data\output\field_types.py:405: UserWarning: Failed to coerce '110.9' via int, leaving as string
  return {key: get_coercion(key)(value) for key, value in row.items()}
C:\Users\nicolas\Documents\GitHub\courtside-data\courtside_data\output\field_types.py:405: UserWarning: Failed to coerce '40.7' via int, leaving as string
  return {key: get_coercion(key)(value) for key, value in row.items()}
C:\Users\nicolas\Documents\GitHub\courtside-data\courtside_data\output\field_types.py:405: UserWarning: Failed to coerce '29.2' via int, leaving as string
  return {key: get_coercion(key)(value) for key, value in row.items()}
C:\Users\nicolas\Documents\GitHub\courtside-data\courtside_data\output\field_types.py:405: UserWarning: Failed to coerce '55.7' via int, leaving as string
  return {key: get_coercion(key)(value) for key, value in row.items()}
C:\Users\nicolas\Documents\GitHub\courtside-data\courtside_data\output\field_types.py:405: UserWarning: Failed to coerce '29.9' via int, leaving as string
  return {key: get_coercion(key)(value) for key, value in row.items()}
C:\Users\nicolas\Documents\GitHub\courtside-data\courtside_data\output\field_types.py:405: UserWarning: Failed to coerce '56.7' via int, leaving as string
  return {key: get_coercion(key)(value) for key, value in row.items()}
C:\Users\nicolas\Documents\GitHub\courtside-data\courtside_data\output\field_types.py:405: UserWarning: Failed to coerce '36.5' via int, leaving as string
  return {key: get_coercion(key)(value) for key, value in row.items()}
C:\Users\nicolas\Documents\GitHub\courtside-data\courtside_data\output\field_types.py:405: UserWarning: Failed to coerce '47.4' via int, leaving as string
  return {key: get_coercion(key)(value) for key, value in row.items()}
C:\Users\nicolas\Documents\GitHub\courtside-data\courtside_data\output\field_types.py:405: UserWarning: Failed to coerce '8.3' via int, leaving as string
  return {key: get_coercion(key)(value) for key, value in row.items()}
C:\Users\nicolas\Documents\GitHub\courtside-data\courtside_data\output\field_types.py:405: UserWarning: Failed to coerce '22.1' via int, leaving as string
  return {key: get_coercion(key)(value) for key, value in row.items()}
C:\Users\nicolas\Documents\GitHub\courtside-data\courtside_data\output\field_types.py:405: UserWarning: Failed to coerce '109.8' via int, leaving as string
  return {key: get_coercion(key)(value) for key, value in row.items()}
C:\Users\nicolas\Documents\GitHub\courtside-data\courtside_data\output\field_types.py:405: UserWarning: Failed to coerce '86.1' via int, leaving as string
  return {key: get_coercion(key)(value) for key, value in row.items()}
C:\Users\nicolas\Documents\GitHub\courtside-data\courtside_data\output\field_types.py:405: UserWarning: Failed to coerce '63.6' via int, leaving as string
  return {key: get_coercion(key)(value) for key, value in row.items()}
C:\Users\nicolas\Documents\GitHub\courtside-data\courtside_data\output\field_types.py:405: UserWarning: Failed to coerce '24.1' via int, leaving as string
  return {key: get_coercion(key)(value) for key, value in row.items()}
C:\Users\nicolas\Documents\GitHub\courtside-data\courtside_data\output\field_types.py:405: UserWarning: Failed to coerce '31.6' via int, leaving as string
  return {key: get_coercion(key)(value) for key, value in row.items()}
C:\Users\nicolas\Documents\GitHub\courtside-data\courtside_data\output\field_types.py:405: UserWarning: Failed to coerce '85.4' via int, leaving as string
  return {key: get_coercion(key)(value) for key, value in row.items()}
C:\Users\nicolas\Documents\GitHub\courtside-data\courtside_data\output\field_types.py:405: UserWarning: Failed to coerce '58.6' via int, leaving as string
  return {key: get_coercion(key)(value) for key, value in row.items()}
C:\Users\nicolas\Documents\GitHub\courtside-data\courtside_data\output\field_types.py:405: UserWarning: Failed to coerce '43.9' via int, leaving as string
  return {key: get_coercion(key)(value) for key, value in row.items()}
C:\Users\nicolas\Documents\GitHub\courtside-data\courtside_data\output\field_types.py:405: UserWarning: Failed to coerce '14.7' via int, leaving as string
  return {key: get_coercion(key)(value) for key, value in row.items()}
C:\Users\nicolas\Documents\GitHub\courtside-data\courtside_data\output\field_types.py:405: UserWarning: Failed to coerce '86.7' via int, leaving as string
  return {key: get_coercion(key)(value) for key, value in row.items()}
C:\Users\nicolas\Documents\GitHub\courtside-data\courtside_data\output\field_types.py:405: UserWarning: Failed to coerce '59.4' via int, leaving as string
  return {key: get_coercion(key)(value) for key, value in row.items()}
C:\Users\nicolas\Documents\GitHub\courtside-data\courtside_data\output\field_types.py:405: UserWarning: Failed to coerce '242.7' via int, leaving as string
  return {key: get_coercion(key)(value) for key, value in row.items()}
C:\Users\nicolas\Documents\GitHub\courtside-data\courtside_data\output\field_types.py:405: UserWarning: Failed to coerce '88.4' via int, leaving as string
  return {key: get_coercion(key)(value) for key, value in row.items()}
C:\Users\nicolas\Documents\GitHub\courtside-data\courtside_data\output\field_types.py:405: UserWarning: Failed to coerce '29.1' via int, leaving as string
  return {key: get_coercion(key)(value) for key, value in row.items()}
C:\Users\nicolas\Documents\GitHub\courtside-data\courtside_data\output\field_types.py:405: UserWarning: Failed to coerce '30.7' via int, leaving as string
  return {key: get_coercion(key)(value) for key, value in row.items()}
C:\Users\nicolas\Documents\GitHub\courtside-data\courtside_data\output\field_types.py:405: UserWarning: Failed to coerce '59.3' via int, leaving as string
  return {key: get_coercion(key)(value) for key, value in row.items()}
C:\Users\nicolas\Documents\GitHub\courtside-data\courtside_data\output\field_types.py:405: UserWarning: Failed to coerce '46.4' via int, leaving as string
  return {key: get_coercion(key)(value) for key, value in row.items()}
C:\Users\nicolas\Documents\GitHub\courtside-data\courtside_data\output\field_types.py:405: UserWarning: Failed to coerce '108.1' via int, leaving as string
  return {key: get_coercion(key)(value) for key, value in row.items()}
C:\Users\nicolas\Documents\GitHub\courtside-data\courtside_data\output\field_types.py:405: UserWarning: Failed to coerce '57.7' via int, leaving as string
  return {key: get_coercion(key)(value) for key, value in row.items()}
C:\Users\nicolas\Documents\GitHub\courtside-data\courtside_data\output\field_types.py:405: UserWarning: Failed to coerce '107.9' via int, leaving as string
  return {key: get_coercion(key)(value) for key, value in row.items()}
C:\Users\nicolas\Documents\GitHub\courtside-data\courtside_data\output\field_types.py:405: UserWarning: Failed to coerce '85.6' via int, leaving as string
  return {key: get_coercion(key)(value) for key, value in row.items()}
C:\Users\nicolas\Documents\GitHub\courtside-data\courtside_data\output\field_types.py:405: UserWarning: Failed to coerce '9.9' via int, leaving as string
  return {key: get_coercion(key)(value) for key, value in row.items()}
C:\Users\nicolas\Documents\GitHub\courtside-data\courtside_data\output\field_types.py:405: UserWarning: Failed to coerce '59.1' via int, leaving as string
  return {key: get_coercion(key)(value) for key, value in row.items()}
C:\Users\nicolas\Documents\GitHub\courtside-data\courtside_data\output\field_types.py:405: UserWarning: Failed to coerce '33.1' via int, leaving as string
  return {key: get_coercion(key)(value) for key, value in row.items()}
C:\Users\nicolas\Documents\GitHub\courtside-data\courtside_data\output\field_types.py:405: UserWarning: Failed to coerce '4.3' via int, leaving as string
  return {key: get_coercion(key)(value) for key, value in row.items()}
C:\Users\nicolas\Documents\GitHub\courtside-data\courtside_data\output\field_types.py:405: UserWarning: Failed to coerce '106.6' via int, leaving as string
  return {key: get_coercion(key)(value) for key, value in row.items()}
C:\Users\nicolas\Documents\GitHub\courtside-data\courtside_data\output\field_types.py:405: UserWarning: Failed to coerce '38.2' via int, leaving as string
  return {key: get_coercion(key)(value) for key, value in row.items()}
C:\Users\nicolas\Documents\GitHub\courtside-data\courtside_data\output\field_types.py:405: UserWarning: Failed to coerce '51.1' via int, leaving as string
  return {key: get_coercion(key)(value) for key, value in row.items()}
C:\Users\nicolas\Documents\GitHub\courtside-data\courtside_data\output\field_types.py:405: UserWarning: Failed to coerce '23.7' via int, leaving as string
  return {key: get_coercion(key)(value) for key, value in row.items()}
C:\Users\nicolas\Documents\GitHub\courtside-data\courtside_data\output\field_types.py:405: UserWarning: Failed to coerce '15.2' via int, leaving as string
  return {key: get_coercion(key)(value) for key, value in row.items()}
C:\Users\nicolas\Documents\GitHub\courtside-data\courtside_data\output\field_types.py:405: UserWarning: Failed to coerce '83.0' via int, leaving as string
  return {key: get_coercion(key)(value) for key, value in row.items()}
C:\Users\nicolas\Documents\GitHub\courtside-data\courtside_data\output\field_types.py:405: UserWarning: Failed to coerce '8.8' via int, leaving as string
  return {key: get_coercion(key)(value) for key, value in row.items()}
C:\Users\nicolas\Documents\GitHub\courtside-data\courtside_data\output\field_types.py:405: UserWarning: Failed to coerce '23.2' via int, leaving as string
  return {key: get_coercion(key)(value) for key, value in row.items()}
C:\Users\nicolas\Documents\GitHub\courtside-data\courtside_data\output\field_types.py:405: UserWarning: Failed to coerce '21.4' via int, leaving as string
  return {key: get_coercion(key)(value) for key, value in row.items()}
C:\Users\nicolas\Documents\GitHub\courtside-data\courtside_data\output\field_types.py:405: UserWarning: Failed to coerce '86.4' via int, leaving as string
  return {key: get_coercion(key)(value) for key, value in row.items()}
C:\Users\nicolas\Documents\GitHub\courtside-data\courtside_data\output\field_types.py:405: UserWarning: Failed to coerce '31.8' via int, leaving as string
  return {key: get_coercion(key)(value) for key, value in row.items()}
C:\Users\nicolas\Documents\GitHub\courtside-data\courtside_data\output\field_types.py:405: UserWarning: Failed to coerce '61.9' via int, leaving as string
  return {key: get_coercion(key)(value) for key, value in row.items()}
C:\Users\nicolas\Documents\GitHub\courtside-data\courtside_data\output\field_types.py:405: UserWarning: Failed to coerce '4.1' via int, leaving as string
  return {key: get_coercion(key)(value) for key, value in row.items()}
C:\Users\nicolas\Documents\GitHub\courtside-data\courtside_data\output\field_types.py:405: UserWarning: Failed to coerce '105.6' via int, leaving as string
  return {key: get_coercion(key)(value) for key, value in row.items()}
C:\Users\nicolas\Documents\GitHub\courtside-data\courtside_data\output\field_types.py:405: UserWarning: Failed to coerce '39.3' via int, leaving as string
  return {key: get_coercion(key)(value) for key, value in row.items()}
C:\Users\nicolas\Documents\GitHub\courtside-data\courtside_data\output\field_types.py:405: UserWarning: Failed to coerce '28.1' via int, leaving as string
  return {key: get_coercion(key)(value) for key, value in row.items()}
C:\Users\nicolas\Documents\GitHub\courtside-data\courtside_data\output\field_types.py:405: UserWarning: Failed to coerce '58.8' via int, leaving as string
  return {key: get_coercion(key)(value) for key, value in row.items()}
C:\Users\nicolas\Documents\GitHub\courtside-data\courtside_data\output\field_types.py:405: UserWarning: Failed to coerce '64.4' via int, leaving as string
  return {key: get_coercion(key)(value) for key, value in row.items()}
C:\Users\nicolas\Documents\GitHub\courtside-data\courtside_data\output\field_types.py:405: UserWarning: Failed to coerce '38.3' via int, leaving as string
  return {key: get_coercion(key)(value) for key, value in row.items()}
C:\Users\nicolas\Documents\GitHub\courtside-data\courtside_data\output\field_types.py:405: UserWarning: Failed to coerce '82.9' via int, leaving as string
  return {key: get_coercion(key)(value) for key, value in row.items()}
C:\Users\nicolas\Documents\GitHub\courtside-data\courtside_data\output\field_types.py:405: UserWarning: Failed to coerce '29.6' via int, leaving as string
  return {key: get_coercion(key)(value) for key, value in row.items()}
C:\Users\nicolas\Documents\GitHub\courtside-data\courtside_data\output\field_types.py:405: UserWarning: Failed to coerce '104.1' via int, leaving as string
  return {key: get_coercion(key)(value) for key, value in row.items()}
C:\Users\nicolas\Documents\GitHub\courtside-data\courtside_data\output\field_types.py:405: UserWarning: Failed to coerce '54.7' via int, leaving as string
  return {key: get_coercion(key)(value) for key, value in row.items()}
C:\Users\nicolas\Documents\GitHub\courtside-data\courtside_data\output\field_types.py:405: UserWarning: Failed to coerce '9.4' via int, leaving as string
  return {key: get_coercion(key)(value) for key, value in row.items()}
C:\Users\nicolas\Documents\GitHub\courtside-data\courtside_data\output\field_types.py:405: UserWarning: Failed to coerce '87.1' via int, leaving as string
  return {key: get_coercion(key)(value) for key, value in row.items()}
C:\Users\nicolas\Documents\GitHub\courtside-data\courtside_data\output\field_types.py:405: UserWarning: Failed to coerce '44.1' via int, leaving as string
  return {key: get_coercion(key)(value) for key, value in row.items()}
C:\Users\nicolas\Documents\GitHub\courtside-data\courtside_data\output\field_types.py:405: UserWarning: Failed to coerce '103.9' via int, leaving as string
  return {key: get_coercion(key)(value) for key, value in row.items()}
C:\Users\nicolas\Documents\GitHub\courtside-data\courtside_data\output\field_types.py:405: UserWarning: Failed to coerce '39.1' via int, leaving as string
  return {key: get_coercion(key)(value) for key, value in row.items()}
C:\Users\nicolas\Documents\GitHub\courtside-data\courtside_data\output\field_types.py:405: UserWarning: Failed to coerce '58.0' via int, leaving as string
  return {key: get_coercion(key)(value) for key, value in row.items()}
C:\Users\nicolas\Documents\GitHub\courtside-data\courtside_data\output\field_types.py:405: UserWarning: Failed to coerce '43.7' via int, leaving as string
  return {key: get_coercion(key)(value) for key, value in row.items()}
C:\Users\nicolas\Documents\GitHub\courtside-data\courtside_data\output\field_types.py:405: UserWarning: Failed to coerce '3.9' via int, leaving as string
  return {key: get_coercion(key)(value) for key, value in row.items()}
C:\Users\nicolas\Documents\GitHub\courtside-data\courtside_data\output\field_types.py:405: UserWarning: Failed to coerce '103.8' via int, leaving as string
  return {key: get_coercion(key)(value) for key, value in row.items()}
C:\Users\nicolas\Documents\GitHub\courtside-data\courtside_data\output\field_types.py:405: UserWarning: Failed to coerce '243.0' via int, leaving as string
  return {key: get_coercion(key)(value) for key, value in row.items()}
C:\Users\nicolas\Documents\GitHub\courtside-data\courtside_data\output\field_types.py:405: UserWarning: Failed to coerce '85.3' via int, leaving as string
  return {key: get_coercion(key)(value) for key, value in row.items()}
C:\Users\nicolas\Documents\GitHub\courtside-data\courtside_data\output\field_types.py:405: UserWarning: Failed to coerce '14.4' via int, leaving as string
  return {key: get_coercion(key)(value) for key, value in row.items()}
C:\Users\nicolas\Documents\GitHub\courtside-data\courtside_data\output\field_types.py:405: UserWarning: Failed to coerce '20.1' via int, leaving as string
  return {key: get_coercion(key)(value) for key, value in row.items()}
C:\Users\nicolas\Documents\GitHub\courtside-data\courtside_data\output\field_types.py:405: UserWarning: Failed to coerce '103.4' via int, leaving as string
  return {key: get_coercion(key)(value) for key, value in row.items()}
C:\Users\nicolas\Documents\GitHub\courtside-data\courtside_data\output\field_types.py:405: UserWarning: Failed to coerce '85.9' via int, leaving as string
  return {key: get_coercion(key)(value) for key, value in row.items()}
C:\Users\nicolas\Documents\GitHub\courtside-data\courtside_data\output\field_types.py:405: UserWarning: Failed to coerce '56.5' via int, leaving as string
  return {key: get_coercion(key)(value) for key, value in row.items()}
C:\Users\nicolas\Documents\GitHub\courtside-data\courtside_data\output\field_types.py:405: UserWarning: Failed to coerce '32.8' via int, leaving as string
  return {key: get_coercion(key)(value) for key, value in row.items()}
C:\Users\nicolas\Documents\GitHub\courtside-data\courtside_data\output\field_types.py:405: UserWarning: Failed to coerce '85.5' via int, leaving as string
  return {key: get_coercion(key)(value) for key, value in row.items()}
C:\Users\nicolas\Documents\GitHub\courtside-data\courtside_data\output\field_types.py:405: UserWarning: Failed to coerce '57.8' via int, leaving as string
  return {key: get_coercion(key)(value) for key, value in row.items()}
C:\Users\nicolas\Documents\GitHub\courtside-data\courtside_data\output\field_types.py:405: UserWarning: Failed to coerce '102.9' via int, leaving as string
  return {key: get_coercion(key)(value) for key, value in row.items()}
C:\Users\nicolas\Documents\GitHub\courtside-data\courtside_data\output\field_types.py:405: UserWarning: Failed to coerce '10.4' via int, leaving as string
  return {key: get_coercion(key)(value) for key, value in row.items()}
C:\Users\nicolas\Documents\GitHub\courtside-data\courtside_data\output\field_types.py:405: UserWarning: Failed to coerce '38.1' via int, leaving as string
  return {key: get_coercion(key)(value) for key, value in row.items()}
C:\Users\nicolas\Documents\GitHub\courtside-data\courtside_data\output\field_types.py:405: UserWarning: Failed to coerce '53.1' via int, leaving as string
  return {key: get_coercion(key)(value) for key, value in row.items()}
C:\Users\nicolas\Documents\GitHub\courtside-data\courtside_data\output\field_types.py:405: UserWarning: Failed to coerce '82.8' via int, leaving as string
  return {key: get_coercion(key)(value) for key, value in row.items()}
C:\Users\nicolas\Documents\GitHub\courtside-data\courtside_data\output\field_types.py:405: UserWarning: Failed to coerce '21.1' via int, leaving as string
  return {key: get_coercion(key)(value) for key, value in row.items()}
C:\Users\nicolas\Documents\GitHub\courtside-data\courtside_data\output\field_types.py:405: UserWarning: Failed to coerce '62.1' via int, leaving as string
  return {key: get_coercion(key)(value) for key, value in row.items()}
C:\Users\nicolas\Documents\GitHub\courtside-data\courtside_data\output\field_types.py:405: UserWarning: Failed to coerce '40.9' via int, leaving as string
  return {key: get_coercion(key)(value) for key, value in row.items()}
C:\Users\nicolas\Documents\GitHub\courtside-data\courtside_data\output\field_types.py:405: UserWarning: Failed to coerce '98.8' via int, leaving as string
  return {key: get_coercion(key)(value) for key, value in row.items()}
[269/341] attendance_per_game_team ... ERROR other ValueError  (6.7s)
C:\Users\nicolas\Documents\GitHub\courtside-data\courtside_data\output\field_types.py:405: UserWarning: Failed to coerce '110.6' via int, leaving as string
  return {key: get_coercion(key)(value) for key, value in row.items()}
C:\Users\nicolas\Documents\GitHub\courtside-data\courtside_data\output\field_types.py:405: UserWarning: Failed to coerce '40.1' via int, leaving as string
  return {key: get_coercion(key)(value) for key, value in row.items()}
C:\Users\nicolas\Documents\GitHub\courtside-data\courtside_data\output\field_types.py:405: UserWarning: Failed to coerce '12.8' via int, leaving as string
  return {key: get_coercion(key)(value) for key, value in row.items()}
C:\Users\nicolas\Documents\GitHub\courtside-data\courtside_data\output\field_types.py:405: UserWarning: Failed to coerce '27.3' via int, leaving as string
  return {key: get_coercion(key)(value) for key, value in row.items()}
C:\Users\nicolas\Documents\GitHub\courtside-data\courtside_data\output\field_types.py:405: UserWarning: Failed to coerce '52.4' via int, leaving as string
  return {key: get_coercion(key)(value) for key, value in row.items()}
C:\Users\nicolas\Documents\GitHub\courtside-data\courtside_data\output\field_types.py:405: UserWarning: Failed to coerce '111.2' via int, leaving as string
  return {key: get_coercion(key)(value) for key, value in row.items()}
C:\Users\nicolas\Documents\GitHub\courtside-data\courtside_data\output\field_types.py:405: UserWarning: Failed to coerce '11.6' via int, leaving as string
  return {key: get_coercion(key)(value) for key, value in row.items()}
C:\Users\nicolas\Documents\GitHub\courtside-data\courtside_data\output\field_types.py:405: UserWarning: Failed to coerce '30.1' via int, leaving as string
  return {key: get_coercion(key)(value) for key, value in row.items()}
C:\Users\nicolas\Documents\GitHub\courtside-data\courtside_data\output\field_types.py:405: UserWarning: Failed to coerce '92.0' via int, leaving as string
  return {key: get_coercion(key)(value) for key, value in row.items()}
C:\Users\nicolas\Documents\GitHub\courtside-data\courtside_data\output\field_types.py:405: UserWarning: Failed to coerce '111.9' via int, leaving as string
  return {key: get_coercion(key)(value) for key, value in row.items()}
C:\Users\nicolas\Documents\GitHub\courtside-data\courtside_data\output\field_types.py:405: UserWarning: Failed to coerce '12.2' via int, leaving as string
  return {key: get_coercion(key)(value) for key, value in row.items()}
C:\Users\nicolas\Documents\GitHub\courtside-data\courtside_data\output\field_types.py:405: UserWarning: Failed to coerce '50.7' via int, leaving as string
  return {key: get_coercion(key)(value) for key, value in row.items()}
C:\Users\nicolas\Documents\GitHub\courtside-data\courtside_data\output\field_types.py:405: UserWarning: Failed to coerce '20.4' via int, leaving as string
  return {key: get_coercion(key)(value) for key, value in row.items()}
C:\Users\nicolas\Documents\GitHub\courtside-data\courtside_data\output\field_types.py:405: UserWarning: Failed to coerce '36.9' via int, leaving as string
  return {key: get_coercion(key)(value) for key, value in row.items()}
C:\Users\nicolas\Documents\GitHub\courtside-data\courtside_data\output\field_types.py:405: UserWarning: Failed to coerce '7.2' via int, leaving as string
  return {key: get_coercion(key)(value) for key, value in row.items()}
C:\Users\nicolas\Documents\GitHub\courtside-data\courtside_data\output\field_types.py:405: UserWarning: Failed to coerce '53.2' via int, leaving as string
  return {key: get_coercion(key)(value) for key, value in row.items()}
C:\Users\nicolas\Documents\GitHub\courtside-data\courtside_data\output\field_types.py:405: UserWarning: Failed to coerce '87.2' via int, leaving as string
  return {key: get_coercion(key)(value) for key, value in row.items()}
C:\Users\nicolas\Documents\GitHub\courtside-data\courtside_data\output\field_types.py:405: UserWarning: Failed to coerce '113.8' via int, leaving as string
  return {key: get_coercion(key)(value) for key, value in row.items()}
C:\Users\nicolas\Documents\GitHub\courtside-data\courtside_data\output\field_types.py:405: UserWarning: Failed to coerce '91.7' via int, leaving as string
  return {key: get_coercion(key)(value) for key, value in row.items()}
C:\Users\nicolas\Documents\GitHub\courtside-data\courtside_data\output\field_types.py:405: UserWarning: Failed to coerce '56.1' via int, leaving as string
  return {key: get_coercion(key)(value) for key, value in row.items()}
C:\Users\nicolas\Documents\GitHub\courtside-data\courtside_data\output\field_types.py:405: UserWarning: Failed to coerce '113.9' via int, leaving as string
  return {key: get_coercion(key)(value) for key, value in row.items()}
C:\Users\nicolas\Documents\GitHub\courtside-data\courtside_data\output\field_types.py:405: UserWarning: Failed to coerce '84.3' via int, leaving as string
  return {key: get_coercion(key)(value) for key, value in row.items()}
C:\Users\nicolas\Documents\GitHub\courtside-data\courtside_data\output\field_types.py:405: UserWarning: Failed to coerce '50.9' via int, leaving as string
  return {key: get_coercion(key)(value) for key, value in row.items()}
C:\Users\nicolas\Documents\GitHub\courtside-data\courtside_data\output\field_types.py:405: UserWarning: Failed to coerce '57.1' via int, leaving as string
  return {key: get_coercion(key)(value) for key, value in row.items()}
C:\Users\nicolas\Documents\GitHub\courtside-data\courtside_data\output\field_types.py:405: UserWarning: Failed to coerce '114.1' via int, leaving as string
  return {key: get_coercion(key)(value) for key, value in row.items()}
C:\Users\nicolas\Documents\GitHub\courtside-data\courtside_data\output\field_types.py:405: UserWarning: Failed to coerce '42.4' via int, leaving as string
  return {key: get_coercion(key)(value) for key, value in row.items()}
C:\Users\nicolas\Documents\GitHub\courtside-data\courtside_data\output\field_types.py:405: UserWarning: Failed to coerce '88.7' via int, leaving as string
  return {key: get_coercion(key)(value) for key, value in row.items()}
C:\Users\nicolas\Documents\GitHub\courtside-data\courtside_data\output\field_types.py:405: UserWarning: Failed to coerce '55.2' via int, leaving as string
  return {key: get_coercion(key)(value) for key, value in row.items()}
C:\Users\nicolas\Documents\GitHub\courtside-data\courtside_data\output\field_types.py:405: UserWarning: Failed to coerce '50.1' via int, leaving as string
  return {key: get_coercion(key)(value) for key, value in row.items()}
C:\Users\nicolas\Documents\GitHub\courtside-data\courtside_data\output\field_types.py:405: UserWarning: Failed to coerce '25.9' via int, leaving as string
  return {key: get_coercion(key)(value) for key, value in row.items()}
C:\Users\nicolas\Documents\GitHub\courtside-data\courtside_data\output\field_types.py:405: UserWarning: Failed to coerce '45.7' via int, leaving as string
  return {key: get_coercion(key)(value) for key, value in row.items()}
C:\Users\nicolas\Documents\GitHub\courtside-data\courtside_data\output\field_types.py:405: UserWarning: Failed to coerce '25.4' via int, leaving as string
  return {key: get_coercion(key)(value) for key, value in row.items()}
C:\Users\nicolas\Documents\GitHub\courtside-data\courtside_data\output\field_types.py:405: UserWarning: Failed to coerce '16.4' via int, leaving as string
  return {key: get_coercion(key)(value) for key, value in row.items()}
C:\Users\nicolas\Documents\GitHub\courtside-data\courtside_data\output\field_types.py:405: UserWarning: Failed to coerce '34.7' via int, leaving as string
  return {key: get_coercion(key)(value) for key, value in row.items()}
C:\Users\nicolas\Documents\GitHub\courtside-data\courtside_data\output\field_types.py:405: UserWarning: Failed to coerce '114.4' via int, leaving as string
  return {key: get_coercion(key)(value) for key, value in row.items()}
C:\Users\nicolas\Documents\GitHub\courtside-data\courtside_data\output\field_types.py:405: UserWarning: Failed to coerce '55.6' via int, leaving as string
  return {key: get_coercion(key)(value) for key, value in row.items()}
C:\Users\nicolas\Documents\GitHub\courtside-data\courtside_data\output\field_types.py:405: UserWarning: Failed to coerce '5.7' via int, leaving as string
  return {key: get_coercion(key)(value) for key, value in row.items()}
C:\Users\nicolas\Documents\GitHub\courtside-data\courtside_data\output\field_types.py:405: UserWarning: Failed to coerce '57.6' via int, leaving as string
  return {key: get_coercion(key)(value) for key, value in row.items()}
C:\Users\nicolas\Documents\GitHub\courtside-data\courtside_data\output\field_types.py:405: UserWarning: Failed to coerce '116.7' via int, leaving as string
  return {key: get_coercion(key)(value) for key, value in row.items()}
C:\Users\nicolas\Documents\GitHub\courtside-data\courtside_data\output\field_types.py:405: UserWarning: Failed to coerce '54.9' via int, leaving as string
  return {key: get_coercion(key)(value) for key, value in row.items()}
C:\Users\nicolas\Documents\GitHub\courtside-data\courtside_data\output\field_types.py:405: UserWarning: Failed to coerce '41.7' via int, leaving as string
  return {key: get_coercion(key)(value) for key, value in row.items()}
C:\Users\nicolas\Documents\GitHub\courtside-data\courtside_data\output\field_types.py:405: UserWarning: Failed to coerce '42.6' via int, leaving as string
  return {key: get_coercion(key)(value) for key, value in row.items()}
C:\Users\nicolas\Documents\GitHub\courtside-data\courtside_data\output\field_types.py:405: UserWarning: Failed to coerce '88.0' via int, leaving as string
  return {key: get_coercion(key)(value) for key, value in row.items()}
C:\Users\nicolas\Documents\GitHub\courtside-data\courtside_data\output\field_types.py:405: UserWarning: Failed to coerce '88.6' via int, leaving as string
  return {key: get_coercion(key)(value) for key, value in row.items()}
C:\Users\nicolas\Documents\GitHub\courtside-data\courtside_data\output\field_types.py:405: UserWarning: Failed to coerce '25.8' via int, leaving as string
  return {key: get_coercion(key)(value) for key, value in row.items()}
C:\Users\nicolas\Documents\GitHub\courtside-data\courtside_data\output\field_types.py:405: UserWarning: Failed to coerce '118.9' via int, leaving as string
  return {key: get_coercion(key)(value) for key, value in row.items()}
C:\Users\nicolas\Documents\GitHub\courtside-data\courtside_data\output\field_types.py:405: UserWarning: Failed to coerce '49.6' via int, leaving as string
  return {key: get_coercion(key)(value) for key, value in row.items()}
C:\Users\nicolas\Documents\GitHub\courtside-data\courtside_data\output\field_types.py:405: UserWarning: Failed to coerce '119.3' via int, leaving as string
  return {key: get_coercion(key)(value) for key, value in row.items()}
[270/341] attendance_per_poss_opponent ... ERROR other ValueError  (6.1s)
C:\Users\nicolas\Documents\GitHub\courtside-data\courtside_data\output\field_types.py:405: UserWarning: Failed to coerce '47.1' via int, leaving as string
  return {key: get_coercion(key)(value) for key, value in row.items()}
C:\Users\nicolas\Documents\GitHub\courtside-data\courtside_data\output\field_types.py:405: UserWarning: Failed to coerce '47.6' via int, leaving as string
  return {key: get_coercion(key)(value) for key, value in row.items()}
C:\Users\nicolas\Documents\GitHub\courtside-data\courtside_data\output\field_types.py:405: UserWarning: Failed to coerce '90.3' via int, leaving as string
  return {key: get_coercion(key)(value) for key, value in row.items()}
C:\Users\nicolas\Documents\GitHub\courtside-data\courtside_data\output\field_types.py:405: UserWarning: Failed to coerce '35.2' via int, leaving as string
  return {key: get_coercion(key)(value) for key, value in row.items()}
C:\Users\nicolas\Documents\GitHub\courtside-data\courtside_data\output\field_types.py:405: UserWarning: Failed to coerce '55.1' via int, leaving as string
  return {key: get_coercion(key)(value) for key, value in row.items()}
C:\Users\nicolas\Documents\GitHub\courtside-data\courtside_data\output\field_types.py:405: UserWarning: Failed to coerce '89.1' via int, leaving as string
  return {key: get_coercion(key)(value) for key, value in row.items()}
C:\Users\nicolas\Documents\GitHub\courtside-data\courtside_data\output\field_types.py:405: UserWarning: Failed to coerce '27.7' via int, leaving as string
  return {key: get_coercion(key)(value) for key, value in row.items()}
C:\Users\nicolas\Documents\GitHub\courtside-data\courtside_data\output\field_types.py:405: UserWarning: Failed to coerce '46.6' via int, leaving as string
  return {key: get_coercion(key)(value) for key, value in row.items()}
C:\Users\nicolas\Documents\GitHub\courtside-data\courtside_data\output\field_types.py:405: UserWarning: Failed to coerce '115.1' via int, leaving as string
  return {key: get_coercion(key)(value) for key, value in row.items()}
C:\Users\nicolas\Documents\GitHub\courtside-data\courtside_data\output\field_types.py:405: UserWarning: Failed to coerce '90.1' via int, leaving as string
  return {key: get_coercion(key)(value) for key, value in row.items()}
C:\Users\nicolas\Documents\GitHub\courtside-data\courtside_data\output\field_types.py:405: UserWarning: Failed to coerce '15.9' via int, leaving as string
  return {key: get_coercion(key)(value) for key, value in row.items()}
C:\Users\nicolas\Documents\GitHub\courtside-data\courtside_data\output\field_types.py:405: UserWarning: Failed to coerce '27.4' via int, leaving as string
  return {key: get_coercion(key)(value) for key, value in row.items()}
C:\Users\nicolas\Documents\GitHub\courtside-data\courtside_data\output\field_types.py:405: UserWarning: Failed to coerce '93.6' via int, leaving as string
  return {key: get_coercion(key)(value) for key, value in row.items()}
C:\Users\nicolas\Documents\GitHub\courtside-data\courtside_data\output\field_types.py:405: UserWarning: Failed to coerce '48.8' via int, leaving as string
  return {key: get_coercion(key)(value) for key, value in row.items()}
C:\Users\nicolas\Documents\GitHub\courtside-data\courtside_data\output\field_types.py:405: UserWarning: Failed to coerce '114.6' via int, leaving as string
  return {key: get_coercion(key)(value) for key, value in row.items()}
C:\Users\nicolas\Documents\GitHub\courtside-data\courtside_data\output\field_types.py:405: UserWarning: Failed to coerce '44.8' via int, leaving as string
  return {key: get_coercion(key)(value) for key, value in row.items()}
C:\Users\nicolas\Documents\GitHub\courtside-data\courtside_data\output\field_types.py:405: UserWarning: Failed to coerce '47.2' via int, leaving as string
  return {key: get_coercion(key)(value) for key, value in row.items()}
C:\Users\nicolas\Documents\GitHub\courtside-data\courtside_data\output\field_types.py:405: UserWarning: Failed to coerce '89.7' via int, leaving as string
  return {key: get_coercion(key)(value) for key, value in row.items()}
C:\Users\nicolas\Documents\GitHub\courtside-data\courtside_data\output\field_types.py:405: UserWarning: Failed to coerce '90.5' via int, leaving as string
  return {key: get_coercion(key)(value) for key, value in row.items()}
C:\Users\nicolas\Documents\GitHub\courtside-data\courtside_data\output\field_types.py:405: UserWarning: Failed to coerce '37.8' via int, leaving as string
  return {key: get_coercion(key)(value) for key, value in row.items()}
C:\Users\nicolas\Documents\GitHub\courtside-data\courtside_data\output\field_types.py:405: UserWarning: Failed to coerce '87.6' via int, leaving as string
  return {key: get_coercion(key)(value) for key, value in row.items()}
C:\Users\nicolas\Documents\GitHub\courtside-data\courtside_data\output\field_types.py:405: UserWarning: Failed to coerce '50.6' via int, leaving as string
  return {key: get_coercion(key)(value) for key, value in row.items()}
C:\Users\nicolas\Documents\GitHub\courtside-data\courtside_data\output\field_types.py:405: UserWarning: Failed to coerce '3.3' via int, leaving as string
  return {key: get_coercion(key)(value) for key, value in row.items()}
C:\Users\nicolas\Documents\GitHub\courtside-data\courtside_data\output\field_types.py:405: UserWarning: Failed to coerce '113.6' via int, leaving as string
  return {key: get_coercion(key)(value) for key, value in row.items()}
C:\Users\nicolas\Documents\GitHub\courtside-data\courtside_data\output\field_types.py:405: UserWarning: Failed to coerce '88.2' via int, leaving as string
  return {key: get_coercion(key)(value) for key, value in row.items()}
C:\Users\nicolas\Documents\GitHub\courtside-data\courtside_data\output\field_types.py:405: UserWarning: Failed to coerce '58.9' via int, leaving as string
  return {key: get_coercion(key)(value) for key, value in row.items()}
C:\Users\nicolas\Documents\GitHub\courtside-data\courtside_data\output\field_types.py:405: UserWarning: Failed to coerce '94.3' via int, leaving as string
  return {key: get_coercion(key)(value) for key, value in row.items()}
C:\Users\nicolas\Documents\GitHub\courtside-data\courtside_data\output\field_types.py:405: UserWarning: Failed to coerce '112.9' via int, leaving as string
  return {key: get_coercion(key)(value) for key, value in row.items()}
C:\Users\nicolas\Documents\GitHub\courtside-data\courtside_data\output\field_types.py:405: UserWarning: Failed to coerce '49.9' via int, leaving as string
  return {key: get_coercion(key)(value) for key, value in row.items()}
C:\Users\nicolas\Documents\GitHub\courtside-data\courtside_data\output\field_types.py:405: UserWarning: Failed to coerce '112.6' via int, leaving as string
  return {key: get_coercion(key)(value) for key, value in row.items()}
C:\Users\nicolas\Documents\GitHub\courtside-data\courtside_data\output\field_types.py:405: UserWarning: Failed to coerce '92.1' via int, leaving as string
  return {key: get_coercion(key)(value) for key, value in row.items()}
C:\Users\nicolas\Documents\GitHub\courtside-data\courtside_data\output\field_types.py:405: UserWarning: Failed to coerce '31.7' via int, leaving as string
  return {key: get_coercion(key)(value) for key, value in row.items()}
C:\Users\nicolas\Documents\GitHub\courtside-data\courtside_data\output\field_types.py:405: UserWarning: Failed to coerce '60.3' via int, leaving as string
  return {key: get_coercion(key)(value) for key, value in row.items()}
C:\Users\nicolas\Documents\GitHub\courtside-data\courtside_data\output\field_types.py:405: UserWarning: Failed to coerce '57.3' via int, leaving as string
  return {key: get_coercion(key)(value) for key, value in row.items()}
C:\Users\nicolas\Documents\GitHub\courtside-data\courtside_data\output\field_types.py:405: UserWarning: Failed to coerce '46.3' via int, leaving as string
  return {key: get_coercion(key)(value) for key, value in row.items()}
C:\Users\nicolas\Documents\GitHub\courtside-data\courtside_data\output\field_types.py:405: UserWarning: Failed to coerce '53.8' via int, leaving as string
  return {key: get_coercion(key)(value) for key, value in row.items()}
C:\Users\nicolas\Documents\GitHub\courtside-data\courtside_data\output\field_types.py:405: UserWarning: Failed to coerce '45.9' via int, leaving as string
  return {key: get_coercion(key)(value) for key, value in row.items()}
C:\Users\nicolas\Documents\GitHub\courtside-data\courtside_data\output\field_types.py:405: UserWarning: Failed to coerce '111.1' via int, leaving as string
  return {key: get_coercion(key)(value) for key, value in row.items()}
C:\Users\nicolas\Documents\GitHub\courtside-data\courtside_data\output\field_types.py:405: UserWarning: Failed to coerce '89.4' via int, leaving as string
  return {key: get_coercion(key)(value) for key, value in row.items()}
C:\Users\nicolas\Documents\GitHub\courtside-data\courtside_data\output\field_types.py:405: UserWarning: Failed to coerce '35.9' via int, leaving as string
  return {key: get_coercion(key)(value) for key, value in row.items()}
C:\Users\nicolas\Documents\GitHub\courtside-data\courtside_data\output\field_types.py:405: UserWarning: Failed to coerce '47.8' via int, leaving as string
  return {key: get_coercion(key)(value) for key, value in row.items()}
C:\Users\nicolas\Documents\GitHub\courtside-data\courtside_data\output\field_types.py:405: UserWarning: Failed to coerce '110.4' via int, leaving as string
  return {key: get_coercion(key)(value) for key, value in row.items()}
C:\Users\nicolas\Documents\GitHub\courtside-data\courtside_data\output\field_types.py:405: UserWarning: Failed to coerce '53.4' via int, leaving as string
  return {key: get_coercion(key)(value) for key, value in row.items()}
C:\Users\nicolas\Documents\GitHub\courtside-data\courtside_data\output\field_types.py:405: UserWarning: Failed to coerce '110.1' via int, leaving as string
  return {key: get_coercion(key)(value) for key, value in row.items()}
C:\Users\nicolas\Documents\GitHub\courtside-data\courtside_data\output\field_types.py:405: UserWarning: Failed to coerce '109.9' via int, leaving as string
  return {key: get_coercion(key)(value) for key, value in row.items()}
C:\Users\nicolas\Documents\GitHub\courtside-data\courtside_data\output\field_types.py:405: UserWarning: Failed to coerce '38.9' via int, leaving as string
  return {key: get_coercion(key)(value) for key, value in row.items()}
C:\Users\nicolas\Documents\GitHub\courtside-data\courtside_data\output\field_types.py:405: UserWarning: Failed to coerce '38.6' via int, leaving as string
  return {key: get_coercion(key)(value) for key, value in row.items()}
C:\Users\nicolas\Documents\GitHub\courtside-data\courtside_data\output\field_types.py:405: UserWarning: Failed to coerce '89.6' via int, leaving as string
  return {key: get_coercion(key)(value) for key, value in row.items()}
C:\Users\nicolas\Documents\GitHub\courtside-data\courtside_data\output\field_types.py:405: UserWarning: Failed to coerce '89.9' via int, leaving as string
  return {key: get_coercion(key)(value) for key, value in row.items()}
C:\Users\nicolas\Documents\GitHub\courtside-data\courtside_data\output\field_types.py:405: UserWarning: Failed to coerce '37.7' via int, leaving as string
  return {key: get_coercion(key)(value) for key, value in row.items()}
C:\Users\nicolas\Documents\GitHub\courtside-data\courtside_data\output\field_types.py:405: UserWarning: Failed to coerce '52.2' via int, leaving as string
  return {key: get_coercion(key)(value) for key, value in row.items()}
C:\Users\nicolas\Documents\GitHub\courtside-data\courtside_data\output\field_types.py:405: UserWarning: Failed to coerce '104.6' via int, leaving as string
  return {key: get_coercion(key)(value) for key, value in row.items()}
C:\Users\nicolas\Documents\GitHub\courtside-data\courtside_data\output\field_types.py:405: UserWarning: Failed to coerce '38.4' via int, leaving as string
  return {key: get_coercion(key)(value) for key, value in row.items()}
C:\Users\nicolas\Documents\GitHub\courtside-data\courtside_data\output\field_types.py:405: UserWarning: Failed to coerce '51.6' via int, leaving as string
  return {key: get_coercion(key)(value) for key, value in row.items()}
[271/341] attendance_per_poss_team ... ERROR other ValueError  (6.2s)
C:\Users\nicolas\Documents\GitHub\courtside-data\courtside_data\output\field_types.py:405: UserWarning: Failed to coerce '.290' via int, leaving as string
  return {key: get_coercion(key)(value) for key, value in row.items()}
C:\Users\nicolas\Documents\GitHub\courtside-data\courtside_data\output\field_types.py:405: UserWarning: Failed to coerce '.165' via int, leaving as string
  return {key: get_coercion(key)(value) for key, value in row.items()}
C:\Users\nicolas\Documents\GitHub\courtside-data\courtside_data\output\field_types.py:405: UserWarning: Failed to coerce '.097' via int, leaving as string
  return {key: get_coercion(key)(value) for key, value in row.items()}
C:\Users\nicolas\Documents\GitHub\courtside-data\courtside_data\output\field_types.py:405: UserWarning: Failed to coerce '.045' via int, leaving as string
  return {key: get_coercion(key)(value) for key, value in row.items()}
C:\Users\nicolas\Documents\GitHub\courtside-data\courtside_data\output\field_types.py:405: UserWarning: Failed to coerce '.404' via int, leaving as string
  return {key: get_coercion(key)(value) for key, value in row.items()}
C:\Users\nicolas\Documents\GitHub\courtside-data\courtside_data\output\field_types.py:405: UserWarning: Failed to coerce '.570' via int, leaving as string
  return {key: get_coercion(key)(value) for key, value in row.items()}
C:\Users\nicolas\Documents\GitHub\courtside-data\courtside_data\output\field_types.py:405: UserWarning: Failed to coerce '.694' via int, leaving as string
  return {key: get_coercion(key)(value) for key, value in row.items()}
C:\Users\nicolas\Documents\GitHub\courtside-data\courtside_data\output\field_types.py:405: UserWarning: Failed to coerce '.430' via int, leaving as string
  return {key: get_coercion(key)(value) for key, value in row.items()}
C:\Users\nicolas\Documents\GitHub\courtside-data\courtside_data\output\field_types.py:405: UserWarning: Failed to coerce '.384' via int, leaving as string
  return {key: get_coercion(key)(value) for key, value in row.items()}
C:\Users\nicolas\Documents\GitHub\courtside-data\courtside_data\output\field_types.py:405: UserWarning: Failed to coerce '.846' via int, leaving as string
  return {key: get_coercion(key)(value) for key, value in row.items()}
C:\Users\nicolas\Documents\GitHub\courtside-data\courtside_data\output\field_types.py:405: UserWarning: Failed to coerce '.071' via int, leaving as string
  return {key: get_coercion(key)(value) for key, value in row.items()}
C:\Users\nicolas\Documents\GitHub\courtside-data\courtside_data\output\field_types.py:405: UserWarning: Failed to coerce '.281' via int, leaving as string
  return {key: get_coercion(key)(value) for key, value in row.items()}
C:\Users\nicolas\Documents\GitHub\courtside-data\courtside_data\output\field_types.py:405: UserWarning: Failed to coerce '.278' via int, leaving as string
  return {key: get_coercion(key)(value) for key, value in row.items()}
C:\Users\nicolas\Documents\GitHub\courtside-data\courtside_data\output\field_types.py:405: UserWarning: Failed to coerce '.412' via int, leaving as string
  return {key: get_coercion(key)(value) for key, value in row.items()}
C:\Users\nicolas\Documents\GitHub\courtside-data\courtside_data\output\field_types.py:405: UserWarning: Failed to coerce '.202' via int, leaving as string
  return {key: get_coercion(key)(value) for key, value in row.items()}
C:\Users\nicolas\Documents\GitHub\courtside-data\courtside_data\output\field_types.py:405: UserWarning: Failed to coerce '.228' via int, leaving as string
  return {key: get_coercion(key)(value) for key, value in row.items()}
C:\Users\nicolas\Documents\GitHub\courtside-data\courtside_data\output\field_types.py:405: UserWarning: Failed to coerce '.103' via int, leaving as string
  return {key: get_coercion(key)(value) for key, value in row.items()}
C:\Users\nicolas\Documents\GitHub\courtside-data\courtside_data\output\field_types.py:405: UserWarning: Failed to coerce '.067' via int, leaving as string
  return {key: get_coercion(key)(value) for key, value in row.items()}
C:\Users\nicolas\Documents\GitHub\courtside-data\courtside_data\output\field_types.py:405: UserWarning: Failed to coerce '.400' via int, leaving as string
  return {key: get_coercion(key)(value) for key, value in row.items()}
C:\Users\nicolas\Documents\GitHub\courtside-data\courtside_data\output\field_types.py:405: UserWarning: Failed to coerce '.520' via int, leaving as string
  return {key: get_coercion(key)(value) for key, value in row.items()}
C:\Users\nicolas\Documents\GitHub\courtside-data\courtside_data\output\field_types.py:405: UserWarning: Failed to coerce '.676' via int, leaving as string
  return {key: get_coercion(key)(value) for key, value in row.items()}
C:\Users\nicolas\Documents\GitHub\courtside-data\courtside_data\output\field_types.py:405: UserWarning: Failed to coerce '.438' via int, leaving as string
  return {key: get_coercion(key)(value) for key, value in row.items()}
C:\Users\nicolas\Documents\GitHub\courtside-data\courtside_data\output\field_types.py:405: UserWarning: Failed to coerce '.407' via int, leaving as string
  return {key: get_coercion(key)(value) for key, value in row.items()}
C:\Users\nicolas\Documents\GitHub\courtside-data\courtside_data\output\field_types.py:405: UserWarning: Failed to coerce '.352' via int, leaving as string
  return {key: get_coercion(key)(value) for key, value in row.items()}
C:\Users\nicolas\Documents\GitHub\courtside-data\courtside_data\output\field_types.py:405: UserWarning: Failed to coerce '.506' via int, leaving as string
  return {key: get_coercion(key)(value) for key, value in row.items()}
C:\Users\nicolas\Documents\GitHub\courtside-data\courtside_data\output\field_types.py:405: UserWarning: Failed to coerce '.809' via int, leaving as string
  return {key: get_coercion(key)(value) for key, value in row.items()}
C:\Users\nicolas\Documents\GitHub\courtside-data\courtside_data\output\field_types.py:405: UserWarning: Failed to coerce '.050' via int, leaving as string
  return {key: get_coercion(key)(value) for key, value in row.items()}
C:\Users\nicolas\Documents\GitHub\courtside-data\courtside_data\output\field_types.py:405: UserWarning: Failed to coerce '.274' via int, leaving as string
  return {key: get_coercion(key)(value) for key, value in row.items()}
C:\Users\nicolas\Documents\GitHub\courtside-data\courtside_data\output\field_types.py:405: UserWarning: Failed to coerce '.197' via int, leaving as string
  return {key: get_coercion(key)(value) for key, value in row.items()}
C:\Users\nicolas\Documents\GitHub\courtside-data\courtside_data\output\field_types.py:405: UserWarning: Failed to coerce '.348' via int, leaving as string
  return {key: get_coercion(key)(value) for key, value in row.items()}
C:\Users\nicolas\Documents\GitHub\courtside-data\courtside_data\output\field_types.py:405: UserWarning: Failed to coerce '.248' via int, leaving as string
  return {key: get_coercion(key)(value) for key, value in row.items()}
C:\Users\nicolas\Documents\GitHub\courtside-data\courtside_data\output\field_types.py:405: UserWarning: Failed to coerce '.204' via int, leaving as string
  return {key: get_coercion(key)(value) for key, value in row.items()}
C:\Users\nicolas\Documents\GitHub\courtside-data\courtside_data\output\field_types.py:405: UserWarning: Failed to coerce '.093' via int, leaving as string
  return {key: get_coercion(key)(value) for key, value in row.items()}
C:\Users\nicolas\Documents\GitHub\courtside-data\courtside_data\output\field_types.py:405: UserWarning: Failed to coerce '.060' via int, leaving as string
  return {key: get_coercion(key)(value) for key, value in row.items()}
C:\Users\nicolas\Documents\GitHub\courtside-data\courtside_data\output\field_types.py:405: UserWarning: Failed to coerce '.710' via int, leaving as string
  return {key: get_coercion(key)(value) for key, value in row.items()}
C:\Users\nicolas\Documents\GitHub\courtside-data\courtside_data\output\field_types.py:405: UserWarning: Failed to coerce '.398' via int, leaving as string
  return {key: get_coercion(key)(value) for key, value in row.items()}
C:\Users\nicolas\Documents\GitHub\courtside-data\courtside_data\output\field_types.py:405: UserWarning: Failed to coerce '.424' via int, leaving as string
  return {key: get_coercion(key)(value) for key, value in row.items()}
C:\Users\nicolas\Documents\GitHub\courtside-data\courtside_data\output\field_types.py:405: UserWarning: Failed to coerce '.372' via int, leaving as string
  return {key: get_coercion(key)(value) for key, value in row.items()}
C:\Users\nicolas\Documents\GitHub\courtside-data\courtside_data\output\field_types.py:405: UserWarning: Failed to coerce '.815' via int, leaving as string
  return {key: get_coercion(key)(value) for key, value in row.items()}
C:\Users\nicolas\Documents\GitHub\courtside-data\courtside_data\output\field_types.py:405: UserWarning: Failed to coerce '.055' via int, leaving as string
  return {key: get_coercion(key)(value) for key, value in row.items()}
C:\Users\nicolas\Documents\GitHub\courtside-data\courtside_data\output\field_types.py:405: UserWarning: Failed to coerce '.271' via int, leaving as string
  return {key: get_coercion(key)(value) for key, value in row.items()}
C:\Users\nicolas\Documents\GitHub\courtside-data\courtside_data\output\field_types.py:405: UserWarning: Failed to coerce '.216' via int, leaving as string
  return {key: get_coercion(key)(value) for key, value in row.items()}
C:\Users\nicolas\Documents\GitHub\courtside-data\courtside_data\output\field_types.py:405: UserWarning: Failed to coerce '.546' via int, leaving as string
  return {key: get_coercion(key)(value) for key, value in row.items()}
C:\Users\nicolas\Documents\GitHub\courtside-data\courtside_data\output\field_types.py:405: UserWarning: Failed to coerce '.266' via int, leaving as string
  return {key: get_coercion(key)(value) for key, value in row.items()}
C:\Users\nicolas\Documents\GitHub\courtside-data\courtside_data\output\field_types.py:405: UserWarning: Failed to coerce '.153' via int, leaving as string
  return {key: get_coercion(key)(value) for key, value in row.items()}
C:\Users\nicolas\Documents\GitHub\courtside-data\courtside_data\output\field_types.py:405: UserWarning: Failed to coerce '.070' via int, leaving as string
  return {key: get_coercion(key)(value) for key, value in row.items()}
C:\Users\nicolas\Documents\GitHub\courtside-data\courtside_data\output\field_types.py:405: UserWarning: Failed to coerce '.057' via int, leaving as string
  return {key: get_coercion(key)(value) for key, value in row.items()}
C:\Users\nicolas\Documents\GitHub\courtside-data\courtside_data\output\field_types.py:405: UserWarning: Failed to coerce '.558' via int, leaving as string
  return {key: get_coercion(key)(value) for key, value in row.items()}
C:\Users\nicolas\Documents\GitHub\courtside-data\courtside_data\output\field_types.py:405: UserWarning: Failed to coerce '.682' via int, leaving as string
  return {key: get_coercion(key)(value) for key, value in row.items()}
C:\Users\nicolas\Documents\GitHub\courtside-data\courtside_data\output\field_types.py:405: UserWarning: Failed to coerce '.425' via int, leaving as string
  return {key: get_coercion(key)(value) for key, value in row.items()}
C:\Users\nicolas\Documents\GitHub\courtside-data\courtside_data\output\field_types.py:405: UserWarning: Failed to coerce '.370' via int, leaving as string
  return {key: get_coercion(key)(value) for key, value in row.items()}
C:\Users\nicolas\Documents\GitHub\courtside-data\courtside_data\output\field_types.py:405: UserWarning: Failed to coerce '.574' via int, leaving as string
  return {key: get_coercion(key)(value) for key, value in row.items()}
C:\Users\nicolas\Documents\GitHub\courtside-data\courtside_data\output\field_types.py:405: UserWarning: Failed to coerce '.869' via int, leaving as string
  return {key: get_coercion(key)(value) for key, value in row.items()}
C:\Users\nicolas\Documents\GitHub\courtside-data\courtside_data\output\field_types.py:405: UserWarning: Failed to coerce '.259' via int, leaving as string
  return {key: get_coercion(key)(value) for key, value in row.items()}
C:\Users\nicolas\Documents\GitHub\courtside-data\courtside_data\output\field_types.py:405: UserWarning: Failed to coerce '.588' via int, leaving as string
  return {key: get_coercion(key)(value) for key, value in row.items()}
C:\Users\nicolas\Documents\GitHub\courtside-data\courtside_data\output\field_types.py:405: UserWarning: Failed to coerce '.280' via int, leaving as string
  return {key: get_coercion(key)(value) for key, value in row.items()}
C:\Users\nicolas\Documents\GitHub\courtside-data\courtside_data\output\field_types.py:405: UserWarning: Failed to coerce '.183' via int, leaving as string
  return {key: get_coercion(key)(value) for key, value in row.items()}
C:\Users\nicolas\Documents\GitHub\courtside-data\courtside_data\output\field_types.py:405: UserWarning: Failed to coerce '.074' via int, leaving as string
  return {key: get_coercion(key)(value) for key, value in row.items()}
C:\Users\nicolas\Documents\GitHub\courtside-data\courtside_data\output\field_types.py:405: UserWarning: Failed to coerce '.577' via int, leaving as string
  return {key: get_coercion(key)(value) for key, value in row.items()}
C:\Users\nicolas\Documents\GitHub\courtside-data\courtside_data\output\field_types.py:405: UserWarning: Failed to coerce '.725' via int, leaving as string
  return {key: get_coercion(key)(value) for key, value in row.items()}
C:\Users\nicolas\Documents\GitHub\courtside-data\courtside_data\output\field_types.py:405: UserWarning: Failed to coerce '.392' via int, leaving as string
  return {key: get_coercion(key)(value) for key, value in row.items()}
C:\Users\nicolas\Documents\GitHub\courtside-data\courtside_data\output\field_types.py:405: UserWarning: Failed to coerce '.377' via int, leaving as string
  return {key: get_coercion(key)(value) for key, value in row.items()}
C:\Users\nicolas\Documents\GitHub\courtside-data\courtside_data\output\field_types.py:405: UserWarning: Failed to coerce '.565' via int, leaving as string
  return {key: get_coercion(key)(value) for key, value in row.items()}
C:\Users\nicolas\Documents\GitHub\courtside-data\courtside_data\output\field_types.py:405: UserWarning: Failed to coerce '.876' via int, leaving as string
  return {key: get_coercion(key)(value) for key, value in row.items()}
C:\Users\nicolas\Documents\GitHub\courtside-data\courtside_data\output\field_types.py:405: UserWarning: Failed to coerce '.064' via int, leaving as string
  return {key: get_coercion(key)(value) for key, value in row.items()}
C:\Users\nicolas\Documents\GitHub\courtside-data\courtside_data\output\field_types.py:405: UserWarning: Failed to coerce '.399' via int, leaving as string
  return {key: get_coercion(key)(value) for key, value in row.items()}
C:\Users\nicolas\Documents\GitHub\courtside-data\courtside_data\output\field_types.py:405: UserWarning: Failed to coerce '.614' via int, leaving as string
  return {key: get_coercion(key)(value) for key, value in row.items()}
C:\Users\nicolas\Documents\GitHub\courtside-data\courtside_data\output\field_types.py:405: UserWarning: Failed to coerce '.261' via int, leaving as string
  return {key: get_coercion(key)(value) for key, value in row.items()}
C:\Users\nicolas\Documents\GitHub\courtside-data\courtside_data\output\field_types.py:405: UserWarning: Failed to coerce '.188' via int, leaving as string
  return {key: get_coercion(key)(value) for key, value in row.items()}
C:\Users\nicolas\Documents\GitHub\courtside-data\courtside_data\output\field_types.py:405: UserWarning: Failed to coerce '.105' via int, leaving as string
  return {key: get_coercion(key)(value) for key, value in row.items()}
C:\Users\nicolas\Documents\GitHub\courtside-data\courtside_data\output\field_types.py:405: UserWarning: Failed to coerce '.059' via int, leaving as string
  return {key: get_coercion(key)(value) for key, value in row.items()}
C:\Users\nicolas\Documents\GitHub\courtside-data\courtside_data\output\field_types.py:405: UserWarning: Failed to coerce '.386' via int, leaving as string
  return {key: get_coercion(key)(value) for key, value in row.items()}
C:\Users\nicolas\Documents\GitHub\courtside-data\courtside_data\output\field_types.py:405: UserWarning: Failed to coerce '.660' via int, leaving as string
  return {key: get_coercion(key)(value) for key, value in row.items()}
C:\Users\nicolas\Documents\GitHub\courtside-data\courtside_data\output\field_types.py:405: UserWarning: Failed to coerce '.426' via int, leaving as string
  return {key: get_coercion(key)(value) for key, value in row.items()}
C:\Users\nicolas\Documents\GitHub\courtside-data\courtside_data\output\field_types.py:405: UserWarning: Failed to coerce '.380' via int, leaving as string
  return {key: get_coercion(key)(value) for key, value in row.items()}
C:\Users\nicolas\Documents\GitHub\courtside-data\courtside_data\output\field_types.py:405: UserWarning: Failed to coerce '.371' via int, leaving as string
  return {key: get_coercion(key)(value) for key, value in row.items()}
C:\Users\nicolas\Documents\GitHub\courtside-data\courtside_data\output\field_types.py:405: UserWarning: Failed to coerce '.851' via int, leaving as string
  return {key: get_coercion(key)(value) for key, value in row.items()}
C:\Users\nicolas\Documents\GitHub\courtside-data\courtside_data\output\field_types.py:405: UserWarning: Failed to coerce '.056' via int, leaving as string
  return {key: get_coercion(key)(value) for key, value in row.items()}
C:\Users\nicolas\Documents\GitHub\courtside-data\courtside_data\output\field_types.py:405: UserWarning: Failed to coerce '.267' via int, leaving as string
  return {key: get_coercion(key)(value) for key, value in row.items()}
C:\Users\nicolas\Documents\GitHub\courtside-data\courtside_data\output\field_types.py:405: UserWarning: Failed to coerce '.401' via int, leaving as string
  return {key: get_coercion(key)(value) for key, value in row.items()}
C:\Users\nicolas\Documents\GitHub\courtside-data\courtside_data\output\field_types.py:405: UserWarning: Failed to coerce '.606' via int, leaving as string
  return {key: get_coercion(key)(value) for key, value in row.items()}
C:\Users\nicolas\Documents\GitHub\courtside-data\courtside_data\output\field_types.py:405: UserWarning: Failed to coerce '.234' via int, leaving as string
  return {key: get_coercion(key)(value) for key, value in row.items()}
C:\Users\nicolas\Documents\GitHub\courtside-data\courtside_data\output\field_types.py:405: UserWarning: Failed to coerce '.213' via int, leaving as string
  return {key: get_coercion(key)(value) for key, value in row.items()}
C:\Users\nicolas\Documents\GitHub\courtside-data\courtside_data\output\field_types.py:405: UserWarning: Failed to coerce '.098' via int, leaving as string
  return {key: get_coercion(key)(value) for key, value in row.items()}
C:\Users\nicolas\Documents\GitHub\courtside-data\courtside_data\output\field_types.py:405: UserWarning: Failed to coerce '.061' via int, leaving as string
  return {key: get_coercion(key)(value) for key, value in row.items()}
C:\Users\nicolas\Documents\GitHub\courtside-data\courtside_data\output\field_types.py:405: UserWarning: Failed to coerce '.394' via int, leaving as string
  return {key: get_coercion(key)(value) for key, value in row.items()}
C:\Users\nicolas\Documents\GitHub\courtside-data\courtside_data\output\field_types.py:405: UserWarning: Failed to coerce '.545' via int, leaving as string
  return {key: get_coercion(key)(value) for key, value in row.items()}
C:\Users\nicolas\Documents\GitHub\courtside-data\courtside_data\output\field_types.py:405: UserWarning: Failed to coerce '.736' via int, leaving as string
  return {key: get_coercion(key)(value) for key, value in row.items()}
C:\Users\nicolas\Documents\GitHub\courtside-data\courtside_data\output\field_types.py:405: UserWarning: Failed to coerce '.421' via int, leaving as string
  return {key: get_coercion(key)(value) for key, value in row.items()}
C:\Users\nicolas\Documents\GitHub\courtside-data\courtside_data\output\field_types.py:405: UserWarning: Failed to coerce '.381' via int, leaving as string
  return {key: get_coercion(key)(value) for key, value in row.items()}
C:\Users\nicolas\Documents\GitHub\courtside-data\courtside_data\output\field_types.py:405: UserWarning: Failed to coerce '.850' via int, leaving as string
  return {key: get_coercion(key)(value) for key, value in row.items()}
C:\Users\nicolas\Documents\GitHub\courtside-data\courtside_data\output\field_types.py:405: UserWarning: Failed to coerce '.054' via int, leaving as string
  return {key: get_coercion(key)(value) for key, value in row.items()}
C:\Users\nicolas\Documents\GitHub\courtside-data\courtside_data\output\field_types.py:405: UserWarning: Failed to coerce '.264' via int, leaving as string
  return {key: get_coercion(key)(value) for key, value in row.items()}
C:\Users\nicolas\Documents\GitHub\courtside-data\courtside_data\output\field_types.py:405: UserWarning: Failed to coerce '.279' via int, leaving as string
  return {key: get_coercion(key)(value) for key, value in row.items()}
C:\Users\nicolas\Documents\GitHub\courtside-data\courtside_data\output\field_types.py:405: UserWarning: Failed to coerce '.391' via int, leaving as string
  return {key: get_coercion(key)(value) for key, value in row.items()}
C:\Users\nicolas\Documents\GitHub\courtside-data\courtside_data\output\field_types.py:405: UserWarning: Failed to coerce '.641' via int, leaving as string
  return {key: get_coercion(key)(value) for key, value in row.items()}
C:\Users\nicolas\Documents\GitHub\courtside-data\courtside_data\output\field_types.py:405: UserWarning: Failed to coerce '.257' via int, leaving as string
  return {key: get_coercion(key)(value) for key, value in row.items()}
C:\Users\nicolas\Documents\GitHub\courtside-data\courtside_data\output\field_types.py:405: UserWarning: Failed to coerce '.219' via int, leaving as string
  return {key: get_coercion(key)(value) for key, value in row.items()}
C:\Users\nicolas\Documents\GitHub\courtside-data\courtside_data\output\field_types.py:405: UserWarning: Failed to coerce '.111' via int, leaving as string
  return {key: get_coercion(key)(value) for key, value in row.items()}
C:\Users\nicolas\Documents\GitHub\courtside-data\courtside_data\output\field_types.py:405: UserWarning: Failed to coerce '.359' via int, leaving as string
  return {key: get_coercion(key)(value) for key, value in row.items()}
C:\Users\nicolas\Documents\GitHub\courtside-data\courtside_data\output\field_types.py:405: UserWarning: Failed to coerce '.522' via int, leaving as string
  return {key: get_coercion(key)(value) for key, value in row.items()}
C:\Users\nicolas\Documents\GitHub\courtside-data\courtside_data\output\field_types.py:405: UserWarning: Failed to coerce '.686' via int, leaving as string
  return {key: get_coercion(key)(value) for key, value in row.items()}
C:\Users\nicolas\Documents\GitHub\courtside-data\courtside_data\output\field_types.py:405: UserWarning: Failed to coerce '.415' via int, leaving as string
  return {key: get_coercion(key)(value) for key, value in row.items()}
C:\Users\nicolas\Documents\GitHub\courtside-data\courtside_data\output\field_types.py:405: UserWarning: Failed to coerce '.355' via int, leaving as string
  return {key: get_coercion(key)(value) for key, value in row.items()}
C:\Users\nicolas\Documents\GitHub\courtside-data\courtside_data\output\field_types.py:405: UserWarning: Failed to coerce '.550' via int, leaving as string
  return {key: get_coercion(key)(value) for key, value in row.items()}
C:\Users\nicolas\Documents\GitHub\courtside-data\courtside_data\output\field_types.py:405: UserWarning: Failed to coerce '.053' via int, leaving as string
  return {key: get_coercion(key)(value) for key, value in row.items()}
C:\Users\nicolas\Documents\GitHub\courtside-data\courtside_data\output\field_types.py:405: UserWarning: Failed to coerce '.375' via int, leaving as string
  return {key: get_coercion(key)(value) for key, value in row.items()}
C:\Users\nicolas\Documents\GitHub\courtside-data\courtside_data\output\field_types.py:405: UserWarning: Failed to coerce '.633' via int, leaving as string
  return {key: get_coercion(key)(value) for key, value in row.items()}
C:\Users\nicolas\Documents\GitHub\courtside-data\courtside_data\output\field_types.py:405: UserWarning: Failed to coerce '.084' via int, leaving as string
  return {key: get_coercion(key)(value) for key, value in row.items()}
C:\Users\nicolas\Documents\GitHub\courtside-data\courtside_data\output\field_types.py:405: UserWarning: Failed to coerce '.560' via int, leaving as string
  return {key: get_coercion(key)(value) for key, value in row.items()}
C:\Users\nicolas\Documents\GitHub\courtside-data\courtside_data\output\field_types.py:405: UserWarning: Failed to coerce '.716' via int, leaving as string
  return {key: get_coercion(key)(value) for key, value in row.items()}
C:\Users\nicolas\Documents\GitHub\courtside-data\courtside_data\output\field_types.py:405: UserWarning: Failed to coerce '.477' via int, leaving as string
  return {key: get_coercion(key)(value) for key, value in row.items()}
C:\Users\nicolas\Documents\GitHub\courtside-data\courtside_data\output\field_types.py:405: UserWarning: Failed to coerce '.536' via int, leaving as string
  return {key: get_coercion(key)(value) for key, value in row.items()}
C:\Users\nicolas\Documents\GitHub\courtside-data\courtside_data\output\field_types.py:405: UserWarning: Failed to coerce '.838' via int, leaving as string
  return {key: get_coercion(key)(value) for key, value in row.items()}
C:\Users\nicolas\Documents\GitHub\courtside-data\courtside_data\output\field_types.py:405: UserWarning: Failed to coerce '.291' via int, leaving as string
  return {key: get_coercion(key)(value) for key, value in row.items()}
C:\Users\nicolas\Documents\GitHub\courtside-data\courtside_data\output\field_types.py:405: UserWarning: Failed to coerce '.221' via int, leaving as string
  return {key: get_coercion(key)(value) for key, value in row.items()}
C:\Users\nicolas\Documents\GitHub\courtside-data\courtside_data\output\field_types.py:405: UserWarning: Failed to coerce '.159' via int, leaving as string
  return {key: get_coercion(key)(value) for key, value in row.items()}
C:\Users\nicolas\Documents\GitHub\courtside-data\courtside_data\output\field_types.py:405: UserWarning: Failed to coerce '.096' via int, leaving as string
  return {key: get_coercion(key)(value) for key, value in row.items()}
C:\Users\nicolas\Documents\GitHub\courtside-data\courtside_data\output\field_types.py:405: UserWarning: Failed to coerce '.409' via int, leaving as string
  return {key: get_coercion(key)(value) for key, value in row.items()}
C:\Users\nicolas\Documents\GitHub\courtside-data\courtside_data\output\field_types.py:405: UserWarning: Failed to coerce '.539' via int, leaving as string
  return {key: get_coercion(key)(value) for key, value in row.items()}
C:\Users\nicolas\Documents\GitHub\courtside-data\courtside_data\output\field_types.py:405: UserWarning: Failed to coerce '.507' via int, leaving as string
  return {key: get_coercion(key)(value) for key, value in row.items()}
C:\Users\nicolas\Documents\GitHub\courtside-data\courtside_data\output\field_types.py:405: UserWarning: Failed to coerce '.848' via int, leaving as string
  return {key: get_coercion(key)(value) for key, value in row.items()}
C:\Users\nicolas\Documents\GitHub\courtside-data\courtside_data\output\field_types.py:405: UserWarning: Failed to coerce '.047' via int, leaving as string
  return {key: get_coercion(key)(value) for key, value in row.items()}
C:\Users\nicolas\Documents\GitHub\courtside-data\courtside_data\output\field_types.py:405: UserWarning: Failed to coerce '.269' via int, leaving as string
  return {key: get_coercion(key)(value) for key, value in row.items()}
C:\Users\nicolas\Documents\GitHub\courtside-data\courtside_data\output\field_types.py:405: UserWarning: Failed to coerce '.240' via int, leaving as string
  return {key: get_coercion(key)(value) for key, value in row.items()}
C:\Users\nicolas\Documents\GitHub\courtside-data\courtside_data\output\field_types.py:405: UserWarning: Failed to coerce '.385' via int, leaving as string
  return {key: get_coercion(key)(value) for key, value in row.items()}
C:\Users\nicolas\Documents\GitHub\courtside-data\courtside_data\output\field_types.py:405: UserWarning: Failed to coerce '.598' via int, leaving as string
  return {key: get_coercion(key)(value) for key, value in row.items()}
C:\Users\nicolas\Documents\GitHub\courtside-data\courtside_data\output\field_types.py:405: UserWarning: Failed to coerce '.210' via int, leaving as string
  return {key: get_coercion(key)(value) for key, value in row.items()}
C:\Users\nicolas\Documents\GitHub\courtside-data\courtside_data\output\field_types.py:405: UserWarning: Failed to coerce '.232' via int, leaving as string
  return {key: get_coercion(key)(value) for key, value in row.items()}
C:\Users\nicolas\Documents\GitHub\courtside-data\courtside_data\output\field_types.py:405: UserWarning: Failed to coerce '.099' via int, leaving as string
  return {key: get_coercion(key)(value) for key, value in row.items()}
C:\Users\nicolas\Documents\GitHub\courtside-data\courtside_data\output\field_types.py:405: UserWarning: Failed to coerce '.402' via int, leaving as string
  return {key: get_coercion(key)(value) for key, value in row.items()}
C:\Users\nicolas\Documents\GitHub\courtside-data\courtside_data\output\field_types.py:405: UserWarning: Failed to coerce '.540' via int, leaving as string
  return {key: get_coercion(key)(value) for key, value in row.items()}
C:\Users\nicolas\Documents\GitHub\courtside-data\courtside_data\output\field_types.py:405: UserWarning: Failed to coerce '.464' via int, leaving as string
  return {key: get_coercion(key)(value) for key, value in row.items()}
C:\Users\nicolas\Documents\GitHub\courtside-data\courtside_data\output\field_types.py:405: UserWarning: Failed to coerce '.814' via int, leaving as string
  return {key: get_coercion(key)(value) for key, value in row.items()}
C:\Users\nicolas\Documents\GitHub\courtside-data\courtside_data\output\field_types.py:405: UserWarning: Failed to coerce '.052' via int, leaving as string
  return {key: get_coercion(key)(value) for key, value in row.items()}
C:\Users\nicolas\Documents\GitHub\courtside-data\courtside_data\output\field_types.py:405: UserWarning: Failed to coerce '.263' via int, leaving as string
  return {key: get_coercion(key)(value) for key, value in row.items()}
C:\Users\nicolas\Documents\GitHub\courtside-data\courtside_data\output\field_types.py:405: UserWarning: Failed to coerce '.237' via int, leaving as string
  return {key: get_coercion(key)(value) for key, value in row.items()}
C:\Users\nicolas\Documents\GitHub\courtside-data\courtside_data\output\field_types.py:405: UserWarning: Failed to coerce '.374' via int, leaving as string
  return {key: get_coercion(key)(value) for key, value in row.items()}
C:\Users\nicolas\Documents\GitHub\courtside-data\courtside_data\output\field_types.py:405: UserWarning: Failed to coerce '.673' via int, leaving as string
  return {key: get_coercion(key)(value) for key, value in row.items()}
C:\Users\nicolas\Documents\GitHub\courtside-data\courtside_data\output\field_types.py:405: UserWarning: Failed to coerce '.252' via int, leaving as string
  return {key: get_coercion(key)(value) for key, value in row.items()}
C:\Users\nicolas\Documents\GitHub\courtside-data\courtside_data\output\field_types.py:405: UserWarning: Failed to coerce '.327' via int, leaving as string
  return {key: get_coercion(key)(value) for key, value in row.items()}
C:\Users\nicolas\Documents\GitHub\courtside-data\courtside_data\output\field_types.py:405: UserWarning: Failed to coerce '.688' via int, leaving as string
  return {key: get_coercion(key)(value) for key, value in row.items()}
C:\Users\nicolas\Documents\GitHub\courtside-data\courtside_data\output\field_types.py:405: UserWarning: Failed to coerce '.411' via int, leaving as string
  return {key: get_coercion(key)(value) for key, value in row.items()}
C:\Users\nicolas\Documents\GitHub\courtside-data\courtside_data\output\field_types.py:405: UserWarning: Failed to coerce '.365' via int, leaving as string
  return {key: get_coercion(key)(value) for key, value in row.items()}
C:\Users\nicolas\Documents\GitHub\courtside-data\courtside_data\output\field_types.py:405: UserWarning: Failed to coerce '.476' via int, leaving as string
  return {key: get_coercion(key)(value) for key, value in row.items()}
C:\Users\nicolas\Documents\GitHub\courtside-data\courtside_data\output\field_types.py:405: UserWarning: Failed to coerce '.796' via int, leaving as string
  return {key: get_coercion(key)(value) for key, value in row.items()}
C:\Users\nicolas\Documents\GitHub\courtside-data\courtside_data\output\field_types.py:405: UserWarning: Failed to coerce '.062' via int, leaving as string
  return {key: get_coercion(key)(value) for key, value in row.items()}
C:\Users\nicolas\Documents\GitHub\courtside-data\courtside_data\output\field_types.py:405: UserWarning: Failed to coerce '.324' via int, leaving as string
  return {key: get_coercion(key)(value) for key, value in row.items()}
C:\Users\nicolas\Documents\GitHub\courtside-data\courtside_data\output\field_types.py:405: UserWarning: Failed to coerce '.224' via int, leaving as string
  return {key: get_coercion(key)(value) for key, value in row.items()}
C:\Users\nicolas\Documents\GitHub\courtside-data\courtside_data\output\field_types.py:405: UserWarning: Failed to coerce '.602' via int, leaving as string
  return {key: get_coercion(key)(value) for key, value in row.items()}
C:\Users\nicolas\Documents\GitHub\courtside-data\courtside_data\output\field_types.py:405: UserWarning: Failed to coerce '.222' via int, leaving as string
  return {key: get_coercion(key)(value) for key, value in row.items()}
C:\Users\nicolas\Documents\GitHub\courtside-data\courtside_data\output\field_types.py:405: UserWarning: Failed to coerce '.231' via int, leaving as string
  return {key: get_coercion(key)(value) for key, value in row.items()}
C:\Users\nicolas\Documents\GitHub\courtside-data\courtside_data\output\field_types.py:405: UserWarning: Failed to coerce '.090' via int, leaving as string
  return {key: get_coercion(key)(value) for key, value in row.items()}
C:\Users\nicolas\Documents\GitHub\courtside-data\courtside_data\output\field_types.py:405: UserWarning: Failed to coerce '.707' via int, leaving as string
  return {key: get_coercion(key)(value) for key, value in row.items()}
C:\Users\nicolas\Documents\GitHub\courtside-data\courtside_data\output\field_types.py:405: UserWarning: Failed to coerce '.436' via int, leaving as string
  return {key: get_coercion(key)(value) for key, value in row.items()}
C:\Users\nicolas\Documents\GitHub\courtside-data\courtside_data\output\field_types.py:405: UserWarning: Failed to coerce '.363' via int, leaving as string
  return {key: get_coercion(key)(value) for key, value in row.items()}
C:\Users\nicolas\Documents\GitHub\courtside-data\courtside_data\output\field_types.py:405: UserWarning: Failed to coerce '.378' via int, leaving as string
  return {key: get_coercion(key)(value) for key, value in row.items()}
C:\Users\nicolas\Documents\GitHub\courtside-data\courtside_data\output\field_types.py:405: UserWarning: Failed to coerce '.211' via int, leaving as string
  return {key: get_coercion(key)(value) for key, value in row.items()}
C:\Users\nicolas\Documents\GitHub\courtside-data\courtside_data\output\field_types.py:405: UserWarning: Failed to coerce '.223' via int, leaving as string
  return {key: get_coercion(key)(value) for key, value in row.items()}
C:\Users\nicolas\Documents\GitHub\courtside-data\courtside_data\output\field_types.py:405: UserWarning: Failed to coerce '.095' via int, leaving as string
  return {key: get_coercion(key)(value) for key, value in row.items()}
C:\Users\nicolas\Documents\GitHub\courtside-data\courtside_data\output\field_types.py:405: UserWarning: Failed to coerce '.066' via int, leaving as string
  return {key: get_coercion(key)(value) for key, value in row.items()}
C:\Users\nicolas\Documents\GitHub\courtside-data\courtside_data\output\field_types.py:405: UserWarning: Failed to coerce '.724' via int, leaving as string
  return {key: get_coercion(key)(value) for key, value in row.items()}
C:\Users\nicolas\Documents\GitHub\courtside-data\courtside_data\output\field_types.py:405: UserWarning: Failed to coerce '.433' via int, leaving as string
  return {key: get_coercion(key)(value) for key, value in row.items()}
C:\Users\nicolas\Documents\GitHub\courtside-data\courtside_data\output\field_types.py:405: UserWarning: Failed to coerce '.376' via int, leaving as string
  return {key: get_coercion(key)(value) for key, value in row.items()}
C:\Users\nicolas\Documents\GitHub\courtside-data\courtside_data\output\field_types.py:405: UserWarning: Failed to coerce '.842' via int, leaving as string
  return {key: get_coercion(key)(value) for key, value in row.items()}
C:\Users\nicolas\Documents\GitHub\courtside-data\courtside_data\output\field_types.py:405: UserWarning: Failed to coerce '.218' via int, leaving as string
  return {key: get_coercion(key)(value) for key, value in row.items()}
C:\Users\nicolas\Documents\GitHub\courtside-data\courtside_data\output\field_types.py:405: UserWarning: Failed to coerce '.403' via int, leaving as string
  return {key: get_coercion(key)(value) for key, value in row.items()}
C:\Users\nicolas\Documents\GitHub\courtside-data\courtside_data\output\field_types.py:405: UserWarning: Failed to coerce '.592' via int, leaving as string
  return {key: get_coercion(key)(value) for key, value in row.items()}
C:\Users\nicolas\Documents\GitHub\courtside-data\courtside_data\output\field_types.py:405: UserWarning: Failed to coerce '.277' via int, leaving as string
  return {key: get_coercion(key)(value) for key, value in row.items()}
C:\Users\nicolas\Documents\GitHub\courtside-data\courtside_data\output\field_types.py:405: UserWarning: Failed to coerce '.178' via int, leaving as string
  return {key: get_coercion(key)(value) for key, value in row.items()}
C:\Users\nicolas\Documents\GitHub\courtside-data\courtside_data\output\field_types.py:405: UserWarning: Failed to coerce '.085' via int, leaving as string
  return {key: get_coercion(key)(value) for key, value in row.items()}
C:\Users\nicolas\Documents\GitHub\courtside-data\courtside_data\output\field_types.py:405: UserWarning: Failed to coerce '.408' via int, leaving as string
  return {key: get_coercion(key)(value) for key, value in row.items()}
C:\Users\nicolas\Documents\GitHub\courtside-data\courtside_data\output\field_types.py:405: UserWarning: Failed to coerce '.541' via int, leaving as string
  return {key: get_coercion(key)(value) for key, value in row.items()}
C:\Users\nicolas\Documents\GitHub\courtside-data\courtside_data\output\field_types.py:405: UserWarning: Failed to coerce '.667' via int, leaving as string
  return {key: get_coercion(key)(value) for key, value in row.items()}
C:\Users\nicolas\Documents\GitHub\courtside-data\courtside_data\output\field_types.py:405: UserWarning: Failed to coerce '.847' via int, leaving as string
  return {key: get_coercion(key)(value) for key, value in row.items()}
C:\Users\nicolas\Documents\GitHub\courtside-data\courtside_data\output\field_types.py:405: UserWarning: Failed to coerce '.270' via int, leaving as string
  return {key: get_coercion(key)(value) for key, value in row.items()}
C:\Users\nicolas\Documents\GitHub\courtside-data\courtside_data\output\field_types.py:405: UserWarning: Failed to coerce '.215' via int, leaving as string
  return {key: get_coercion(key)(value) for key, value in row.items()}
C:\Users\nicolas\Documents\GitHub\courtside-data\courtside_data\output\field_types.py:405: UserWarning: Failed to coerce '.410' via int, leaving as string
  return {key: get_coercion(key)(value) for key, value in row.items()}
C:\Users\nicolas\Documents\GitHub\courtside-data\courtside_data\output\field_types.py:405: UserWarning: Failed to coerce '.572' via int, leaving as string
  return {key: get_coercion(key)(value) for key, value in row.items()}
C:\Users\nicolas\Documents\GitHub\courtside-data\courtside_data\output\field_types.py:405: UserWarning: Failed to coerce '.092' via int, leaving as string
  return {key: get_coercion(key)(value) for key, value in row.items()}
C:\Users\nicolas\Documents\GitHub\courtside-data\courtside_data\output\field_types.py:405: UserWarning: Failed to coerce '.428' via int, leaving as string
  return {key: get_coercion(key)(value) for key, value in row.items()}
C:\Users\nicolas\Documents\GitHub\courtside-data\courtside_data\output\field_types.py:405: UserWarning: Failed to coerce '.705' via int, leaving as string
  return {key: get_coercion(key)(value) for key, value in row.items()}
C:\Users\nicolas\Documents\GitHub\courtside-data\courtside_data\output\field_types.py:405: UserWarning: Failed to coerce '.493' via int, leaving as string
  return {key: get_coercion(key)(value) for key, value in row.items()}
C:\Users\nicolas\Documents\GitHub\courtside-data\courtside_data\output\field_types.py:405: UserWarning: Failed to coerce '.463' via int, leaving as string
  return {key: get_coercion(key)(value) for key, value in row.items()}
C:\Users\nicolas\Documents\GitHub\courtside-data\courtside_data\output\field_types.py:405: UserWarning: Failed to coerce '.353' via int, leaving as string
  return {key: get_coercion(key)(value) for key, value in row.items()}
C:\Users\nicolas\Documents\GitHub\courtside-data\courtside_data\output\field_types.py:405: UserWarning: Failed to coerce '.856' via int, leaving as string
  return {key: get_coercion(key)(value) for key, value in row.items()}
C:\Users\nicolas\Documents\GitHub\courtside-data\courtside_data\output\field_types.py:405: UserWarning: Failed to coerce '.250' via int, leaving as string
  return {key: get_coercion(key)(value) for key, value in row.items()}
C:\Users\nicolas\Documents\GitHub\courtside-data\courtside_data\output\field_types.py:405: UserWarning: Failed to coerce '.616' via int, leaving as string
  return {key: get_coercion(key)(value) for key, value in row.items()}
C:\Users\nicolas\Documents\GitHub\courtside-data\courtside_data\output\field_types.py:405: UserWarning: Failed to coerce '.196' via int, leaving as string
  return {key: get_coercion(key)(value) for key, value in row.items()}
C:\Users\nicolas\Documents\GitHub\courtside-data\courtside_data\output\field_types.py:405: UserWarning: Failed to coerce '.134' via int, leaving as string
  return {key: get_coercion(key)(value) for key, value in row.items()}
C:\Users\nicolas\Documents\GitHub\courtside-data\courtside_data\output\field_types.py:405: UserWarning: Failed to coerce '.712' via int, leaving as string
  return {key: get_coercion(key)(value) for key, value in row.items()}
C:\Users\nicolas\Documents\GitHub\courtside-data\courtside_data\output\field_types.py:405: UserWarning: Failed to coerce '.435' via int, leaving as string
  return {key: get_coercion(key)(value) for key, value in row.items()}
C:\Users\nicolas\Documents\GitHub\courtside-data\courtside_data\output\field_types.py:405: UserWarning: Failed to coerce '.356' via int, leaving as string
  return {key: get_coercion(key)(value) for key, value in row.items()}
C:\Users\nicolas\Documents\GitHub\courtside-data\courtside_data\output\field_types.py:405: UserWarning: Failed to coerce '.529' via int, leaving as string
  return {key: get_coercion(key)(value) for key, value in row.items()}
C:\Users\nicolas\Documents\GitHub\courtside-data\courtside_data\output\field_types.py:405: UserWarning: Failed to coerce '.255' via int, leaving as string
  return {key: get_coercion(key)(value) for key, value in row.items()}
C:\Users\nicolas\Documents\GitHub\courtside-data\courtside_data\output\field_types.py:405: UserWarning: Failed to coerce '.364' via int, leaving as string
  return {key: get_coercion(key)(value) for key, value in row.items()}
C:\Users\nicolas\Documents\GitHub\courtside-data\courtside_data\output\field_types.py:405: UserWarning: Failed to coerce '.628' via int, leaving as string
  return {key: get_coercion(key)(value) for key, value in row.items()}
C:\Users\nicolas\Documents\GitHub\courtside-data\courtside_data\output\field_types.py:405: UserWarning: Failed to coerce '.226' via int, leaving as string
  return {key: get_coercion(key)(value) for key, value in row.items()}
C:\Users\nicolas\Documents\GitHub\courtside-data\courtside_data\output\field_types.py:405: UserWarning: Failed to coerce '.214' via int, leaving as string
  return {key: get_coercion(key)(value) for key, value in row.items()}
C:\Users\nicolas\Documents\GitHub\courtside-data\courtside_data\output\field_types.py:405: UserWarning: Failed to coerce '.122' via int, leaving as string
  return {key: get_coercion(key)(value) for key, value in row.items()}
C:\Users\nicolas\Documents\GitHub\courtside-data\courtside_data\output\field_types.py:405: UserWarning: Failed to coerce '.354' via int, leaving as string
  return {key: get_coercion(key)(value) for key, value in row.items()}
C:\Users\nicolas\Documents\GitHub\courtside-data\courtside_data\output\field_types.py:405: UserWarning: Failed to coerce '.537' via int, leaving as string
  return {key: get_coercion(key)(value) for key, value in row.items()}
C:\Users\nicolas\Documents\GitHub\courtside-data\courtside_data\output\field_types.py:405: UserWarning: Failed to coerce '.262' via int, leaving as string
  return {key: get_coercion(key)(value) for key, value in row.items()}
C:\Users\nicolas\Documents\GitHub\courtside-data\courtside_data\output\field_types.py:405: UserWarning: Failed to coerce '.235' via int, leaving as string
  return {key: get_coercion(key)(value) for key, value in row.items()}
C:\Users\nicolas\Documents\GitHub\courtside-data\courtside_data\output\field_types.py:405: UserWarning: Failed to coerce '.556' via int, leaving as string
  return {key: get_coercion(key)(value) for key, value in row.items()}
C:\Users\nicolas\Documents\GitHub\courtside-data\courtside_data\output\field_types.py:405: UserWarning: Failed to coerce '.238' via int, leaving as string
  return {key: get_coercion(key)(value) for key, value in row.items()}
C:\Users\nicolas\Documents\GitHub\courtside-data\courtside_data\output\field_types.py:405: UserWarning: Failed to coerce '.181' via int, leaving as string
  return {key: get_coercion(key)(value) for key, value in row.items()}
C:\Users\nicolas\Documents\GitHub\courtside-data\courtside_data\output\field_types.py:405: UserWarning: Failed to coerce '.555' via int, leaving as string
  return {key: get_coercion(key)(value) for key, value in row.items()}
C:\Users\nicolas\Documents\GitHub\courtside-data\courtside_data\output\field_types.py:405: UserWarning: Failed to coerce '.714' via int, leaving as string
  return {key: get_coercion(key)(value) for key, value in row.items()}
C:\Users\nicolas\Documents\GitHub\courtside-data\courtside_data\output\field_types.py:405: UserWarning: Failed to coerce '.397' via int, leaving as string
  return {key: get_coercion(key)(value) for key, value in row.items()}
C:\Users\nicolas\Documents\GitHub\courtside-data\courtside_data\output\field_types.py:405: UserWarning: Failed to coerce '.349' via int, leaving as string
  return {key: get_coercion(key)(value) for key, value in row.items()}
C:\Users\nicolas\Documents\GitHub\courtside-data\courtside_data\output\field_types.py:405: UserWarning: Failed to coerce '.260' via int, leaving as string
  return {key: get_coercion(key)(value) for key, value in row.items()}
C:\Users\nicolas\Documents\GitHub\courtside-data\courtside_data\output\field_types.py:405: UserWarning: Failed to coerce '.171' via int, leaving as string
  return {key: get_coercion(key)(value) for key, value in row.items()}
C:\Users\nicolas\Documents\GitHub\courtside-data\courtside_data\output\field_types.py:405: UserWarning: Failed to coerce '.087' via int, leaving as string
  return {key: get_coercion(key)(value) for key, value in row.items()}
C:\Users\nicolas\Documents\GitHub\courtside-data\courtside_data\output\field_types.py:405: UserWarning: Failed to coerce '.442' via int, leaving as string
  return {key: get_coercion(key)(value) for key, value in row.items()}
C:\Users\nicolas\Documents\GitHub\courtside-data\courtside_data\output\field_types.py:405: UserWarning: Failed to coerce '.432' via int, leaving as string
  return {key: get_coercion(key)(value) for key, value in row.items()}
C:\Users\nicolas\Documents\GitHub\courtside-data\courtside_data\output\field_types.py:405: UserWarning: Failed to coerce '.583' via int, leaving as string
  return {key: get_coercion(key)(value) for key, value in row.items()}
C:\Users\nicolas\Documents\GitHub\courtside-data\courtside_data\output\field_types.py:405: UserWarning: Failed to coerce '.243' via int, leaving as string
  return {key: get_coercion(key)(value) for key, value in row.items()}
C:\Users\nicolas\Documents\GitHub\courtside-data\courtside_data\output\field_types.py:405: UserWarning: Failed to coerce '.195' via int, leaving as string
  return {key: get_coercion(key)(value) for key, value in row.items()}
C:\Users\nicolas\Documents\GitHub\courtside-data\courtside_data\output\field_types.py:405: UserWarning: Failed to coerce '.091' via int, leaving as string
  return {key: get_coercion(key)(value) for key, value in row.items()}
C:\Users\nicolas\Documents\GitHub\courtside-data\courtside_data\output\field_types.py:405: UserWarning: Failed to coerce '.417' via int, leaving as string
  return {key: get_coercion(key)(value) for key, value in row.items()}
C:\Users\nicolas\Documents\GitHub\courtside-data\courtside_data\output\field_types.py:405: UserWarning: Failed to coerce '.652' via int, leaving as string
  return {key: get_coercion(key)(value) for key, value in row.items()}
C:\Users\nicolas\Documents\GitHub\courtside-data\courtside_data\output\field_types.py:405: UserWarning: Failed to coerce '.437' via int, leaving as string
  return {key: get_coercion(key)(value) for key, value in row.items()}
C:\Users\nicolas\Documents\GitHub\courtside-data\courtside_data\output\field_types.py:405: UserWarning: Failed to coerce '.389' via int, leaving as string
  return {key: get_coercion(key)(value) for key, value in row.items()}
C:\Users\nicolas\Documents\GitHub\courtside-data\courtside_data\output\field_types.py:405: UserWarning: Failed to coerce '.361' via int, leaving as string
  return {key: get_coercion(key)(value) for key, value in row.items()}
C:\Users\nicolas\Documents\GitHub\courtside-data\courtside_data\output\field_types.py:405: UserWarning: Failed to coerce '.554' via int, leaving as string
  return {key: get_coercion(key)(value) for key, value in row.items()}
C:\Users\nicolas\Documents\GitHub\courtside-data\courtside_data\output\field_types.py:405: UserWarning: Failed to coerce '.884' via int, leaving as string
  return {key: get_coercion(key)(value) for key, value in row.items()}
C:\Users\nicolas\Documents\GitHub\courtside-data\courtside_data\output\field_types.py:405: UserWarning: Failed to coerce '.275' via int, leaving as string
  return {key: get_coercion(key)(value) for key, value in row.items()}
C:\Users\nicolas\Documents\GitHub\courtside-data\courtside_data\output\field_types.py:405: UserWarning: Failed to coerce '.313' via int, leaving as string
  return {key: get_coercion(key)(value) for key, value in row.items()}
C:\Users\nicolas\Documents\GitHub\courtside-data\courtside_data\output\field_types.py:405: UserWarning: Failed to coerce '.617' via int, leaving as string
  return {key: get_coercion(key)(value) for key, value in row.items()}
C:\Users\nicolas\Documents\GitHub\courtside-data\courtside_data\output\field_types.py:405: UserWarning: Failed to coerce '.230' via int, leaving as string
  return {key: get_coercion(key)(value) for key, value in row.items()}
C:\Users\nicolas\Documents\GitHub\courtside-data\courtside_data\output\field_types.py:405: UserWarning: Failed to coerce '.212' via int, leaving as string
  return {key: get_coercion(key)(value) for key, value in row.items()}
C:\Users\nicolas\Documents\GitHub\courtside-data\courtside_data\output\field_types.py:405: UserWarning: Failed to coerce '.107' via int, leaving as string
  return {key: get_coercion(key)(value) for key, value in row.items()}
C:\Users\nicolas\Documents\GitHub\courtside-data\courtside_data\output\field_types.py:405: UserWarning: Failed to coerce '.068' via int, leaving as string
  return {key: get_coercion(key)(value) for key, value in row.items()}
C:\Users\nicolas\Documents\GitHub\courtside-data\courtside_data\output\field_types.py:405: UserWarning: Failed to coerce '.701' via int, leaving as string
  return {key: get_coercion(key)(value) for key, value in row.items()}
C:\Users\nicolas\Documents\GitHub\courtside-data\courtside_data\output\field_types.py:405: UserWarning: Failed to coerce '.358' via int, leaving as string
  return {key: get_coercion(key)(value) for key, value in row.items()}
C:\Users\nicolas\Documents\GitHub\courtside-data\courtside_data\output\field_types.py:405: UserWarning: Failed to coerce '.806' via int, leaving as string
  return {key: get_coercion(key)(value) for key, value in row.items()}
C:\Users\nicolas\Documents\GitHub\courtside-data\courtside_data\output\field_types.py:405: UserWarning: Failed to coerce '.241' via int, leaving as string
  return {key: get_coercion(key)(value) for key, value in row.items()}
C:\Users\nicolas\Documents\GitHub\courtside-data\courtside_data\output\field_types.py:405: UserWarning: Failed to coerce '.610' via int, leaving as string
  return {key: get_coercion(key)(value) for key, value in row.items()}
C:\Users\nicolas\Documents\GitHub\courtside-data\courtside_data\output\field_types.py:405: UserWarning: Failed to coerce '.268' via int, leaving as string
  return {key: get_coercion(key)(value) for key, value in row.items()}
C:\Users\nicolas\Documents\GitHub\courtside-data\courtside_data\output\field_types.py:405: UserWarning: Failed to coerce '.198' via int, leaving as string
  return {key: get_coercion(key)(value) for key, value in row.items()}
C:\Users\nicolas\Documents\GitHub\courtside-data\courtside_data\output\field_types.py:405: UserWarning: Failed to coerce '.086' via int, leaving as string
  return {key: get_coercion(key)(value) for key, value in row.items()}
C:\Users\nicolas\Documents\GitHub\courtside-data\courtside_data\output\field_types.py:405: UserWarning: Failed to coerce '.058' via int, leaving as string
  return {key: get_coercion(key)(value) for key, value in row.items()}
C:\Users\nicolas\Documents\GitHub\courtside-data\courtside_data\output\field_types.py:405: UserWarning: Failed to coerce '.390' via int, leaving as string
  return {key: get_coercion(key)(value) for key, value in row.items()}
C:\Users\nicolas\Documents\GitHub\courtside-data\courtside_data\output\field_types.py:405: UserWarning: Failed to coerce '.406' via int, leaving as string
  return {key: get_coercion(key)(value) for key, value in row.items()}
C:\Users\nicolas\Documents\GitHub\courtside-data\courtside_data\output\field_types.py:405: UserWarning: Failed to coerce '.863' via int, leaving as string
  return {key: get_coercion(key)(value) for key, value in row.items()}
C:\Users\nicolas\Documents\GitHub\courtside-data\courtside_data\output\field_types.py:405: UserWarning: Failed to coerce '.388' via int, leaving as string
  return {key: get_coercion(key)(value) for key, value in row.items()}
C:\Users\nicolas\Documents\GitHub\courtside-data\courtside_data\output\field_types.py:405: UserWarning: Failed to coerce '.603' via int, leaving as string
  return {key: get_coercion(key)(value) for key, value in row.items()}
C:\Users\nicolas\Documents\GitHub\courtside-data\courtside_data\output\field_types.py:405: UserWarning: Failed to coerce '.194' via int, leaving as string
  return {key: get_coercion(key)(value) for key, value in row.items()}
C:\Users\nicolas\Documents\GitHub\courtside-data\courtside_data\output\field_types.py:405: UserWarning: Failed to coerce '.822' via int, leaving as string
  return {key: get_coercion(key)(value) for key, value in row.items()}
C:\Users\nicolas\Documents\GitHub\courtside-data\courtside_data\output\field_types.py:405: UserWarning: Failed to coerce '.360' via int, leaving as string
  return {key: get_coercion(key)(value) for key, value in row.items()}
C:\Users\nicolas\Documents\GitHub\courtside-data\courtside_data\output\field_types.py:405: UserWarning: Failed to coerce '.201' via int, leaving as string
  return {key: get_coercion(key)(value) for key, value in row.items()}
C:\Users\nicolas\Documents\GitHub\courtside-data\courtside_data\output\field_types.py:405: UserWarning: Failed to coerce '.578' via int, leaving as string
  return {key: get_coercion(key)(value) for key, value in row.items()}
C:\Users\nicolas\Documents\GitHub\courtside-data\courtside_data\output\field_types.py:405: UserWarning: Failed to coerce '.732' via int, leaving as string
  return {key: get_coercion(key)(value) for key, value in row.items()}
C:\Users\nicolas\Documents\GitHub\courtside-data\courtside_data\output\field_types.py:405: UserWarning: Failed to coerce '.351' via int, leaving as string
  return {key: get_coercion(key)(value) for key, value in row.items()}
C:\Users\nicolas\Documents\GitHub\courtside-data\courtside_data\output\field_types.py:405: UserWarning: Failed to coerce '.244' via int, leaving as string
  return {key: get_coercion(key)(value) for key, value in row.items()}
C:\Users\nicolas\Documents\GitHub\courtside-data\courtside_data\output\field_types.py:405: UserWarning: Failed to coerce '.101' via int, leaving as string
  return {key: get_coercion(key)(value) for key, value in row.items()}
C:\Users\nicolas\Documents\GitHub\courtside-data\courtside_data\output\field_types.py:405: UserWarning: Failed to coerce '.699' via int, leaving as string
  return {key: get_coercion(key)(value) for key, value in row.items()}
C:\Users\nicolas\Documents\GitHub\courtside-data\courtside_data\output\field_types.py:405: UserWarning: Failed to coerce '.387' via int, leaving as string
  return {key: get_coercion(key)(value) for key, value in row.items()}
C:\Users\nicolas\Documents\GitHub\courtside-data\courtside_data\output\field_types.py:405: UserWarning: Failed to coerce '.631' via int, leaving as string
  return {key: get_coercion(key)(value) for key, value in row.items()}
C:\Users\nicolas\Documents\GitHub\courtside-data\courtside_data\output\field_types.py:405: UserWarning: Failed to coerce '.193' via int, leaving as string
  return {key: get_coercion(key)(value) for key, value in row.items()}
C:\Users\nicolas\Documents\GitHub\courtside-data\courtside_data\output\field_types.py:405: UserWarning: Failed to coerce '.685' via int, leaving as string
  return {key: get_coercion(key)(value) for key, value in row.items()}
C:\Users\nicolas\Documents\GitHub\courtside-data\courtside_data\output\field_types.py:405: UserWarning: Failed to coerce '.441' via int, leaving as string
  return {key: get_coercion(key)(value) for key, value in row.items()}
C:\Users\nicolas\Documents\GitHub\courtside-data\courtside_data\output\field_types.py:405: UserWarning: Failed to coerce '.373' via int, leaving as string
  return {key: get_coercion(key)(value) for key, value in row.items()}
C:\Users\nicolas\Documents\GitHub\courtside-data\courtside_data\output\field_types.py:405: UserWarning: Failed to coerce '.379' via int, leaving as string
  return {key: get_coercion(key)(value) for key, value in row.items()}
C:\Users\nicolas\Documents\GitHub\courtside-data\courtside_data\output\field_types.py:405: UserWarning: Failed to coerce '.567' via int, leaving as string
  return {key: get_coercion(key)(value) for key, value in row.items()}
C:\Users\nicolas\Documents\GitHub\courtside-data\courtside_data\output\field_types.py:405: UserWarning: Failed to coerce '.855' via int, leaving as string
  return {key: get_coercion(key)(value) for key, value in row.items()}
C:\Users\nicolas\Documents\GitHub\courtside-data\courtside_data\output\field_types.py:405: UserWarning: Failed to coerce '.251' via int, leaving as string
  return {key: get_coercion(key)(value) for key, value in row.items()}
C:\Users\nicolas\Documents\GitHub\courtside-data\courtside_data\output\field_types.py:405: UserWarning: Failed to coerce '.049' via int, leaving as string
  return {key: get_coercion(key)(value) for key, value in row.items()}
C:\Users\nicolas\Documents\GitHub\courtside-data\courtside_data\output\field_types.py:405: UserWarning: Failed to coerce '.466' via int, leaving as string
  return {key: get_coercion(key)(value) for key, value in row.items()}
C:\Users\nicolas\Documents\GitHub\courtside-data\courtside_data\output\field_types.py:405: UserWarning: Failed to coerce '.573' via int, leaving as string
  return {key: get_coercion(key)(value) for key, value in row.items()}
C:\Users\nicolas\Documents\GitHub\courtside-data\courtside_data\output\field_types.py:405: UserWarning: Failed to coerce '.861' via int, leaving as string
  return {key: get_coercion(key)(value) for key, value in row.items()}
C:\Users\nicolas\Documents\GitHub\courtside-data\courtside_data\output\field_types.py:405: UserWarning: Failed to coerce '.072' via int, leaving as string
  return {key: get_coercion(key)(value) for key, value in row.items()}
C:\Users\nicolas\Documents\GitHub\courtside-data\courtside_data\output\field_types.py:405: UserWarning: Failed to coerce '.265' via int, leaving as string
  return {key: get_coercion(key)(value) for key, value in row.items()}
C:\Users\nicolas\Documents\GitHub\courtside-data\courtside_data\output\field_types.py:405: UserWarning: Failed to coerce '.217' via int, leaving as string
  return {key: get_coercion(key)(value) for key, value in row.items()}
C:\Users\nicolas\Documents\GitHub\courtside-data\courtside_data\output\field_types.py:405: UserWarning: Failed to coerce '.635' via int, leaving as string
  return {key: get_coercion(key)(value) for key, value in row.items()}
C:\Users\nicolas\Documents\GitHub\courtside-data\courtside_data\output\field_types.py:405: UserWarning: Failed to coerce '.236' via int, leaving as string
  return {key: get_coercion(key)(value) for key, value in row.items()}
C:\Users\nicolas\Documents\GitHub\courtside-data\courtside_data\output\field_types.py:405: UserWarning: Failed to coerce '.753' via int, leaving as string
  return {key: get_coercion(key)(value) for key, value in row.items()}
C:\Users\nicolas\Documents\GitHub\courtside-data\courtside_data\output\field_types.py:405: UserWarning: Failed to coerce '.362' via int, leaving as string
  return {key: get_coercion(key)(value) for key, value in row.items()}
C:\Users\nicolas\Documents\GitHub\courtside-data\courtside_data\output\field_types.py:405: UserWarning: Failed to coerce '.073' via int, leaving as string
  return {key: get_coercion(key)(value) for key, value in row.items()}
C:\Users\nicolas\Documents\GitHub\courtside-data\courtside_data\output\field_types.py:405: UserWarning: Failed to coerce '.297' via int, leaving as string
  return {key: get_coercion(key)(value) for key, value in row.items()}
[272/341] attendance_shooting_opponent ... ERROR other ValueError  (6.3s)
C:\Users\nicolas\Documents\GitHub\courtside-data\courtside_data\output\field_types.py:405: UserWarning: Failed to coerce '.618' via int, leaving as string
  return {key: get_coercion(key)(value) for key, value in row.items()}
C:\Users\nicolas\Documents\GitHub\courtside-data\courtside_data\output\field_types.py:405: UserWarning: Failed to coerce '.119' via int, leaving as string
  return {key: get_coercion(key)(value) for key, value in row.items()}
C:\Users\nicolas\Documents\GitHub\courtside-data\courtside_data\output\field_types.py:405: UserWarning: Failed to coerce '.382' via int, leaving as string
  return {key: get_coercion(key)(value) for key, value in row.items()}
C:\Users\nicolas\Documents\GitHub\courtside-data\courtside_data\output\field_types.py:405: UserWarning: Failed to coerce '.656' via int, leaving as string
  return {key: get_coercion(key)(value) for key, value in row.items()}
C:\Users\nicolas\Documents\GitHub\courtside-data\courtside_data\output\field_types.py:405: UserWarning: Failed to coerce '.443' via int, leaving as string
  return {key: get_coercion(key)(value) for key, value in row.items()}
C:\Users\nicolas\Documents\GitHub\courtside-data\courtside_data\output\field_types.py:405: UserWarning: Failed to coerce '.504' via int, leaving as string
  return {key: get_coercion(key)(value) for key, value in row.items()}
C:\Users\nicolas\Documents\GitHub\courtside-data\courtside_data\output\field_types.py:405: UserWarning: Failed to coerce '.791' via int, leaving as string
  return {key: get_coercion(key)(value) for key, value in row.items()}
C:\Users\nicolas\Documents\GitHub\courtside-data\courtside_data\output\field_types.py:405: UserWarning: Failed to coerce '.065' via int, leaving as string
  return {key: get_coercion(key)(value) for key, value in row.items()}
C:\Users\nicolas\Documents\GitHub\courtside-data\courtside_data\output\field_types.py:405: UserWarning: Failed to coerce '.207' via int, leaving as string
  return {key: get_coercion(key)(value) for key, value in row.items()}
C:\Users\nicolas\Documents\GitHub\courtside-data\courtside_data\output\field_types.py:405: UserWarning: Failed to coerce '.208' via int, leaving as string
  return {key: get_coercion(key)(value) for key, value in row.items()}
C:\Users\nicolas\Documents\GitHub\courtside-data\courtside_data\output\field_types.py:405: UserWarning: Failed to coerce '.094' via int, leaving as string
  return {key: get_coercion(key)(value) for key, value in row.items()}
C:\Users\nicolas\Documents\GitHub\courtside-data\courtside_data\output\field_types.py:405: UserWarning: Failed to coerce '.693' via int, leaving as string
  return {key: get_coercion(key)(value) for key, value in row.items()}
C:\Users\nicolas\Documents\GitHub\courtside-data\courtside_data\output\field_types.py:405: UserWarning: Failed to coerce '.414' via int, leaving as string
  return {key: get_coercion(key)(value) for key, value in row.items()}
C:\Users\nicolas\Documents\GitHub\courtside-data\courtside_data\output\field_types.py:405: UserWarning: Failed to coerce '.746' via int, leaving as string
  return {key: get_coercion(key)(value) for key, value in row.items()}
C:\Users\nicolas\Documents\GitHub\courtside-data\courtside_data\output\field_types.py:405: UserWarning: Failed to coerce '.191' via int, leaving as string
  return {key: get_coercion(key)(value) for key, value in row.items()}
C:\Users\nicolas\Documents\GitHub\courtside-data\courtside_data\output\field_types.py:405: UserWarning: Failed to coerce '.393' via int, leaving as string
  return {key: get_coercion(key)(value) for key, value in row.items()}
C:\Users\nicolas\Documents\GitHub\courtside-data\courtside_data\output\field_types.py:405: UserWarning: Failed to coerce '.587' via int, leaving as string
  return {key: get_coercion(key)(value) for key, value in row.items()}
C:\Users\nicolas\Documents\GitHub\courtside-data\courtside_data\output\field_types.py:405: UserWarning: Failed to coerce '.164' via int, leaving as string
  return {key: get_coercion(key)(value) for key, value in row.items()}
C:\Users\nicolas\Documents\GitHub\courtside-data\courtside_data\output\field_types.py:405: UserWarning: Failed to coerce '.413' via int, leaving as string
  return {key: get_coercion(key)(value) for key, value in row.items()}
C:\Users\nicolas\Documents\GitHub\courtside-data\courtside_data\output\field_types.py:405: UserWarning: Failed to coerce '.795' via int, leaving as string
  return {key: get_coercion(key)(value) for key, value in row.items()}
C:\Users\nicolas\Documents\GitHub\courtside-data\courtside_data\output\field_types.py:405: UserWarning: Failed to coerce '.220' via int, leaving as string
  return {key: get_coercion(key)(value) for key, value in row.items()}
C:\Users\nicolas\Documents\GitHub\courtside-data\courtside_data\output\field_types.py:405: UserWarning: Failed to coerce '.079' via int, leaving as string
  return {key: get_coercion(key)(value) for key, value in row.items()}
C:\Users\nicolas\Documents\GitHub\courtside-data\courtside_data\output\field_types.py:405: UserWarning: Failed to coerce '.672' via int, leaving as string
  return {key: get_coercion(key)(value) for key, value in row.items()}
C:\Users\nicolas\Documents\GitHub\courtside-data\courtside_data\output\field_types.py:405: UserWarning: Failed to coerce '.048' via int, leaving as string
  return {key: get_coercion(key)(value) for key, value in row.items()}
C:\Users\nicolas\Documents\GitHub\courtside-data\courtside_data\output\field_types.py:405: UserWarning: Failed to coerce '.282' via int, leaving as string
  return {key: get_coercion(key)(value) for key, value in row.items()}
C:\Users\nicolas\Documents\GitHub\courtside-data\courtside_data\output\field_types.py:405: UserWarning: Failed to coerce '.283' via int, leaving as string
  return {key: get_coercion(key)(value) for key, value in row.items()}
C:\Users\nicolas\Documents\GitHub\courtside-data\courtside_data\output\field_types.py:405: UserWarning: Failed to coerce '.166' via int, leaving as string
  return {key: get_coercion(key)(value) for key, value in row.items()}
C:\Users\nicolas\Documents\GitHub\courtside-data\courtside_data\output\field_types.py:405: UserWarning: Failed to coerce '.637' via int, leaving as string
  return {key: get_coercion(key)(value) for key, value in row.items()}
C:\Users\nicolas\Documents\GitHub\courtside-data\courtside_data\output\field_types.py:405: UserWarning: Failed to coerce '.589' via int, leaving as string
  return {key: get_coercion(key)(value) for key, value in row.items()}
C:\Users\nicolas\Documents\GitHub\courtside-data\courtside_data\output\field_types.py:405: UserWarning: Failed to coerce '.831' via int, leaving as string
  return {key: get_coercion(key)(value) for key, value in row.items()}
C:\Users\nicolas\Documents\GitHub\courtside-data\courtside_data\output\field_types.py:405: UserWarning: Failed to coerce '.063' via int, leaving as string
  return {key: get_coercion(key)(value) for key, value in row.items()}
C:\Users\nicolas\Documents\GitHub\courtside-data\courtside_data\output\field_types.py:405: UserWarning: Failed to coerce '.653' via int, leaving as string
  return {key: get_coercion(key)(value) for key, value in row.items()}
C:\Users\nicolas\Documents\GitHub\courtside-data\courtside_data\output\field_types.py:405: UserWarning: Failed to coerce '.310' via int, leaving as string
  return {key: get_coercion(key)(value) for key, value in row.items()}
C:\Users\nicolas\Documents\GitHub\courtside-data\courtside_data\output\field_types.py:405: UserWarning: Failed to coerce '.347' via int, leaving as string
  return {key: get_coercion(key)(value) for key, value in row.items()}
C:\Users\nicolas\Documents\GitHub\courtside-data\courtside_data\output\field_types.py:405: UserWarning: Failed to coerce '.626' via int, leaving as string
  return {key: get_coercion(key)(value) for key, value in row.items()}
C:\Users\nicolas\Documents\GitHub\courtside-data\courtside_data\output\field_types.py:405: UserWarning: Failed to coerce '.419' via int, leaving as string
  return {key: get_coercion(key)(value) for key, value in row.items()}
C:\Users\nicolas\Documents\GitHub\courtside-data\courtside_data\output\field_types.py:405: UserWarning: Failed to coerce '.336' via int, leaving as string
  return {key: get_coercion(key)(value) for key, value in row.items()}
C:\Users\nicolas\Documents\GitHub\courtside-data\courtside_data\output\field_types.py:405: UserWarning: Failed to coerce '.840' via int, leaving as string
  return {key: get_coercion(key)(value) for key, value in row.items()}
C:\Users\nicolas\Documents\GitHub\courtside-data\courtside_data\output\field_types.py:405: UserWarning: Failed to coerce '.289' via int, leaving as string
  return {key: get_coercion(key)(value) for key, value in row.items()}
C:\Users\nicolas\Documents\GitHub\courtside-data\courtside_data\output\field_types.py:405: UserWarning: Failed to coerce '.564' via int, leaving as string
  return {key: get_coercion(key)(value) for key, value in row.items()}
C:\Users\nicolas\Documents\GitHub\courtside-data\courtside_data\output\field_types.py:405: UserWarning: Failed to coerce '.152' via int, leaving as string
  return {key: get_coercion(key)(value) for key, value in row.items()}
C:\Users\nicolas\Documents\GitHub\courtside-data\courtside_data\output\field_types.py:405: UserWarning: Failed to coerce '.715' via int, leaving as string
  return {key: get_coercion(key)(value) for key, value in row.items()}
C:\Users\nicolas\Documents\GitHub\courtside-data\courtside_data\output\field_types.py:405: UserWarning: Failed to coerce '.445' via int, leaving as string
  return {key: get_coercion(key)(value) for key, value in row.items()}
C:\Users\nicolas\Documents\GitHub\courtside-data\courtside_data\output\field_types.py:405: UserWarning: Failed to coerce '.778' via int, leaving as string
  return {key: get_coercion(key)(value) for key, value in row.items()}
C:\Users\nicolas\Documents\GitHub\courtside-data\courtside_data\output\field_types.py:405: UserWarning: Failed to coerce '.081' via int, leaving as string
  return {key: get_coercion(key)(value) for key, value in row.items()}
C:\Users\nicolas\Documents\GitHub\courtside-data\courtside_data\output\field_types.py:405: UserWarning: Failed to coerce '.730' via int, leaving as string
  return {key: get_coercion(key)(value) for key, value in row.items()}
C:\Users\nicolas\Documents\GitHub\courtside-data\courtside_data\output\field_types.py:405: UserWarning: Failed to coerce '.523' via int, leaving as string
  return {key: get_coercion(key)(value) for key, value in row.items()}
C:\Users\nicolas\Documents\GitHub\courtside-data\courtside_data\output\field_types.py:405: UserWarning: Failed to coerce '.051' via int, leaving as string
  return {key: get_coercion(key)(value) for key, value in row.items()}
C:\Users\nicolas\Documents\GitHub\courtside-data\courtside_data\output\field_types.py:405: UserWarning: Failed to coerce '.615' via int, leaving as string
  return {key: get_coercion(key)(value) for key, value in row.items()}
C:\Users\nicolas\Documents\GitHub\courtside-data\courtside_data\output\field_types.py:405: UserWarning: Failed to coerce '.273' via int, leaving as string
  return {key: get_coercion(key)(value) for key, value in row.items()}
C:\Users\nicolas\Documents\GitHub\courtside-data\courtside_data\output\field_types.py:405: UserWarning: Failed to coerce '.515' via int, leaving as string
  return {key: get_coercion(key)(value) for key, value in row.items()}
C:\Users\nicolas\Documents\GitHub\courtside-data\courtside_data\output\field_types.py:405: UserWarning: Failed to coerce '.901' via int, leaving as string
  return {key: get_coercion(key)(value) for key, value in row.items()}
C:\Users\nicolas\Documents\GitHub\courtside-data\courtside_data\output\field_types.py:405: UserWarning: Failed to coerce '.303' via int, leaving as string
  return {key: get_coercion(key)(value) for key, value in row.items()}
C:\Users\nicolas\Documents\GitHub\courtside-data\courtside_data\output\field_types.py:405: UserWarning: Failed to coerce '.561' via int, leaving as string
  return {key: get_coercion(key)(value) for key, value in row.items()}
C:\Users\nicolas\Documents\GitHub\courtside-data\courtside_data\output\field_types.py:405: UserWarning: Failed to coerce '.229' via int, leaving as string
  return {key: get_coercion(key)(value) for key, value in row.items()}
C:\Users\nicolas\Documents\GitHub\courtside-data\courtside_data\output\field_types.py:405: UserWarning: Failed to coerce '.439' via int, leaving as string
  return {key: get_coercion(key)(value) for key, value in row.items()}
C:\Users\nicolas\Documents\GitHub\courtside-data\courtside_data\output\field_types.py:405: UserWarning: Failed to coerce '.709' via int, leaving as string
  return {key: get_coercion(key)(value) for key, value in row.items()}
C:\Users\nicolas\Documents\GitHub\courtside-data\courtside_data\output\field_types.py:405: UserWarning: Failed to coerce '.595' via int, leaving as string
  return {key: get_coercion(key)(value) for key, value in row.items()}
C:\Users\nicolas\Documents\GitHub\courtside-data\courtside_data\output\field_types.py:405: UserWarning: Failed to coerce '.284' via int, leaving as string
  return {key: get_coercion(key)(value) for key, value in row.items()}
C:\Users\nicolas\Documents\GitHub\courtside-data\courtside_data\output\field_types.py:405: UserWarning: Failed to coerce '.158' via int, leaving as string
  return {key: get_coercion(key)(value) for key, value in row.items()}
C:\Users\nicolas\Documents\GitHub\courtside-data\courtside_data\output\field_types.py:405: UserWarning: Failed to coerce '.043' via int, leaving as string
  return {key: get_coercion(key)(value) for key, value in row.items()}
C:\Users\nicolas\Documents\GitHub\courtside-data\courtside_data\output\field_types.py:405: UserWarning: Failed to coerce '.459' via int, leaving as string
  return {key: get_coercion(key)(value) for key, value in row.items()}
C:\Users\nicolas\Documents\GitHub\courtside-data\courtside_data\output\field_types.py:405: UserWarning: Failed to coerce '.532' via int, leaving as string
  return {key: get_coercion(key)(value) for key, value in row.items()}
C:\Users\nicolas\Documents\GitHub\courtside-data\courtside_data\output\field_types.py:405: UserWarning: Failed to coerce '.683' via int, leaving as string
  return {key: get_coercion(key)(value) for key, value in row.items()}
C:\Users\nicolas\Documents\GitHub\courtside-data\courtside_data\output\field_types.py:405: UserWarning: Failed to coerce '.317' via int, leaving as string
  return {key: get_coercion(key)(value) for key, value in row.items()}
C:\Users\nicolas\Documents\GitHub\courtside-data\courtside_data\output\field_types.py:405: UserWarning: Failed to coerce '.339' via int, leaving as string
  return {key: get_coercion(key)(value) for key, value in row.items()}
C:\Users\nicolas\Documents\GitHub\courtside-data\courtside_data\output\field_types.py:405: UserWarning: Failed to coerce '.309' via int, leaving as string
  return {key: get_coercion(key)(value) for key, value in row.items()}
C:\Users\nicolas\Documents\GitHub\courtside-data\courtside_data\output\field_types.py:405: UserWarning: Failed to coerce '.227' via int, leaving as string
  return {key: get_coercion(key)(value) for key, value in row.items()}
C:\Users\nicolas\Documents\GitHub\courtside-data\courtside_data\output\field_types.py:405: UserWarning: Failed to coerce '.342' via int, leaving as string
  return {key: get_coercion(key)(value) for key, value in row.items()}
C:\Users\nicolas\Documents\GitHub\courtside-data\courtside_data\output\field_types.py:405: UserWarning: Failed to coerce '.316' via int, leaving as string
  return {key: get_coercion(key)(value) for key, value in row.items()}
C:\Users\nicolas\Documents\GitHub\courtside-data\courtside_data\output\field_types.py:405: UserWarning: Failed to coerce '.176' via int, leaving as string
  return {key: get_coercion(key)(value) for key, value in row.items()}
C:\Users\nicolas\Documents\GitHub\courtside-data\courtside_data\output\field_types.py:405: UserWarning: Failed to coerce '.655' via int, leaving as string
  return {key: get_coercion(key)(value) for key, value in row.items()}
C:\Users\nicolas\Documents\GitHub\courtside-data\courtside_data\output\field_types.py:405: UserWarning: Failed to coerce '.880' via int, leaving as string
  return {key: get_coercion(key)(value) for key, value in row.items()}
C:\Users\nicolas\Documents\GitHub\courtside-data\courtside_data\output\field_types.py:405: UserWarning: Failed to coerce '.033' via int, leaving as string
  return {key: get_coercion(key)(value) for key, value in row.items()}
C:\Users\nicolas\Documents\GitHub\courtside-data\courtside_data\output\field_types.py:405: UserWarning: Failed to coerce '.341' via int, leaving as string
  return {key: get_coercion(key)(value) for key, value in row.items()}
C:\Users\nicolas\Documents\GitHub\courtside-data\courtside_data\output\field_types.py:405: UserWarning: Failed to coerce '.121' via int, leaving as string
  return {key: get_coercion(key)(value) for key, value in row.items()}
C:\Users\nicolas\Documents\GitHub\courtside-data\courtside_data\output\field_types.py:405: UserWarning: Failed to coerce '.446' via int, leaving as string
  return {key: get_coercion(key)(value) for key, value in row.items()}
C:\Users\nicolas\Documents\GitHub\courtside-data\courtside_data\output\field_types.py:405: UserWarning: Failed to coerce '.834' via int, leaving as string
  return {key: get_coercion(key)(value) for key, value in row.items()}
C:\Users\nicolas\Documents\GitHub\courtside-data\courtside_data\output\field_types.py:405: UserWarning: Failed to coerce '.288' via int, leaving as string
  return {key: get_coercion(key)(value) for key, value in row.items()}
C:\Users\nicolas\Documents\GitHub\courtside-data\courtside_data\output\field_types.py:405: UserWarning: Failed to coerce '.167' via int, leaving as string
  return {key: get_coercion(key)(value) for key, value in row.items()}
C:\Users\nicolas\Documents\GitHub\courtside-data\courtside_data\output\field_types.py:405: UserWarning: Failed to coerce '.077' via int, leaving as string
  return {key: get_coercion(key)(value) for key, value in row.items()}
C:\Users\nicolas\Documents\GitHub\courtside-data\courtside_data\output\field_types.py:405: UserWarning: Failed to coerce '.350' via int, leaving as string
  return {key: get_coercion(key)(value) for key, value in row.items()}
C:\Users\nicolas\Documents\GitHub\courtside-data\courtside_data\output\field_types.py:405: UserWarning: Failed to coerce '.877' via int, leaving as string
  return {key: get_coercion(key)(value) for key, value in row.items()}
C:\Users\nicolas\Documents\GitHub\courtside-data\courtside_data\output\field_types.py:405: UserWarning: Failed to coerce '.658' via int, leaving as string
  return {key: get_coercion(key)(value) for key, value in row.items()}
C:\Users\nicolas\Documents\GitHub\courtside-data\courtside_data\output\field_types.py:405: UserWarning: Failed to coerce '.141' via int, leaving as string
  return {key: get_coercion(key)(value) for key, value in row.items()}
C:\Users\nicolas\Documents\GitHub\courtside-data\courtside_data\output\field_types.py:405: UserWarning: Failed to coerce '.046' via int, leaving as string
  return {key: get_coercion(key)(value) for key, value in row.items()}
C:\Users\nicolas\Documents\GitHub\courtside-data\courtside_data\output\field_types.py:405: UserWarning: Failed to coerce '.661' via int, leaving as string
  return {key: get_coercion(key)(value) for key, value in row.items()}
C:\Users\nicolas\Documents\GitHub\courtside-data\courtside_data\output\field_types.py:405: UserWarning: Failed to coerce '.543' via int, leaving as string
  return {key: get_coercion(key)(value) for key, value in row.items()}
C:\Users\nicolas\Documents\GitHub\courtside-data\courtside_data\output\field_types.py:405: UserWarning: Failed to coerce '.872' via int, leaving as string
  return {key: get_coercion(key)(value) for key, value in row.items()}
C:\Users\nicolas\Documents\GitHub\courtside-data\courtside_data\output\field_types.py:405: UserWarning: Failed to coerce '.258' via int, leaving as string
  return {key: get_coercion(key)(value) for key, value in row.items()}
C:\Users\nicolas\Documents\GitHub\courtside-data\courtside_data\output\field_types.py:405: UserWarning: Failed to coerce '.568' via int, leaving as string
  return {key: get_coercion(key)(value) for key, value in row.items()}
C:\Users\nicolas\Documents\GitHub\courtside-data\courtside_data\output\field_types.py:405: UserWarning: Failed to coerce '.247' via int, leaving as string
  return {key: get_coercion(key)(value) for key, value in row.items()}
C:\Users\nicolas\Documents\GitHub\courtside-data\courtside_data\output\field_types.py:405: UserWarning: Failed to coerce '.161' via int, leaving as string
  return {key: get_coercion(key)(value) for key, value in row.items()}
C:\Users\nicolas\Documents\GitHub\courtside-data\courtside_data\output\field_types.py:405: UserWarning: Failed to coerce '.719' via int, leaving as string
  return {key: get_coercion(key)(value) for key, value in row.items()}
C:\Users\nicolas\Documents\GitHub\courtside-data\courtside_data\output\field_types.py:405: UserWarning: Failed to coerce '.562' via int, leaving as string
  return {key: get_coercion(key)(value) for key, value in row.items()}
C:\Users\nicolas\Documents\GitHub\courtside-data\courtside_data\output\field_types.py:405: UserWarning: Failed to coerce '.893' via int, leaving as string
  return {key: get_coercion(key)(value) for key, value in row.items()}
C:\Users\nicolas\Documents\GitHub\courtside-data\courtside_data\output\field_types.py:405: UserWarning: Failed to coerce '.239' via int, leaving as string
  return {key: get_coercion(key)(value) for key, value in row.items()}
C:\Users\nicolas\Documents\GitHub\courtside-data\courtside_data\output\field_types.py:405: UserWarning: Failed to coerce '.155' via int, leaving as string
  return {key: get_coercion(key)(value) for key, value in row.items()}
C:\Users\nicolas\Documents\GitHub\courtside-data\courtside_data\output\field_types.py:405: UserWarning: Failed to coerce '.104' via int, leaving as string
  return {key: get_coercion(key)(value) for key, value in row.items()}
C:\Users\nicolas\Documents\GitHub\courtside-data\courtside_data\output\field_types.py:405: UserWarning: Failed to coerce '.082' via int, leaving as string
  return {key: get_coercion(key)(value) for key, value in row.items()}
C:\Users\nicolas\Documents\GitHub\courtside-data\courtside_data\output\field_types.py:405: UserWarning: Failed to coerce '.717' via int, leaving as string
  return {key: get_coercion(key)(value) for key, value in row.items()}
C:\Users\nicolas\Documents\GitHub\courtside-data\courtside_data\output\field_types.py:405: UserWarning: Failed to coerce '.457' via int, leaving as string
  return {key: get_coercion(key)(value) for key, value in row.items()}
C:\Users\nicolas\Documents\GitHub\courtside-data\courtside_data\output\field_types.py:405: UserWarning: Failed to coerce '.782' via int, leaving as string
  return {key: get_coercion(key)(value) for key, value in row.items()}
C:\Users\nicolas\Documents\GitHub\courtside-data\courtside_data\output\field_types.py:405: UserWarning: Failed to coerce '.299' via int, leaving as string
  return {key: get_coercion(key)(value) for key, value in row.items()}
C:\Users\nicolas\Documents\GitHub\courtside-data\courtside_data\output\field_types.py:405: UserWarning: Failed to coerce '.172' via int, leaving as string
  return {key: get_coercion(key)(value) for key, value in row.items()}
C:\Users\nicolas\Documents\GitHub\courtside-data\courtside_data\output\field_types.py:405: UserWarning: Failed to coerce '.518' via int, leaving as string
  return {key: get_coercion(key)(value) for key, value in row.items()}
C:\Users\nicolas\Documents\GitHub\courtside-data\courtside_data\output\field_types.py:405: UserWarning: Failed to coerce '.650' via int, leaving as string
  return {key: get_coercion(key)(value) for key, value in row.items()}
C:\Users\nicolas\Documents\GitHub\courtside-data\courtside_data\output\field_types.py:405: UserWarning: Failed to coerce '.835' via int, leaving as string
  return {key: get_coercion(key)(value) for key, value in row.items()}
C:\Users\nicolas\Documents\GitHub\courtside-data\courtside_data\output\field_types.py:405: UserWarning: Failed to coerce '.311' via int, leaving as string
  return {key: get_coercion(key)(value) for key, value in row.items()}
C:\Users\nicolas\Documents\GitHub\courtside-data\courtside_data\output\field_types.py:405: UserWarning: Failed to coerce '.544' via int, leaving as string
  return {key: get_coercion(key)(value) for key, value in row.items()}
C:\Users\nicolas\Documents\GitHub\courtside-data\courtside_data\output\field_types.py:405: UserWarning: Failed to coerce '.871' via int, leaving as string
  return {key: get_coercion(key)(value) for key, value in row.items()}
C:\Users\nicolas\Documents\GitHub\courtside-data\courtside_data\output\field_types.py:405: UserWarning: Failed to coerce '.345' via int, leaving as string
  return {key: get_coercion(key)(value) for key, value in row.items()}
C:\Users\nicolas\Documents\GitHub\courtside-data\courtside_data\output\field_types.py:405: UserWarning: Failed to coerce '.254' via int, leaving as string
  return {key: get_coercion(key)(value) for key, value in row.items()}
C:\Users\nicolas\Documents\GitHub\courtside-data\courtside_data\output\field_types.py:405: UserWarning: Failed to coerce '.190' via int, leaving as string
  return {key: get_coercion(key)(value) for key, value in row.items()}
C:\Users\nicolas\Documents\GitHub\courtside-data\courtside_data\output\field_types.py:405: UserWarning: Failed to coerce '.118' via int, leaving as string
  return {key: get_coercion(key)(value) for key, value in row.items()}
C:\Users\nicolas\Documents\GitHub\courtside-data\courtside_data\output\field_types.py:405: UserWarning: Failed to coerce '.601' via int, leaving as string
  return {key: get_coercion(key)(value) for key, value in row.items()}
C:\Users\nicolas\Documents\GitHub\courtside-data\courtside_data\output\field_types.py:405: UserWarning: Failed to coerce '.200' via int, leaving as string
  return {key: get_coercion(key)(value) for key, value in row.items()}
C:\Users\nicolas\Documents\GitHub\courtside-data\courtside_data\output\field_types.py:405: UserWarning: Failed to coerce '.824' via int, leaving as string
  return {key: get_coercion(key)(value) for key, value in row.items()}
C:\Users\nicolas\Documents\GitHub\courtside-data\courtside_data\output\field_types.py:405: UserWarning: Failed to coerce '.314' via int, leaving as string
  return {key: get_coercion(key)(value) for key, value in row.items()}
C:\Users\nicolas\Documents\GitHub\courtside-data\courtside_data\output\field_types.py:405: UserWarning: Failed to coerce '.644' via int, leaving as string
  return {key: get_coercion(key)(value) for key, value in row.items()}
C:\Users\nicolas\Documents\GitHub\courtside-data\courtside_data\output\field_types.py:405: UserWarning: Failed to coerce '.109' via int, leaving as string
  return {key: get_coercion(key)(value) for key, value in row.items()}
C:\Users\nicolas\Documents\GitHub\courtside-data\courtside_data\output\field_types.py:405: UserWarning: Failed to coerce '.343' via int, leaving as string
  return {key: get_coercion(key)(value) for key, value in row.items()}
C:\Users\nicolas\Documents\GitHub\courtside-data\courtside_data\output\field_types.py:405: UserWarning: Failed to coerce '.827' via int, leaving as string
  return {key: get_coercion(key)(value) for key, value in row.items()}
C:\Users\nicolas\Documents\GitHub\courtside-data\courtside_data\output\field_types.py:405: UserWarning: Failed to coerce '.036' via int, leaving as string
  return {key: get_coercion(key)(value) for key, value in row.items()}
C:\Users\nicolas\Documents\GitHub\courtside-data\courtside_data\output\field_types.py:405: UserWarning: Failed to coerce '.150' via int, leaving as string
  return {key: get_coercion(key)(value) for key, value in row.items()}
C:\Users\nicolas\Documents\GitHub\courtside-data\courtside_data\output\field_types.py:405: UserWarning: Failed to coerce '.203' via int, leaving as string
  return {key: get_coercion(key)(value) for key, value in row.items()}
C:\Users\nicolas\Documents\GitHub\courtside-data\courtside_data\output\field_types.py:405: UserWarning: Failed to coerce '.117' via int, leaving as string
  return {key: get_coercion(key)(value) for key, value in row.items()}
C:\Users\nicolas\Documents\GitHub\courtside-data\courtside_data\output\field_types.py:405: UserWarning: Failed to coerce '.894' via int, leaving as string
  return {key: get_coercion(key)(value) for key, value in row.items()}
C:\Users\nicolas\Documents\GitHub\courtside-data\courtside_data\output\field_types.py:405: UserWarning: Failed to coerce '.148' via int, leaving as string
  return {key: get_coercion(key)(value) for key, value in row.items()}
C:\Users\nicolas\Documents\GitHub\courtside-data\courtside_data\output\field_types.py:405: UserWarning: Failed to coerce '.718' via int, leaving as string
  return {key: get_coercion(key)(value) for key, value in row.items()}
C:\Users\nicolas\Documents\GitHub\courtside-data\courtside_data\output\field_types.py:405: UserWarning: Failed to coerce '.849' via int, leaving as string
  return {key: get_coercion(key)(value) for key, value in row.items()}
C:\Users\nicolas\Documents\GitHub\courtside-data\courtside_data\output\field_types.py:405: UserWarning: Failed to coerce '.039' via int, leaving as string
  return {key: get_coercion(key)(value) for key, value in row.items()}
C:\Users\nicolas\Documents\GitHub\courtside-data\courtside_data\output\field_types.py:405: UserWarning: Failed to coerce '.133' via int, leaving as string
  return {key: get_coercion(key)(value) for key, value in row.items()}
C:\Users\nicolas\Documents\GitHub\courtside-data\courtside_data\output\field_types.py:405: UserWarning: Failed to coerce '.089' via int, leaving as string
  return {key: get_coercion(key)(value) for key, value in row.items()}
C:\Users\nicolas\Documents\GitHub\courtside-data\courtside_data\output\field_types.py:405: UserWarning: Failed to coerce '.624' via int, leaving as string
  return {key: get_coercion(key)(value) for key, value in row.items()}
C:\Users\nicolas\Documents\GitHub\courtside-data\courtside_data\output\field_types.py:405: UserWarning: Failed to coerce '.249' via int, leaving as string
  return {key: get_coercion(key)(value) for key, value in row.items()}
C:\Users\nicolas\Documents\GitHub\courtside-data\courtside_data\output\field_types.py:405: UserWarning: Failed to coerce '.106' via int, leaving as string
  return {key: get_coercion(key)(value) for key, value in row.items()}
C:\Users\nicolas\Documents\GitHub\courtside-data\courtside_data\output\field_types.py:405: UserWarning: Failed to coerce '.805' via int, leaving as string
  return {key: get_coercion(key)(value) for key, value in row.items()}
C:\Users\nicolas\Documents\GitHub\courtside-data\courtside_data\output\field_types.py:405: UserWarning: Failed to coerce '.199' via int, leaving as string
  return {key: get_coercion(key)(value) for key, value in row.items()}
C:\Users\nicolas\Documents\GitHub\courtside-data\courtside_data\output\field_types.py:405: UserWarning: Failed to coerce '.142' via int, leaving as string
  return {key: get_coercion(key)(value) for key, value in row.items()}
C:\Users\nicolas\Documents\GitHub\courtside-data\courtside_data\output\field_types.py:405: UserWarning: Failed to coerce '.035' via int, leaving as string
  return {key: get_coercion(key)(value) for key, value in row.items()}
C:\Users\nicolas\Documents\GitHub\courtside-data\courtside_data\output\field_types.py:405: UserWarning: Failed to coerce '.662' via int, leaving as string
  return {key: get_coercion(key)(value) for key, value in row.items()}
C:\Users\nicolas\Documents\GitHub\courtside-data\courtside_data\output\field_types.py:405: UserWarning: Failed to coerce '.286' via int, leaving as string
  return {key: get_coercion(key)(value) for key, value in row.items()}
C:\Users\nicolas\Documents\GitHub\courtside-data\courtside_data\output\field_types.py:405: UserWarning: Failed to coerce '.225' via int, leaving as string
  return {key: get_coercion(key)(value) for key, value in row.items()}
C:\Users\nicolas\Documents\GitHub\courtside-data\courtside_data\output\field_types.py:405: UserWarning: Failed to coerce '.069' via int, leaving as string
  return {key: get_coercion(key)(value) for key, value in row.items()}
C:\Users\nicolas\Documents\GitHub\courtside-data\courtside_data\output\field_types.py:405: UserWarning: Failed to coerce '.488' via int, leaving as string
  return {key: get_coercion(key)(value) for key, value in row.items()}
C:\Users\nicolas\Documents\GitHub\courtside-data\courtside_data\output\field_types.py:405: UserWarning: Failed to coerce '.703' via int, leaving as string
  return {key: get_coercion(key)(value) for key, value in row.items()}
C:\Users\nicolas\Documents\GitHub\courtside-data\courtside_data\output\field_types.py:405: UserWarning: Failed to coerce '.763' via int, leaving as string
  return {key: get_coercion(key)(value) for key, value in row.items()}
C:\Users\nicolas\Documents\GitHub\courtside-data\courtside_data\output\field_types.py:405: UserWarning: Failed to coerce '.681' via int, leaving as string
  return {key: get_coercion(key)(value) for key, value in row.items()}
C:\Users\nicolas\Documents\GitHub\courtside-data\courtside_data\output\field_types.py:405: UserWarning: Failed to coerce '.114' via int, leaving as string
  return {key: get_coercion(key)(value) for key, value in row.items()}
C:\Users\nicolas\Documents\GitHub\courtside-data\courtside_data\output\field_types.py:405: UserWarning: Failed to coerce '.319' via int, leaving as string
  return {key: get_coercion(key)(value) for key, value in row.items()}
C:\Users\nicolas\Documents\GitHub\courtside-data\courtside_data\output\field_types.py:405: UserWarning: Failed to coerce '.533' via int, leaving as string
  return {key: get_coercion(key)(value) for key, value in row.items()}
C:\Users\nicolas\Documents\GitHub\courtside-data\courtside_data\output\field_types.py:405: UserWarning: Failed to coerce '.695' via int, leaving as string
  return {key: get_coercion(key)(value) for key, value in row.items()}
[273/341] attendance_shooting_team ... ERROR other ValueError  (6.3s)
[274/341] attendance_totals_opponent ... OK  (rows=30, 6.6s)
[275/341] attendance_totals_team ... OK  (rows=30, 6.4s)
[276/341] players_advanced_season_totals_advanced_post ... OK  (rows=213, 7.0s)
[277/341] league_per_36_minutes_per_minute_stats_post ... OK  (rows=218, 6.7s)
[278/341] league_per_100_possessions_per_poss_post ... OK  (rows=211, 6.5s)
C:\Users\nicolas\Documents\GitHub\courtside-data\courtside_data\output\field_types.py:405: UserWarning: Failed to coerce '.585' via int, leaving as string
  return {key: get_coercion(key)(value) for key, value in row.items()}
C:\Users\nicolas\Documents\GitHub\courtside-data\courtside_data\output\field_types.py:405: UserWarning: Failed to coerce '.083' via int, leaving as string
  return {key: get_coercion(key)(value) for key, value in row.items()}
C:\Users\nicolas\Documents\GitHub\courtside-data\courtside_data\output\field_types.py:405: UserWarning: Failed to coerce '.643' via int, leaving as string
  return {key: get_coercion(key)(value) for key, value in row.items()}
C:\Users\nicolas\Documents\GitHub\courtside-data\courtside_data\output\field_types.py:405: UserWarning: Failed to coerce '.333' via int, leaving as string
  return {key: get_coercion(key)(value) for key, value in row.items()}
C:\Users\nicolas\Documents\GitHub\courtside-data\courtside_data\output\field_types.py:405: UserWarning: Failed to coerce '.636' via int, leaving as string
  return {key: get_coercion(key)(value) for key, value in row.items()}
C:\Users\nicolas\Documents\GitHub\courtside-data\courtside_data\output\field_types.py:405: UserWarning: Failed to coerce '.040' via int, leaving as string
  return {key: get_coercion(key)(value) for key, value in row.items()}
C:\Users\nicolas\Documents\GitHub\courtside-data\courtside_data\output\field_types.py:405: UserWarning: Failed to coerce '.184' via int, leaving as string
  return {key: get_coercion(key)(value) for key, value in row.items()}
C:\Users\nicolas\Documents\GitHub\courtside-data\courtside_data\output\field_types.py:405: UserWarning: Failed to coerce '.129' via int, leaving as string
  return {key: get_coercion(key)(value) for key, value in row.items()}
C:\Users\nicolas\Documents\GitHub\courtside-data\courtside_data\output\field_types.py:405: UserWarning: Failed to coerce '.581' via int, leaving as string
  return {key: get_coercion(key)(value) for key, value in row.items()}
C:\Users\nicolas\Documents\GitHub\courtside-data\courtside_data\output\field_types.py:405: UserWarning: Failed to coerce '.767' via int, leaving as string
  return {key: get_coercion(key)(value) for key, value in row.items()}
C:\Users\nicolas\Documents\GitHub\courtside-data\courtside_data\output\field_types.py:405: UserWarning: Failed to coerce '.180' via int, leaving as string
  return {key: get_coercion(key)(value) for key, value in row.items()}
C:\Users\nicolas\Documents\GitHub\courtside-data\courtside_data\output\field_types.py:405: UserWarning: Failed to coerce '.187' via int, leaving as string
  return {key: get_coercion(key)(value) for key, value in row.items()}
C:\Users\nicolas\Documents\GitHub\courtside-data\courtside_data\output\field_types.py:405: UserWarning: Failed to coerce '.192' via int, leaving as string
  return {key: get_coercion(key)(value) for key, value in row.items()}
C:\Users\nicolas\Documents\GitHub\courtside-data\courtside_data\output\field_types.py:405: UserWarning: Failed to coerce '.088' via int, leaving as string
  return {key: get_coercion(key)(value) for key, value in row.items()}
C:\Users\nicolas\Documents\GitHub\courtside-data\courtside_data\output\field_types.py:405: UserWarning: Failed to coerce '.026' via int, leaving as string
  return {key: get_coercion(key)(value) for key, value in row.items()}
C:\Users\nicolas\Documents\GitHub\courtside-data\courtside_data\output\field_types.py:405: UserWarning: Failed to coerce '.750' via int, leaving as string
  return {key: get_coercion(key)(value) for key, value in row.items()}
C:\Users\nicolas\Documents\GitHub\courtside-data\courtside_data\output\field_types.py:405: UserWarning: Failed to coerce '.706' via int, leaving as string
  return {key: get_coercion(key)(value) for key, value in row.items()}
C:\Users\nicolas\Documents\GitHub\courtside-data\courtside_data\output\field_types.py:405: UserWarning: Failed to coerce '.979' via int, leaving as string
  return {key: get_coercion(key)(value) for key, value in row.items()}
C:\Users\nicolas\Documents\GitHub\courtside-data\courtside_data\output\field_types.py:405: UserWarning: Failed to coerce '.041' via int, leaving as string
  return {key: get_coercion(key)(value) for key, value in row.items()}
C:\Users\nicolas\Documents\GitHub\courtside-data\courtside_data\output\field_types.py:405: UserWarning: Failed to coerce '.357' via int, leaving as string
  return {key: get_coercion(key)(value) for key, value in row.items()}
C:\Users\nicolas\Documents\GitHub\courtside-data\courtside_data\output\field_types.py:405: UserWarning: Failed to coerce '.136' via int, leaving as string
  return {key: get_coercion(key)(value) for key, value in row.items()}
C:\Users\nicolas\Documents\GitHub\courtside-data\courtside_data\output\field_types.py:405: UserWarning: Failed to coerce '.728' via int, leaving as string
  return {key: get_coercion(key)(value) for key, value in row.items()}
C:\Users\nicolas\Documents\GitHub\courtside-data\courtside_data\output\field_types.py:405: UserWarning: Failed to coerce '.935' via int, leaving as string
  return {key: get_coercion(key)(value) for key, value in row.items()}
C:\Users\nicolas\Documents\GitHub\courtside-data\courtside_data\output\field_types.py:405: UserWarning: Failed to coerce '.014' via int, leaving as string
  return {key: get_coercion(key)(value) for key, value in row.items()}
C:\Users\nicolas\Documents\GitHub\courtside-data\courtside_data\output\field_types.py:405: UserWarning: Failed to coerce '.305' via int, leaving as string
  return {key: get_coercion(key)(value) for key, value in row.items()}
C:\Users\nicolas\Documents\GitHub\courtside-data\courtside_data\output\field_types.py:405: UserWarning: Failed to coerce '.344' via int, leaving as string
  return {key: get_coercion(key)(value) for key, value in row.items()}
C:\Users\nicolas\Documents\GitHub\courtside-data\courtside_data\output\field_types.py:405: UserWarning: Failed to coerce '1.000' via int, leaving as string
  return {key: get_coercion(key)(value) for key, value in row.items()}
C:\Users\nicolas\Documents\GitHub\courtside-data\courtside_data\output\field_types.py:405: UserWarning: Failed to coerce '.102' via int, leaving as string
  return {key: get_coercion(key)(value) for key, value in row.items()}
C:\Users\nicolas\Documents\GitHub\courtside-data\courtside_data\output\field_types.py:405: UserWarning: Failed to coerce '.692' via int, leaving as string
  return {key: get_coercion(key)(value) for key, value in row.items()}
C:\Users\nicolas\Documents\GitHub\courtside-data\courtside_data\output\field_types.py:405: UserWarning: Failed to coerce '.000' via int, leaving as string
  return {key: get_coercion(key)(value) for key, value in row.items()}
C:\Users\nicolas\Documents\GitHub\courtside-data\courtside_data\output\field_types.py:405: UserWarning: Failed to coerce '.154' via int, leaving as string
  return {key: get_coercion(key)(value) for key, value in row.items()}
C:\Users\nicolas\Documents\GitHub\courtside-data\courtside_data\output\field_types.py:405: UserWarning: Failed to coerce '.032' via int, leaving as string
  return {key: get_coercion(key)(value) for key, value in row.items()}
C:\Users\nicolas\Documents\GitHub\courtside-data\courtside_data\output\field_types.py:405: UserWarning: Failed to coerce '.491' via int, leaving as string
  return {key: get_coercion(key)(value) for key, value in row.items()}
C:\Users\nicolas\Documents\GitHub\courtside-data\courtside_data\output\field_types.py:405: UserWarning: Failed to coerce '.938' via int, leaving as string
  return {key: get_coercion(key)(value) for key, value in row.items()}
C:\Users\nicolas\Documents\GitHub\courtside-data\courtside_data\output\field_types.py:405: UserWarning: Failed to coerce '.132' via int, leaving as string
  return {key: get_coercion(key)(value) for key, value in row.items()}
C:\Users\nicolas\Documents\GitHub\courtside-data\courtside_data\output\field_types.py:405: UserWarning: Failed to coerce '.020' via int, leaving as string
  return {key: get_coercion(key)(value) for key, value in row.items()}
C:\Users\nicolas\Documents\GitHub\courtside-data\courtside_data\output\field_types.py:405: UserWarning: Failed to coerce '.013' via int, leaving as string
  return {key: get_coercion(key)(value) for key, value in row.items()}
C:\Users\nicolas\Documents\GitHub\courtside-data\courtside_data\output\field_types.py:405: UserWarning: Failed to coerce '.868' via int, leaving as string
  return {key: get_coercion(key)(value) for key, value in row.items()}
C:\Users\nicolas\Documents\GitHub\courtside-data\courtside_data\output\field_types.py:405: UserWarning: Failed to coerce '.500' via int, leaving as string
  return {key: get_coercion(key)(value) for key, value in row.items()}
C:\Users\nicolas\Documents\GitHub\courtside-data\courtside_data\output\field_types.py:405: UserWarning: Failed to coerce '.962' via int, leaving as string
  return {key: get_coercion(key)(value) for key, value in row.items()}
C:\Users\nicolas\Documents\GitHub\courtside-data\courtside_data\output\field_types.py:405: UserWarning: Failed to coerce '.007' via int, leaving as string
  return {key: get_coercion(key)(value) for key, value in row.items()}
C:\Users\nicolas\Documents\GitHub\courtside-data\courtside_data\output\field_types.py:405: UserWarning: Failed to coerce '.729' via int, leaving as string
  return {key: get_coercion(key)(value) for key, value in row.items()}
C:\Users\nicolas\Documents\GitHub\courtside-data\courtside_data\output\field_types.py:405: UserWarning: Failed to coerce '.139' via int, leaving as string
  return {key: get_coercion(key)(value) for key, value in row.items()}
C:\Users\nicolas\Documents\GitHub\courtside-data\courtside_data\output\field_types.py:405: UserWarning: Failed to coerce '.028' via int, leaving as string
  return {key: get_coercion(key)(value) for key, value in row.items()}
C:\Users\nicolas\Documents\GitHub\courtside-data\courtside_data\output\field_types.py:405: UserWarning: Failed to coerce '.800' via int, leaving as string
  return {key: get_coercion(key)(value) for key, value in row.items()}
C:\Users\nicolas\Documents\GitHub\courtside-data\courtside_data\output\field_types.py:405: UserWarning: Failed to coerce '.205' via int, leaving as string
  return {key: get_coercion(key)(value) for key, value in row.items()}
C:\Users\nicolas\Documents\GitHub\courtside-data\courtside_data\output\field_types.py:405: UserWarning: Failed to coerce '.852' via int, leaving as string
  return {key: get_coercion(key)(value) for key, value in row.items()}
C:\Users\nicolas\Documents\GitHub\courtside-data\courtside_data\output\field_types.py:405: UserWarning: Failed to coerce '.875' via int, leaving as string
  return {key: get_coercion(key)(value) for key, value in row.items()}
C:\Users\nicolas\Documents\GitHub\courtside-data\courtside_data\output\field_types.py:405: UserWarning: Failed to coerce '.312' via int, leaving as string
  return {key: get_coercion(key)(value) for key, value in row.items()}
C:\Users\nicolas\Documents\GitHub\courtside-data\courtside_data\output\field_types.py:405: UserWarning: Failed to coerce '.019' via int, leaving as string
  return {key: get_coercion(key)(value) for key, value in row.items()}
C:\Users\nicolas\Documents\GitHub\courtside-data\courtside_data\output\field_types.py:405: UserWarning: Failed to coerce '.571' via int, leaving as string
  return {key: get_coercion(key)(value) for key, value in row.items()}
C:\Users\nicolas\Documents\GitHub\courtside-data\courtside_data\output\field_types.py:405: UserWarning: Failed to coerce '.741' via int, leaving as string
  return {key: get_coercion(key)(value) for key, value in row.items()}
C:\Users\nicolas\Documents\GitHub\courtside-data\courtside_data\output\field_types.py:405: UserWarning: Failed to coerce '.957' via int, leaving as string
  return {key: get_coercion(key)(value) for key, value in row.items()}
C:\Users\nicolas\Documents\GitHub\courtside-data\courtside_data\output\field_types.py:405: UserWarning: Failed to coerce '.140' via int, leaving as string
  return {key: get_coercion(key)(value) for key, value in row.items()}
C:\Users\nicolas\Documents\GitHub\courtside-data\courtside_data\output\field_types.py:405: UserWarning: Failed to coerce '.593' via int, leaving as string
  return {key: get_coercion(key)(value) for key, value in row.items()}
C:\Users\nicolas\Documents\GitHub\courtside-data\courtside_data\output\field_types.py:405: UserWarning: Failed to coerce '.867' via int, leaving as string
  return {key: get_coercion(key)(value) for key, value in row.items()}
C:\Users\nicolas\Documents\GitHub\courtside-data\courtside_data\output\field_types.py:405: UserWarning: Failed to coerce '.971' via int, leaving as string
  return {key: get_coercion(key)(value) for key, value in row.items()}
C:\Users\nicolas\Documents\GitHub\courtside-data\courtside_data\output\field_types.py:405: UserWarning: Failed to coerce '.759' via int, leaving as string
  return {key: get_coercion(key)(value) for key, value in row.items()}
C:\Users\nicolas\Documents\GitHub\courtside-data\courtside_data\output\field_types.py:405: UserWarning: Failed to coerce '.113' via int, leaving as string
  return {key: get_coercion(key)(value) for key, value in row.items()}
C:\Users\nicolas\Documents\GitHub\courtside-data\courtside_data\output\field_types.py:405: UserWarning: Failed to coerce '.151' via int, leaving as string
  return {key: get_coercion(key)(value) for key, value in row.items()}
C:\Users\nicolas\Documents\GitHub\courtside-data\courtside_data\output\field_types.py:405: UserWarning: Failed to coerce '.657' via int, leaving as string
  return {key: get_coercion(key)(value) for key, value in row.items()}
C:\Users\nicolas\Documents\GitHub\courtside-data\courtside_data\output\field_types.py:405: UserWarning: Failed to coerce '.496' via int, leaving as string
  return {key: get_coercion(key)(value) for key, value in row.items()}
C:\Users\nicolas\Documents\GitHub\courtside-data\courtside_data\output\field_types.py:405: UserWarning: Failed to coerce '.185' via int, leaving as string
  return {key: get_coercion(key)(value) for key, value in row.items()}
C:\Users\nicolas\Documents\GitHub\courtside-data\courtside_data\output\field_types.py:405: UserWarning: Failed to coerce '.769' via int, leaving as string
  return {key: get_coercion(key)(value) for key, value in row.items()}
C:\Users\nicolas\Documents\GitHub\courtside-data\courtside_data\output\field_types.py:405: UserWarning: Failed to coerce '.003' via int, leaving as string
  return {key: get_coercion(key)(value) for key, value in row.items()}
C:\Users\nicolas\Documents\GitHub\courtside-data\courtside_data\output\field_types.py:405: UserWarning: Failed to coerce '.307' via int, leaving as string
  return {key: get_coercion(key)(value) for key, value in row.items()}
C:\Users\nicolas\Documents\GitHub\courtside-data\courtside_data\output\field_types.py:405: UserWarning: Failed to coerce '.793' via int, leaving as string
  return {key: get_coercion(key)(value) for key, value in row.items()}
C:\Users\nicolas\Documents\GitHub\courtside-data\courtside_data\output\field_types.py:405: UserWarning: Failed to coerce '.146' via int, leaving as string
  return {key: get_coercion(key)(value) for key, value in row.items()}
C:\Users\nicolas\Documents\GitHub\courtside-data\courtside_data\output\field_types.py:405: UserWarning: Failed to coerce '.338' via int, leaving as string
  return {key: get_coercion(key)(value) for key, value in row.items()}
C:\Users\nicolas\Documents\GitHub\courtside-data\courtside_data\output\field_types.py:405: UserWarning: Failed to coerce '.994' via int, leaving as string
  return {key: get_coercion(key)(value) for key, value in row.items()}
C:\Users\nicolas\Documents\GitHub\courtside-data\courtside_data\output\field_types.py:405: UserWarning: Failed to coerce '.006' via int, leaving as string
  return {key: get_coercion(key)(value) for key, value in row.items()}
C:\Users\nicolas\Documents\GitHub\courtside-data\courtside_data\output\field_types.py:405: UserWarning: Failed to coerce '.845' via int, leaving as string
  return {key: get_coercion(key)(value) for key, value in row.items()}
C:\Users\nicolas\Documents\GitHub\courtside-data\courtside_data\output\field_types.py:405: UserWarning: Failed to coerce '.110' via int, leaving as string
  return {key: get_coercion(key)(value) for key, value in row.items()}
C:\Users\nicolas\Documents\GitHub\courtside-data\courtside_data\output\field_types.py:405: UserWarning: Failed to coerce '.276' via int, leaving as string
  return {key: get_coercion(key)(value) for key, value in row.items()}
C:\Users\nicolas\Documents\GitHub\courtside-data\courtside_data\output\field_types.py:405: UserWarning: Failed to coerce '.627' via int, leaving as string
  return {key: get_coercion(key)(value) for key, value in row.items()}
C:\Users\nicolas\Documents\GitHub\courtside-data\courtside_data\output\field_types.py:405: UserWarning: Failed to coerce '.786' via int, leaving as string
  return {key: get_coercion(key)(value) for key, value in row.items()}
C:\Users\nicolas\Documents\GitHub\courtside-data\courtside_data\output\field_types.py:405: UserWarning: Failed to coerce '.647' via int, leaving as string
  return {key: get_coercion(key)(value) for key, value in row.items()}
C:\Users\nicolas\Documents\GitHub\courtside-data\courtside_data\output\field_types.py:405: UserWarning: Failed to coerce '.016' via int, leaving as string
  return {key: get_coercion(key)(value) for key, value in row.items()}
C:\Users\nicolas\Documents\GitHub\courtside-data\courtside_data\output\field_types.py:405: UserWarning: Failed to coerce '.301' via int, leaving as string
  return {key: get_coercion(key)(value) for key, value in row.items()}
C:\Users\nicolas\Documents\GitHub\courtside-data\courtside_data\output\field_types.py:405: UserWarning: Failed to coerce '.034' via int, leaving as string
  return {key: get_coercion(key)(value) for key, value in row.items()}
C:\Users\nicolas\Documents\GitHub\courtside-data\courtside_data\output\field_types.py:405: UserWarning: Failed to coerce '.833' via int, leaving as string
  return {key: get_coercion(key)(value) for key, value in row.items()}
C:\Users\nicolas\Documents\GitHub\courtside-data\courtside_data\output\field_types.py:405: UserWarning: Failed to coerce '.302' via int, leaving as string
  return {key: get_coercion(key)(value) for key, value in row.items()}
C:\Users\nicolas\Documents\GitHub\courtside-data\courtside_data\output\field_types.py:405: UserWarning: Failed to coerce '.318' via int, leaving as string
  return {key: get_coercion(key)(value) for key, value in row.items()}
C:\Users\nicolas\Documents\GitHub\courtside-data\courtside_data\output\field_types.py:405: UserWarning: Failed to coerce '.580' via int, leaving as string
  return {key: get_coercion(key)(value) for key, value in row.items()}
C:\Users\nicolas\Documents\GitHub\courtside-data\courtside_data\output\field_types.py:405: UserWarning: Failed to coerce '.295' via int, leaving as string
  return {key: get_coercion(key)(value) for key, value in row.items()}
C:\Users\nicolas\Documents\GitHub\courtside-data\courtside_data\output\field_types.py:405: UserWarning: Failed to coerce '.037' via int, leaving as string
  return {key: get_coercion(key)(value) for key, value in row.items()}
C:\Users\nicolas\Documents\GitHub\courtside-data\courtside_data\output\field_types.py:405: UserWarning: Failed to coerce '.792' via int, leaving as string
  return {key: get_coercion(key)(value) for key, value in row.items()}
C:\Users\nicolas\Documents\GitHub\courtside-data\courtside_data\output\field_types.py:405: UserWarning: Failed to coerce '.023' via int, leaving as string
  return {key: get_coercion(key)(value) for key, value in row.items()}
C:\Users\nicolas\Documents\GitHub\courtside-data\courtside_data\output\field_types.py:405: UserWarning: Failed to coerce '.044' via int, leaving as string
  return {key: get_coercion(key)(value) for key, value in row.items()}
C:\Users\nicolas\Documents\GitHub\courtside-data\courtside_data\output\field_types.py:405: UserWarning: Failed to coerce '.005' via int, leaving as string
  return {key: get_coercion(key)(value) for key, value in row.items()}
C:\Users\nicolas\Documents\GitHub\courtside-data\courtside_data\output\field_types.py:405: UserWarning: Failed to coerce '.780' via int, leaving as string
  return {key: get_coercion(key)(value) for key, value in row.items()}
C:\Users\nicolas\Documents\GitHub\courtside-data\courtside_data\output\field_types.py:405: UserWarning: Failed to coerce '.679' via int, leaving as string
  return {key: get_coercion(key)(value) for key, value in row.items()}
C:\Users\nicolas\Documents\GitHub\courtside-data\courtside_data\output\field_types.py:405: UserWarning: Failed to coerce '.331' via int, leaving as string
  return {key: get_coercion(key)(value) for key, value in row.items()}
C:\Users\nicolas\Documents\GitHub\courtside-data\courtside_data\output\field_types.py:405: UserWarning: Failed to coerce '.936' via int, leaving as string
  return {key: get_coercion(key)(value) for key, value in row.items()}
C:\Users\nicolas\Documents\GitHub\courtside-data\courtside_data\output\field_types.py:405: UserWarning: Failed to coerce '.174' via int, leaving as string
  return {key: get_coercion(key)(value) for key, value in row.items()}
C:\Users\nicolas\Documents\GitHub\courtside-data\courtside_data\output\field_types.py:405: UserWarning: Failed to coerce '.147' via int, leaving as string
  return {key: get_coercion(key)(value) for key, value in row.items()}
C:\Users\nicolas\Documents\GitHub\courtside-data\courtside_data\output\field_types.py:405: UserWarning: Failed to coerce '.451' via int, leaving as string
  return {key: get_coercion(key)(value) for key, value in row.items()}
C:\Users\nicolas\Documents\GitHub\courtside-data\courtside_data\output\field_types.py:405: UserWarning: Failed to coerce '.645' via int, leaving as string
  return {key: get_coercion(key)(value) for key, value in row.items()}
C:\Users\nicolas\Documents\GitHub\courtside-data\courtside_data\output\field_types.py:405: UserWarning: Failed to coerce '.941' via int, leaving as string
  return {key: get_coercion(key)(value) for key, value in row.items()}
C:\Users\nicolas\Documents\GitHub\courtside-data\courtside_data\output\field_types.py:405: UserWarning: Failed to coerce '.684' via int, leaving as string
  return {key: get_coercion(key)(value) for key, value in row.items()}
C:\Users\nicolas\Documents\GitHub\courtside-data\courtside_data\output\field_types.py:405: UserWarning: Failed to coerce '.761' via int, leaving as string
  return {key: get_coercion(key)(value) for key, value in row.items()}
C:\Users\nicolas\Documents\GitHub\courtside-data\courtside_data\output\field_types.py:405: UserWarning: Failed to coerce '.830' via int, leaving as string
  return {key: get_coercion(key)(value) for key, value in row.items()}
C:\Users\nicolas\Documents\GitHub\courtside-data\courtside_data\output\field_types.py:405: UserWarning: Failed to coerce '.621' via int, leaving as string
  return {key: get_coercion(key)(value) for key, value in row.items()}
C:\Users\nicolas\Documents\GitHub\courtside-data\courtside_data\output\field_types.py:405: UserWarning: Failed to coerce '.170' via int, leaving as string
  return {key: get_coercion(key)(value) for key, value in row.items()}
C:\Users\nicolas\Documents\GitHub\courtside-data\courtside_data\output\field_types.py:405: UserWarning: Failed to coerce '.723' via int, leaving as string
  return {key: get_coercion(key)(value) for key, value in row.items()}
C:\Users\nicolas\Documents\GitHub\courtside-data\courtside_data\output\field_types.py:405: UserWarning: Failed to coerce '.027' via int, leaving as string
  return {key: get_coercion(key)(value) for key, value in row.items()}
C:\Users\nicolas\Documents\GitHub\courtside-data\courtside_data\output\field_types.py:405: UserWarning: Failed to coerce '.116' via int, leaving as string
  return {key: get_coercion(key)(value) for key, value in row.items()}
C:\Users\nicolas\Documents\GitHub\courtside-data\courtside_data\output\field_types.py:405: UserWarning: Failed to coerce '.519' via int, leaving as string
  return {key: get_coercion(key)(value) for key, value in row.items()}
C:\Users\nicolas\Documents\GitHub\courtside-data\courtside_data\output\field_types.py:405: UserWarning: Failed to coerce '.076' via int, leaving as string
  return {key: get_coercion(key)(value) for key, value in row.items()}
C:\Users\nicolas\Documents\GitHub\courtside-data\courtside_data\output\field_types.py:405: UserWarning: Failed to coerce '.722' via int, leaving as string
  return {key: get_coercion(key)(value) for key, value in row.items()}
C:\Users\nicolas\Documents\GitHub\courtside-data\courtside_data\output\field_types.py:405: UserWarning: Failed to coerce '.648' via int, leaving as string
  return {key: get_coercion(key)(value) for key, value in row.items()}
C:\Users\nicolas\Documents\GitHub\courtside-data\courtside_data\output\field_types.py:405: UserWarning: Failed to coerce '.253' via int, leaving as string
  return {key: get_coercion(key)(value) for key, value in row.items()}
C:\Users\nicolas\Documents\GitHub\courtside-data\courtside_data\output\field_types.py:405: UserWarning: Failed to coerce '.659' via int, leaving as string
  return {key: get_coercion(key)(value) for key, value in row.items()}
C:\Users\nicolas\Documents\GitHub\courtside-data\courtside_data\output\field_types.py:405: UserWarning: Failed to coerce '.909' via int, leaving as string
  return {key: get_coercion(key)(value) for key, value in row.items()}
C:\Users\nicolas\Documents\GitHub\courtside-data\courtside_data\output\field_types.py:405: UserWarning: Failed to coerce '.664' via int, leaving as string
  return {key: get_coercion(key)(value) for key, value in row.items()}
C:\Users\nicolas\Documents\GitHub\courtside-data\courtside_data\output\field_types.py:405: UserWarning: Failed to coerce '.145' via int, leaving as string
  return {key: get_coercion(key)(value) for key, value in row.items()}
C:\Users\nicolas\Documents\GitHub\courtside-data\courtside_data\output\field_types.py:405: UserWarning: Failed to coerce '.149' via int, leaving as string
  return {key: get_coercion(key)(value) for key, value in row.items()}
C:\Users\nicolas\Documents\GitHub\courtside-data\courtside_data\output\field_types.py:405: UserWarning: Failed to coerce '.340' via int, leaving as string
  return {key: get_coercion(key)(value) for key, value in row.items()}
C:\Users\nicolas\Documents\GitHub\courtside-data\courtside_data\output\field_types.py:405: UserWarning: Failed to coerce '.004' via int, leaving as string
  return {key: get_coercion(key)(value) for key, value in row.items()}
C:\Users\nicolas\Documents\GitHub\courtside-data\courtside_data\output\field_types.py:405: UserWarning: Failed to coerce '.075' via int, leaving as string
  return {key: get_coercion(key)(value) for key, value in row.items()}
C:\Users\nicolas\Documents\GitHub\courtside-data\courtside_data\output\field_types.py:405: UserWarning: Failed to coerce '.011' via int, leaving as string
  return {key: get_coercion(key)(value) for key, value in row.items()}
C:\Users\nicolas\Documents\GitHub\courtside-data\courtside_data\output\field_types.py:405: UserWarning: Failed to coerce '.651' via int, leaving as string
  return {key: get_coercion(key)(value) for key, value in row.items()}
C:\Users\nicolas\Documents\GitHub\courtside-data\courtside_data\output\field_types.py:405: UserWarning: Failed to coerce '.690' via int, leaving as string
  return {key: get_coercion(key)(value) for key, value in row.items()}
C:\Users\nicolas\Documents\GitHub\courtside-data\courtside_data\output\field_types.py:405: UserWarning: Failed to coerce '.642' via int, leaving as string
  return {key: get_coercion(key)(value) for key, value in row.items()}
C:\Users\nicolas\Documents\GitHub\courtside-data\courtside_data\output\field_types.py:405: UserWarning: Failed to coerce '.889' via int, leaving as string
  return {key: get_coercion(key)(value) for key, value in row.items()}
C:\Users\nicolas\Documents\GitHub\courtside-data\courtside_data\output\field_types.py:405: UserWarning: Failed to coerce '.613' via int, leaving as string
  return {key: get_coercion(key)(value) for key, value in row.items()}
C:\Users\nicolas\Documents\GitHub\courtside-data\courtside_data\output\field_types.py:405: UserWarning: Failed to coerce '.112' via int, leaving as string
  return {key: get_coercion(key)(value) for key, value in row.items()}
C:\Users\nicolas\Documents\GitHub\courtside-data\courtside_data\output\field_types.py:405: UserWarning: Failed to coerce '.144' via int, leaving as string
  return {key: get_coercion(key)(value) for key, value in row.items()}
C:\Users\nicolas\Documents\GitHub\courtside-data\courtside_data\output\field_types.py:405: UserWarning: Failed to coerce '.328' via int, leaving as string
  return {key: get_coercion(key)(value) for key, value in row.items()}
C:\Users\nicolas\Documents\GitHub\courtside-data\courtside_data\output\field_types.py:405: UserWarning: Failed to coerce '.138' via int, leaving as string
  return {key: get_coercion(key)(value) for key, value in row.items()}
C:\Users\nicolas\Documents\GitHub\courtside-data\courtside_data\output\field_types.py:405: UserWarning: Failed to coerce '.143' via int, leaving as string
  return {key: get_coercion(key)(value) for key, value in row.items()}
C:\Users\nicolas\Documents\GitHub\courtside-data\courtside_data\output\field_types.py:405: UserWarning: Failed to coerce '.727' via int, leaving as string
  return {key: get_coercion(key)(value) for key, value in row.items()}
C:\Users\nicolas\Documents\GitHub\courtside-data\courtside_data\output\field_types.py:405: UserWarning: Failed to coerce '.760' via int, leaving as string
  return {key: get_coercion(key)(value) for key, value in row.items()}
C:\Users\nicolas\Documents\GitHub\courtside-data\courtside_data\output\field_types.py:405: UserWarning: Failed to coerce '.976' via int, leaving as string
  return {key: get_coercion(key)(value) for key, value in row.items()}
C:\Users\nicolas\Documents\GitHub\courtside-data\courtside_data\output\field_types.py:405: UserWarning: Failed to coerce '.323' via int, leaving as string
  return {key: get_coercion(key)(value) for key, value in row.items()}
C:\Users\nicolas\Documents\GitHub\courtside-data\courtside_data\output\field_types.py:405: UserWarning: Failed to coerce '.024' via int, leaving as string
  return {key: get_coercion(key)(value) for key, value in row.items()}
C:\Users\nicolas\Documents\GitHub\courtside-data\courtside_data\output\field_types.py:405: UserWarning: Failed to coerce '.777' via int, leaving as string
  return {key: get_coercion(key)(value) for key, value in row.items()}
C:\Users\nicolas\Documents\GitHub\courtside-data\courtside_data\output\field_types.py:405: UserWarning: Failed to coerce '.987' via int, leaving as string
  return {key: get_coercion(key)(value) for key, value in row.items()}
C:\Users\nicolas\Documents\GitHub\courtside-data\courtside_data\output\field_types.py:405: UserWarning: Failed to coerce '.740' via int, leaving as string
  return {key: get_coercion(key)(value) for key, value in row.items()}
C:\Users\nicolas\Documents\GitHub\courtside-data\courtside_data\output\field_types.py:405: UserWarning: Failed to coerce '.619' via int, leaving as string
  return {key: get_coercion(key)(value) for key, value in row.items()}
C:\Users\nicolas\Documents\GitHub\courtside-data\courtside_data\output\field_types.py:405: UserWarning: Failed to coerce '.698' via int, leaving as string
  return {key: get_coercion(key)(value) for key, value in row.items()}
C:\Users\nicolas\Documents\GitHub\courtside-data\courtside_data\output\field_types.py:405: UserWarning: Failed to coerce '.308' via int, leaving as string
  return {key: get_coercion(key)(value) for key, value in row.items()}
C:\Users\nicolas\Documents\GitHub\courtside-data\courtside_data\output\field_types.py:405: UserWarning: Failed to coerce '.292' via int, leaving as string
  return {key: get_coercion(key)(value) for key, value in row.items()}
C:\Users\nicolas\Documents\GitHub\courtside-data\courtside_data\output\field_types.py:405: UserWarning: Failed to coerce '.186' via int, leaving as string
  return {key: get_coercion(key)(value) for key, value in row.items()}
C:\Users\nicolas\Documents\GitHub\courtside-data\courtside_data\output\field_types.py:405: UserWarning: Failed to coerce '.124' via int, leaving as string
  return {key: get_coercion(key)(value) for key, value in row.items()}
C:\Users\nicolas\Documents\GitHub\courtside-data\courtside_data\output\field_types.py:405: UserWarning: Failed to coerce '.857' via int, leaving as string
  return {key: get_coercion(key)(value) for key, value in row.items()}
C:\Users\nicolas\Documents\GitHub\courtside-data\courtside_data\output\field_types.py:405: UserWarning: Failed to coerce '.739' via int, leaving as string
  return {key: get_coercion(key)(value) for key, value in row.items()}
C:\Users\nicolas\Documents\GitHub\courtside-data\courtside_data\output\field_types.py:405: UserWarning: Failed to coerce '.010' via int, leaving as string
  return {key: get_coercion(key)(value) for key, value in row.items()}
C:\Users\nicolas\Documents\GitHub\courtside-data\courtside_data\output\field_types.py:405: UserWarning: Failed to coerce '.680' via int, leaving as string
  return {key: get_coercion(key)(value) for key, value in row.items()}
C:\Users\nicolas\Documents\GitHub\courtside-data\courtside_data\output\field_types.py:405: UserWarning: Failed to coerce '.078' via int, leaving as string
  return {key: get_coercion(key)(value) for key, value in row.items()}
C:\Users\nicolas\Documents\GitHub\courtside-data\courtside_data\output\field_types.py:405: UserWarning: Failed to coerce '.156' via int, leaving as string
  return {key: get_coercion(key)(value) for key, value in row.items()}
C:\Users\nicolas\Documents\GitHub\courtside-data\courtside_data\output\field_types.py:405: UserWarning: Failed to coerce '.737' via int, leaving as string
  return {key: get_coercion(key)(value) for key, value in row.items()}
C:\Users\nicolas\Documents\GitHub\courtside-data\courtside_data\output\field_types.py:405: UserWarning: Failed to coerce '.298' via int, leaving as string
  return {key: get_coercion(key)(value) for key, value in row.items()}
C:\Users\nicolas\Documents\GitHub\courtside-data\courtside_data\output\field_types.py:405: UserWarning: Failed to coerce '.169' via int, leaving as string
  return {key: get_coercion(key)(value) for key, value in row.items()}
C:\Users\nicolas\Documents\GitHub\courtside-data\courtside_data\output\field_types.py:405: UserWarning: Failed to coerce '.125' via int, leaving as string
  return {key: get_coercion(key)(value) for key, value in row.items()}
C:\Users\nicolas\Documents\GitHub\courtside-data\courtside_data\output\field_types.py:405: UserWarning: Failed to coerce '.765' via int, leaving as string
  return {key: get_coercion(key)(value) for key, value in row.items()}
C:\Users\nicolas\Documents\GitHub\courtside-data\courtside_data\output\field_types.py:405: UserWarning: Failed to coerce '.629' via int, leaving as string
  return {key: get_coercion(key)(value) for key, value in row.items()}
C:\Users\nicolas\Documents\GitHub\courtside-data\courtside_data\output\field_types.py:405: UserWarning: Failed to coerce '.126' via int, leaving as string
  return {key: get_coercion(key)(value) for key, value in row.items()}
C:\Users\nicolas\Documents\GitHub\courtside-data\courtside_data\output\field_types.py:405: UserWarning: Failed to coerce '.160' via int, leaving as string
  return {key: get_coercion(key)(value) for key, value in row.items()}
C:\Users\nicolas\Documents\GitHub\courtside-data\courtside_data\output\field_types.py:405: UserWarning: Failed to coerce '.120' via int, leaving as string
  return {key: get_coercion(key)(value) for key, value in row.items()}
C:\Users\nicolas\Documents\GitHub\courtside-data\courtside_data\output\field_types.py:405: UserWarning: Failed to coerce '.294' via int, leaving as string
  return {key: get_coercion(key)(value) for key, value in row.items()}
C:\Users\nicolas\Documents\GitHub\courtside-data\courtside_data\output\field_types.py:405: UserWarning: Failed to coerce '.182' via int, leaving as string
  return {key: get_coercion(key)(value) for key, value in row.items()}
C:\Users\nicolas\Documents\GitHub\courtside-data\courtside_data\output\field_types.py:405: UserWarning: Failed to coerce '.332' via int, leaving as string
  return {key: get_coercion(key)(value) for key, value in row.items()}
C:\Users\nicolas\Documents\GitHub\courtside-data\courtside_data\output\field_types.py:405: UserWarning: Failed to coerce '.321' via int, leaving as string
  return {key: get_coercion(key)(value) for key, value in row.items()}
C:\Users\nicolas\Documents\GitHub\courtside-data\courtside_data\output\field_types.py:405: UserWarning: Failed to coerce '.022' via int, leaving as string
  return {key: get_coercion(key)(value) for key, value in row.items()}
C:\Users\nicolas\Documents\GitHub\courtside-data\courtside_data\output\field_types.py:405: UserWarning: Failed to coerce '.272' via int, leaving as string
  return {key: get_coercion(key)(value) for key, value in row.items()}
C:\Users\nicolas\Documents\GitHub\courtside-data\courtside_data\output\field_types.py:405: UserWarning: Failed to coerce '.300' via int, leaving as string
  return {key: get_coercion(key)(value) for key, value in row.items()}
C:\Users\nicolas\Documents\GitHub\courtside-data\courtside_data\output\field_types.py:405: UserWarning: Failed to coerce '.157' via int, leaving as string
  return {key: get_coercion(key)(value) for key, value in row.items()}
C:\Users\nicolas\Documents\GitHub\courtside-data\courtside_data\output\field_types.py:405: UserWarning: Failed to coerce '.209' via int, leaving as string
  return {key: get_coercion(key)(value) for key, value in row.items()}
C:\Users\nicolas\Documents\GitHub\courtside-data\courtside_data\output\field_types.py:405: UserWarning: Failed to coerce '.630' via int, leaving as string
  return {key: get_coercion(key)(value) for key, value in row.items()}
C:\Users\nicolas\Documents\GitHub\courtside-data\courtside_data\output\field_types.py:405: UserWarning: Failed to coerce '.038' via int, leaving as string
  return {key: get_coercion(key)(value) for key, value in row.items()}
C:\Users\nicolas\Documents\GitHub\courtside-data\courtside_data\output\field_types.py:405: UserWarning: Failed to coerce '.963' via int, leaving as string
  return {key: get_coercion(key)(value) for key, value in row.items()}
C:\Users\nicolas\Documents\GitHub\courtside-data\courtside_data\output\field_types.py:405: UserWarning: Failed to coerce '.108' via int, leaving as string
  return {key: get_coercion(key)(value) for key, value in row.items()}
C:\Users\nicolas\Documents\GitHub\courtside-data\courtside_data\output\field_types.py:405: UserWarning: Failed to coerce '.029' via int, leaving as string
  return {key: get_coercion(key)(value) for key, value in row.items()}
C:\Users\nicolas\Documents\GitHub\courtside-data\courtside_data\output\field_types.py:405: UserWarning: Failed to coerce '.789' via int, leaving as string
  return {key: get_coercion(key)(value) for key, value in row.items()}
C:\Users\nicolas\Documents\GitHub\courtside-data\courtside_data\output\field_types.py:405: UserWarning: Failed to coerce '.854' via int, leaving as string
  return {key: get_coercion(key)(value) for key, value in row.items()}
C:\Users\nicolas\Documents\GitHub\courtside-data\courtside_data\output\field_types.py:405: UserWarning: Failed to coerce '.127' via int, leaving as string
  return {key: get_coercion(key)(value) for key, value in row.items()}
C:\Users\nicolas\Documents\GitHub\courtside-data\courtside_data\output\field_types.py:405: UserWarning: Failed to coerce '.632' via int, leaving as string
  return {key: get_coercion(key)(value) for key, value in row.items()}
C:\Users\nicolas\Documents\GitHub\courtside-data\courtside_data\output\field_types.py:405: UserWarning: Failed to coerce '.012' via int, leaving as string
  return {key: get_coercion(key)(value) for key, value in row.items()}
C:\Users\nicolas\Documents\GitHub\courtside-data\courtside_data\output\field_types.py:405: UserWarning: Failed to coerce '.396' via int, leaving as string
  return {key: get_coercion(key)(value) for key, value in row.items()}
C:\Users\nicolas\Documents\GitHub\courtside-data\courtside_data\output\field_types.py:405: UserWarning: Failed to coerce '.989' via int, leaving as string
  return {key: get_coercion(key)(value) for key, value in row.items()}
C:\Users\nicolas\Documents\GitHub\courtside-data\courtside_data\output\field_types.py:405: UserWarning: Failed to coerce '.622' via int, leaving as string
  return {key: get_coercion(key)(value) for key, value in row.items()}
C:\Users\nicolas\Documents\GitHub\courtside-data\courtside_data\output\field_types.py:405: UserWarning: Failed to coerce '.700' via int, leaving as string
  return {key: get_coercion(key)(value) for key, value in row.items()}
C:\Users\nicolas\Documents\GitHub\courtside-data\courtside_data\output\field_types.py:405: UserWarning: Failed to coerce '.030' via int, leaving as string
  return {key: get_coercion(key)(value) for key, value in row.items()}
C:\Users\nicolas\Documents\GitHub\courtside-data\courtside_data\output\field_types.py:405: UserWarning: Failed to coerce '.841' via int, leaving as string
  return {key: get_coercion(key)(value) for key, value in row.items()}
C:\Users\nicolas\Documents\GitHub\courtside-data\courtside_data\output\field_types.py:405: UserWarning: Failed to coerce '.131' via int, leaving as string
  return {key: get_coercion(key)(value) for key, value in row.items()}
C:\Users\nicolas\Documents\GitHub\courtside-data\courtside_data\output\field_types.py:405: UserWarning: Failed to coerce '.943' via int, leaving as string
  return {key: get_coercion(key)(value) for key, value in row.items()}
C:\Users\nicolas\Documents\GitHub\courtside-data\courtside_data\output\field_types.py:405: UserWarning: Failed to coerce '.743' via int, leaving as string
  return {key: get_coercion(key)(value) for key, value in row.items()}
C:\Users\nicolas\Documents\GitHub\courtside-data\courtside_data\output\field_types.py:405: UserWarning: Failed to coerce '.731' via int, leaving as string
  return {key: get_coercion(key)(value) for key, value in row.items()}
C:\Users\nicolas\Documents\GitHub\courtside-data\courtside_data\output\field_types.py:405: UserWarning: Failed to coerce '.955' via int, leaving as string
  return {key: get_coercion(key)(value) for key, value in row.items()}
C:\Users\nicolas\Documents\GitHub\courtside-data\courtside_data\output\field_types.py:405: UserWarning: Failed to coerce '.771' via int, leaving as string
  return {key: get_coercion(key)(value) for key, value in row.items()}
C:\Users\nicolas\Documents\GitHub\courtside-data\courtside_data\output\field_types.py:405: UserWarning: Failed to coerce '.042' via int, leaving as string
  return {key: get_coercion(key)(value) for key, value in row.items()}
C:\Users\nicolas\Documents\GitHub\courtside-data\courtside_data\output\field_types.py:405: UserWarning: Failed to coerce '.128' via int, leaving as string
  return {key: get_coercion(key)(value) for key, value in row.items()}
C:\Users\nicolas\Documents\GitHub\courtside-data\courtside_data\output\field_types.py:405: UserWarning: Failed to coerce '.008' via int, leaving as string
  return {key: get_coercion(key)(value) for key, value in row.items()}
C:\Users\nicolas\Documents\GitHub\courtside-data\courtside_data\output\field_types.py:405: UserWarning: Failed to coerce '.639' via int, leaving as string
  return {key: get_coercion(key)(value) for key, value in row.items()}
C:\Users\nicolas\Documents\GitHub\courtside-data\courtside_data\output\field_types.py:405: UserWarning: Failed to coerce '.296' via int, leaving as string
  return {key: get_coercion(key)(value) for key, value in row.items()}
C:\Users\nicolas\Documents\GitHub\courtside-data\courtside_data\output\field_types.py:405: UserWarning: Failed to coerce '.929' via int, leaving as string
  return {key: get_coercion(key)(value) for key, value in row.items()}
C:\Users\nicolas\Documents\GitHub\courtside-data\courtside_data\output\field_types.py:405: UserWarning: Failed to coerce '.173' via int, leaving as string
  return {key: get_coercion(key)(value) for key, value in row.items()}
C:\Users\nicolas\Documents\GitHub\courtside-data\courtside_data\output\field_types.py:405: UserWarning: Failed to coerce '.163' via int, leaving as string
  return {key: get_coercion(key)(value) for key, value in row.items()}
C:\Users\nicolas\Documents\GitHub\courtside-data\courtside_data\output\field_types.py:405: UserWarning: Failed to coerce '.917' via int, leaving as string
  return {key: get_coercion(key)(value) for key, value in row.items()}
C:\Users\nicolas\Documents\GitHub\courtside-data\courtside_data\output\field_types.py:405: UserWarning: Failed to coerce '.905' via int, leaving as string
  return {key: get_coercion(key)(value) for key, value in row.items()}
C:\Users\nicolas\Documents\GitHub\courtside-data\courtside_data\output\field_types.py:405: UserWarning: Failed to coerce '.137' via int, leaving as string
  return {key: get_coercion(key)(value) for key, value in row.items()}
C:\Users\nicolas\Documents\GitHub\courtside-data\courtside_data\output\field_types.py:405: UserWarning: Failed to coerce '.895' via int, leaving as string
  return {key: get_coercion(key)(value) for key, value in row.items()}
C:\Users\nicolas\Documents\GitHub\courtside-data\courtside_data\output\field_types.py:405: UserWarning: Failed to coerce '.256' via int, leaving as string
  return {key: get_coercion(key)(value) for key, value in row.items()}
C:\Users\nicolas\Documents\GitHub\courtside-data\courtside_data\output\field_types.py:405: UserWarning: Failed to coerce '.923' via int, leaving as string
  return {key: get_coercion(key)(value) for key, value in row.items()}
C:\Users\nicolas\Documents\GitHub\courtside-data\courtside_data\output\field_types.py:405: UserWarning: Failed to coerce '.021' via int, leaving as string
  return {key: get_coercion(key)(value) for key, value in row.items()}
C:\Users\nicolas\Documents\GitHub\courtside-data\courtside_data\output\field_types.py:405: UserWarning: Failed to coerce '.896' via int, leaving as string
  return {key: get_coercion(key)(value) for key, value in row.items()}
C:\Users\nicolas\Documents\GitHub\courtside-data\courtside_data\output\field_types.py:405: UserWarning: Failed to coerce '.326' via int, leaving as string
  return {key: get_coercion(key)(value) for key, value in row.items()}
C:\Users\nicolas\Documents\GitHub\courtside-data\courtside_data\output\field_types.py:405: UserWarning: Failed to coerce '.788' via int, leaving as string
  return {key: get_coercion(key)(value) for key, value in row.items()}
C:\Users\nicolas\Documents\GitHub\courtside-data\courtside_data\output\field_types.py:405: UserWarning: Failed to coerce '.762' via int, leaving as string
  return {key: get_coercion(key)(value) for key, value in row.items()}
C:\Users\nicolas\Documents\GitHub\courtside-data\courtside_data\output\field_types.py:405: UserWarning: Failed to coerce '.293' via int, leaving as string
  return {key: get_coercion(key)(value) for key, value in row.items()}
C:\Users\nicolas\Documents\GitHub\courtside-data\courtside_data\output\field_types.py:405: UserWarning: Failed to coerce '.245' via int, leaving as string
  return {key: get_coercion(key)(value) for key, value in row.items()}
C:\Users\nicolas\Documents\GitHub\courtside-data\courtside_data\output\field_types.py:405: UserWarning: Failed to coerce '.346' via int, leaving as string
  return {key: get_coercion(key)(value) for key, value in row.items()}
C:\Users\nicolas\Documents\GitHub\courtside-data\courtside_data\output\field_types.py:405: UserWarning: Failed to coerce '.018' via int, leaving as string
  return {key: get_coercion(key)(value) for key, value in row.items()}
C:\Users\nicolas\Documents\GitHub\courtside-data\courtside_data\output\field_types.py:405: UserWarning: Failed to coerce '.927' via int, leaving as string
  return {key: get_coercion(key)(value) for key, value in row.items()}
C:\Users\nicolas\Documents\GitHub\courtside-data\courtside_data\output\field_types.py:405: UserWarning: Failed to coerce '.747' via int, leaving as string
  return {key: get_coercion(key)(value) for key, value in row.items()}
C:\Users\nicolas\Documents\GitHub\courtside-data\courtside_data\output\field_types.py:405: UserWarning: Failed to coerce '.233' via int, leaving as string
  return {key: get_coercion(key)(value) for key, value in row.items()}
C:\Users\nicolas\Documents\GitHub\courtside-data\courtside_data\output\field_types.py:405: UserWarning: Failed to coerce '.912' via int, leaving as string
  return {key: get_coercion(key)(value) for key, value in row.items()}
C:\Users\nicolas\Documents\GitHub\courtside-data\courtside_data\output\field_types.py:405: UserWarning: Failed to coerce '.135' via int, leaving as string
  return {key: get_coercion(key)(value) for key, value in row.items()}
C:\Users\nicolas\Documents\GitHub\courtside-data\courtside_data\output\field_types.py:405: UserWarning: Failed to coerce '.015' via int, leaving as string
  return {key: get_coercion(key)(value) for key, value in row.items()}
C:\Users\nicolas\Documents\GitHub\courtside-data\courtside_data\output\field_types.py:405: UserWarning: Failed to coerce '.179' via int, leaving as string
  return {key: get_coercion(key)(value) for key, value in row.items()}
C:\Users\nicolas\Documents\GitHub\courtside-data\courtside_data\output\field_types.py:405: UserWarning: Failed to coerce '.677' via int, leaving as string
  return {key: get_coercion(key)(value) for key, value in row.items()}
C:\Users\nicolas\Documents\GitHub\courtside-data\courtside_data\output\field_types.py:405: UserWarning: Failed to coerce '.671' via int, leaving as string
  return {key: get_coercion(key)(value) for key, value in row.items()}
C:\Users\nicolas\Documents\GitHub\courtside-data\courtside_data\output\field_types.py:405: UserWarning: Failed to coerce '.123' via int, leaving as string
  return {key: get_coercion(key)(value) for key, value in row.items()}
C:\Users\nicolas\Documents\GitHub\courtside-data\courtside_data\output\field_types.py:405: UserWarning: Failed to coerce '.329' via int, leaving as string
  return {key: get_coercion(key)(value) for key, value in row.items()}
C:\Users\nicolas\Documents\GitHub\courtside-data\courtside_data\output\field_types.py:405: UserWarning: Failed to coerce '.306' via int, leaving as string
  return {key: get_coercion(key)(value) for key, value in row.items()}
C:\Users\nicolas\Documents\GitHub\courtside-data\courtside_data\output\field_types.py:405: UserWarning: Failed to coerce '.826' via int, leaving as string
  return {key: get_coercion(key)(value) for key, value in row.items()}
C:\Users\nicolas\Documents\GitHub\courtside-data\courtside_data\output\field_types.py:405: UserWarning: Failed to coerce '.315' via int, leaving as string
  return {key: get_coercion(key)(value) for key, value in row.items()}
C:\Users\nicolas\Documents\GitHub\courtside-data\courtside_data\output\field_types.py:405: UserWarning: Failed to coerce '.130' via int, leaving as string
  return {key: get_coercion(key)(value) for key, value in row.items()}
C:\Users\nicolas\Documents\GitHub\courtside-data\courtside_data\output\field_types.py:405: UserWarning: Failed to coerce '.175' via int, leaving as string
  return {key: get_coercion(key)(value) for key, value in row.items()}
C:\Users\nicolas\Documents\GitHub\courtside-data\courtside_data\output\field_types.py:405: UserWarning: Failed to coerce '.825' via int, leaving as string
  return {key: get_coercion(key)(value) for key, value in row.items()}
C:\Users\nicolas\Documents\GitHub\courtside-data\courtside_data\output\field_types.py:405: UserWarning: Failed to coerce '.944' via int, leaving as string
  return {key: get_coercion(key)(value) for key, value in row.items()}
C:\Users\nicolas\Documents\GitHub\courtside-data\courtside_data\output\field_types.py:405: UserWarning: Failed to coerce '.920' via int, leaving as string
  return {key: get_coercion(key)(value) for key, value in row.items()}
C:\Users\nicolas\Documents\GitHub\courtside-data\courtside_data\output\field_types.py:405: UserWarning: Failed to coerce '.640' via int, leaving as string
  return {key: get_coercion(key)(value) for key, value in row.items()}
C:\Users\nicolas\Documents\GitHub\courtside-data\courtside_data\output\field_types.py:405: UserWarning: Failed to coerce '.080' via int, leaving as string
  return {key: get_coercion(key)(value) for key, value in row.items()}
C:\Users\nicolas\Documents\GitHub\courtside-data\courtside_data\output\field_types.py:405: UserWarning: Failed to coerce '.882' via int, leaving as string
  return {key: get_coercion(key)(value) for key, value in row.items()}
C:\Users\nicolas\Documents\GitHub\courtside-data\courtside_data\output\field_types.py:405: UserWarning: Failed to coerce '.162' via int, leaving as string
  return {key: get_coercion(key)(value) for key, value in row.items()}
C:\Users\nicolas\Documents\GitHub\courtside-data\courtside_data\output\field_types.py:405: UserWarning: Failed to coerce '.818' via int, leaving as string
  return {key: get_coercion(key)(value) for key, value in row.items()}
C:\Users\nicolas\Documents\GitHub\courtside-data\courtside_data\output\field_types.py:405: UserWarning: Failed to coerce '.733' via int, leaving as string
  return {key: get_coercion(key)(value) for key, value in row.items()}
C:\Users\nicolas\Documents\GitHub\courtside-data\courtside_data\output\field_types.py:405: UserWarning: Failed to coerce '.783' via int, leaving as string
  return {key: get_coercion(key)(value) for key, value in row.items()}
C:\Users\nicolas\Documents\GitHub\courtside-data\courtside_data\output\field_types.py:405: UserWarning: Failed to coerce '.813' via int, leaving as string
  return {key: get_coercion(key)(value) for key, value in row.items()}
C:\Users\nicolas\Documents\GitHub\courtside-data\courtside_data\output\field_types.py:405: UserWarning: Failed to coerce '.100' via int, leaving as string
  return {key: get_coercion(key)(value) for key, value in row.items()}
C:\Users\nicolas\Documents\GitHub\courtside-data\courtside_data\output\field_types.py:405: UserWarning: Failed to coerce '.980' via int, leaving as string
  return {key: get_coercion(key)(value) for key, value in row.items()}
C:\Users\nicolas\Documents\GitHub\courtside-data\courtside_data\output\field_types.py:405: UserWarning: Failed to coerce '.590' via int, leaving as string
  return {key: get_coercion(key)(value) for key, value in row.items()}
C:\Users\nicolas\Documents\GitHub\courtside-data\courtside_data\output\field_types.py:405: UserWarning: Failed to coerce '.206' via int, leaving as string
  return {key: get_coercion(key)(value) for key, value in row.items()}
C:\Users\nicolas\Documents\GitHub\courtside-data\courtside_data\output\field_types.py:405: UserWarning: Failed to coerce '.864' via int, leaving as string
  return {key: get_coercion(key)(value) for key, value in row.items()}
C:\Users\nicolas\Documents\GitHub\courtside-data\courtside_data\output\field_types.py:405: UserWarning: Failed to coerce '.320' via int, leaving as string
  return {key: get_coercion(key)(value) for key, value in row.items()}
C:\Users\nicolas\Documents\GitHub\courtside-data\courtside_data\output\field_types.py:405: UserWarning: Failed to coerce '.242' via int, leaving as string
  return {key: get_coercion(key)(value) for key, value in row.items()}
C:\Users\nicolas\Documents\GitHub\courtside-data\courtside_data\output\field_types.py:405: UserWarning: Failed to coerce '.900' via int, leaving as string
  return {key: get_coercion(key)(value) for key, value in row.items()}
C:\Users\nicolas\Documents\GitHub\courtside-data\courtside_data\output\field_types.py:405: UserWarning: Failed to coerce '.115' via int, leaving as string
  return {key: get_coercion(key)(value) for key, value in row.items()}
C:\Users\nicolas\Documents\GitHub\courtside-data\courtside_data\output\field_types.py:405: UserWarning: Failed to coerce '.711' via int, leaving as string
  return {key: get_coercion(key)(value) for key, value in row.items()}
C:\Users\nicolas\Documents\GitHub\courtside-data\courtside_data\output\field_types.py:405: UserWarning: Failed to coerce '.807' via int, leaving as string
  return {key: get_coercion(key)(value) for key, value in row.items()}
[279/341] league_shooting_shooting_post ... ERROR other ValueError  (6.5s)
[280/341] player_adjusted_shooting_adj_shooting_post ... OK  (rows=11, 6.4s)
[281/341] player_adjusted_shooting_advanced ... OK  (rows=19, 6.8s)
[282/341] player_adjusted_shooting_advanced_post ... OK  (rows=16, 7.0s)
[283/341] player_adjusted_shooting_all_college_stats ... OK  (rows=1, 6.9s)
[284/341] player_adjusted_shooting_contracts_gsw ... OK  (rows=0, 7.0s)
[285/341] player_adjusted_shooting_contracts_hou ... OK  (rows=0, 6.4s)
[286/341] player_adjusted_shooting_contracts_lal ... OK  (rows=0, 6.6s)
[287/341] player_adjusted_shooting_contracts_tor ... OK  (rows=0, 7.0s)
[288/341] player_adjusted_shooting_highs_playoffs ... OK  (rows=14, 6.5s)
[289/341] player_adjusted_shooting_last5 ... OK  (rows=5, 7.0s)
[290/341] player_adjusted_shooting_pbp_stats_post ... OK  (rows=9, 6.7s)
[291/341] player_adjusted_shooting_per_game_stats_post ... OK  (rows=11, 6.3s)
[292/341] player_adjusted_shooting_per_minute_stats ... OK  (rows=9, 6.8s)
[293/341] player_adjusted_shooting_per_minute_stats_post ... OK  (rows=9, 6.3s)
[294/341] player_adjusted_shooting_per_poss ... OK  (rows=13, 6.8s)
[295/341] player_adjusted_shooting_per_poss_post ... OK  (rows=17, 6.6s)
C:\Users\nicolas\Documents\GitHub\courtside-data\courtside_data\output\field_types.py:405: UserWarning: Failed to coerce '.609' via int, leaving as string
  return {key: get_coercion(key)(value) for key, value in row.items()}
C:\Users\nicolas\Documents\GitHub\courtside-data\courtside_data\output\field_types.py:405: UserWarning: Failed to coerce '.285' via int, leaving as string
  return {key: get_coercion(key)(value) for key, value in row.items()}
C:\Users\nicolas\Documents\GitHub\courtside-data\courtside_data\output\field_types.py:405: UserWarning: Failed to coerce '.586' via int, leaving as string
  return {key: get_coercion(key)(value) for key, value in row.items()}
C:\Users\nicolas\Documents\GitHub\courtside-data\courtside_data\output\field_types.py:405: UserWarning: Failed to coerce '.009' via int, leaving as string
  return {key: get_coercion(key)(value) for key, value in row.items()}
C:\Users\nicolas\Documents\GitHub\courtside-data\courtside_data\output\field_types.py:405: UserWarning: Failed to coerce '.335' via int, leaving as string
  return {key: get_coercion(key)(value) for key, value in row.items()}
C:\Users\nicolas\Documents\GitHub\courtside-data\courtside_data\output\field_types.py:405: UserWarning: Failed to coerce '.177' via int, leaving as string
  return {key: get_coercion(key)(value) for key, value in row.items()}
[296/341] player_adjusted_shooting_shooting ... ERROR other ValueError  (6.7s)
C:\Users\nicolas\Documents\GitHub\courtside-data\courtside_data\output\field_types.py:405: UserWarning: Failed to coerce '.675' via int, leaving as string
  return {key: get_coercion(key)(value) for key, value in row.items()}
C:\Users\nicolas\Documents\GitHub\courtside-data\courtside_data\output\field_types.py:405: UserWarning: Failed to coerce '.720' via int, leaving as string
  return {key: get_coercion(key)(value) for key, value in row.items()}
C:\Users\nicolas\Documents\GitHub\courtside-data\courtside_data\output\field_types.py:405: UserWarning: Failed to coerce '.634' via int, leaving as string
  return {key: get_coercion(key)(value) for key, value in row.items()}
C:\Users\nicolas\Documents\GitHub\courtside-data\courtside_data\output\field_types.py:405: UserWarning: Failed to coerce '.674' via int, leaving as string
  return {key: get_coercion(key)(value) for key, value in row.items()}
C:\Users\nicolas\Documents\GitHub\courtside-data\courtside_data\output\field_types.py:405: UserWarning: Failed to coerce '.773' via int, leaving as string
  return {key: get_coercion(key)(value) for key, value in row.items()}
[297/341] player_adjusted_shooting_shooting_post ... ERROR other ValueError  (6.7s)
C:\Users\nicolas\Documents\GitHub\courtside-data\courtside_data\output\field_types.py:405: UserWarning: Failed to coerce '92.7' via int, leaving as string
  return {key: get_coercion(key)(value) for key, value in row.items()}
C:\Users\nicolas\Documents\GitHub\courtside-data\courtside_data\output\field_types.py:405: UserWarning: Failed to coerce '91.5' via int, leaving as string
  return {key: get_coercion(key)(value) for key, value in row.items()}
C:\Users\nicolas\Documents\GitHub\courtside-data\courtside_data\output\field_types.py:405: UserWarning: Failed to coerce '82.3' via int, leaving as string
  return {key: get_coercion(key)(value) for key, value in row.items()}
C:\Users\nicolas\Documents\GitHub\courtside-data\courtside_data\output\field_types.py:405: UserWarning: Failed to coerce '81.1' via int, leaving as string
  return {key: get_coercion(key)(value) for key, value in row.items()}
C:\Users\nicolas\Documents\GitHub\courtside-data\courtside_data\output\field_types.py:405: UserWarning: Failed to coerce '78.5' via int, leaving as string
  return {key: get_coercion(key)(value) for key, value in row.items()}
C:\Users\nicolas\Documents\GitHub\courtside-data\courtside_data\output\field_types.py:405: UserWarning: Failed to coerce '77.9' via int, leaving as string
  return {key: get_coercion(key)(value) for key, value in row.items()}
C:\Users\nicolas\Documents\GitHub\courtside-data\courtside_data\output\field_types.py:405: UserWarning: Failed to coerce '77.0' via int, leaving as string
  return {key: get_coercion(key)(value) for key, value in row.items()}
[298/341] player_adjusted_shooting_sims_thru ... ERROR other ValueError  (6.2s)
[299/341] player_adjusted_shooting_stathead_insights ... OK  (rows=7, 6.0s)
[300/341] player_adjusted_shooting_totals_stats ... OK  (rows=12, 6.6s)
[301/341] player_adjusted_shooting_totals_stats_post ... OK  (rows=14, 6.7s)
C:\Users\nicolas\Documents\GitHub\courtside-data\courtside_data\output\field_types.py:405: UserWarning: Failed to coerce '57%' via int, leaving as string
  return {key: get_coercion(key)(value) for key, value in row.items()}
[302/341] player_on_off_on_off_post ... ERROR other ValueError  (7.2s)
[303/341] player_shot_charts_shot_chart ... OK  (rows=0, 6.9s)
[304/341] playoff_bracket_advanced_team ... ERROR other ValueError  (6.2s)
C:\Users\nicolas\Documents\GitHub\courtside-data\courtside_data\output\field_types.py:405: UserWarning: Failed to coerce '240.0' via int, leaving as string
  return {key: get_coercion(key)(value) for key, value in row.items()}
C:\Users\nicolas\Documents\GitHub\courtside-data\courtside_data\output\field_types.py:405: UserWarning: Failed to coerce '51.3' via int, leaving as string
  return {key: get_coercion(key)(value) for key, value in row.items()}
C:\Users\nicolas\Documents\GitHub\courtside-data\courtside_data\output\field_types.py:405: UserWarning: Failed to coerce '95.9' via int, leaving as string
  return {key: get_coercion(key)(value) for key, value in row.items()}
C:\Users\nicolas\Documents\GitHub\courtside-data\courtside_data\output\field_types.py:405: UserWarning: Failed to coerce '36.6' via int, leaving as string
  return {key: get_coercion(key)(value) for key, value in row.items()}
C:\Users\nicolas\Documents\GitHub\courtside-data\courtside_data\output\field_types.py:405: UserWarning: Failed to coerce '84.9' via int, leaving as string
  return {key: get_coercion(key)(value) for key, value in row.items()}
C:\Users\nicolas\Documents\GitHub\courtside-data\courtside_data\output\field_types.py:405: UserWarning: Failed to coerce '99.4' via int, leaving as string
  return {key: get_coercion(key)(value) for key, value in row.items()}
C:\Users\nicolas\Documents\GitHub\courtside-data\courtside_data\output\field_types.py:405: UserWarning: Failed to coerce '241.3' via int, leaving as string
  return {key: get_coercion(key)(value) for key, value in row.items()}
C:\Users\nicolas\Documents\GitHub\courtside-data\courtside_data\output\field_types.py:405: UserWarning: Failed to coerce '39.6' via int, leaving as string
  return {key: get_coercion(key)(value) for key, value in row.items()}
C:\Users\nicolas\Documents\GitHub\courtside-data\courtside_data\output\field_types.py:405: UserWarning: Failed to coerce '85.2' via int, leaving as string
  return {key: get_coercion(key)(value) for key, value in row.items()}
C:\Users\nicolas\Documents\GitHub\courtside-data\courtside_data\output\field_types.py:405: UserWarning: Failed to coerce '79.6' via int, leaving as string
  return {key: get_coercion(key)(value) for key, value in row.items()}
C:\Users\nicolas\Documents\GitHub\courtside-data\courtside_data\output\field_types.py:405: UserWarning: Failed to coerce '50.3' via int, leaving as string
  return {key: get_coercion(key)(value) for key, value in row.items()}
C:\Users\nicolas\Documents\GitHub\courtside-data\courtside_data\output\field_types.py:405: UserWarning: Failed to coerce '84.6' via int, leaving as string
  return {key: get_coercion(key)(value) for key, value in row.items()}
C:\Users\nicolas\Documents\GitHub\courtside-data\courtside_data\output\field_types.py:405: UserWarning: Failed to coerce '49.8' via int, leaving as string
  return {key: get_coercion(key)(value) for key, value in row.items()}
C:\Users\nicolas\Documents\GitHub\courtside-data\courtside_data\output\field_types.py:405: UserWarning: Failed to coerce '83.2' via int, leaving as string
  return {key: get_coercion(key)(value) for key, value in row.items()}
C:\Users\nicolas\Documents\GitHub\courtside-data\courtside_data\output\field_types.py:405: UserWarning: Failed to coerce '47.9' via int, leaving as string
  return {key: get_coercion(key)(value) for key, value in row.items()}
C:\Users\nicolas\Documents\GitHub\courtside-data\courtside_data\output\field_types.py:405: UserWarning: Failed to coerce '103.7' via int, leaving as string
  return {key: get_coercion(key)(value) for key, value in row.items()}
C:\Users\nicolas\Documents\GitHub\courtside-data\courtside_data\output\field_types.py:405: UserWarning: Failed to coerce '82.1' via int, leaving as string
  return {key: get_coercion(key)(value) for key, value in row.items()}
C:\Users\nicolas\Documents\GitHub\courtside-data\courtside_data\output\field_types.py:405: UserWarning: Failed to coerce '105.3' via int, leaving as string
  return {key: get_coercion(key)(value) for key, value in row.items()}
C:\Users\nicolas\Documents\GitHub\courtside-data\courtside_data\output\field_types.py:405: UserWarning: Failed to coerce '82.2' via int, leaving as string
  return {key: get_coercion(key)(value) for key, value in row.items()}
C:\Users\nicolas\Documents\GitHub\courtside-data\courtside_data\output\field_types.py:405: UserWarning: Failed to coerce '47.3' via int, leaving as string
  return {key: get_coercion(key)(value) for key, value in row.items()}
C:\Users\nicolas\Documents\GitHub\courtside-data\courtside_data\output\field_types.py:405: UserWarning: Failed to coerce '30.3' via int, leaving as string
  return {key: get_coercion(key)(value) for key, value in row.items()}
C:\Users\nicolas\Documents\GitHub\courtside-data\courtside_data\output\field_types.py:405: UserWarning: Failed to coerce '6.3' via int, leaving as string
  return {key: get_coercion(key)(value) for key, value in row.items()}
C:\Users\nicolas\Documents\GitHub\courtside-data\courtside_data\output\field_types.py:405: UserWarning: Failed to coerce '81.4' via int, leaving as string
  return {key: get_coercion(key)(value) for key, value in row.items()}
C:\Users\nicolas\Documents\GitHub\courtside-data\courtside_data\output\field_types.py:405: UserWarning: Failed to coerce '244.2' via int, leaving as string
  return {key: get_coercion(key)(value) for key, value in row.items()}
C:\Users\nicolas\Documents\GitHub\courtside-data\courtside_data\output\field_types.py:405: UserWarning: Failed to coerce '57.5' via int, leaving as string
  return {key: get_coercion(key)(value) for key, value in row.items()}
C:\Users\nicolas\Documents\GitHub\courtside-data\courtside_data\output\field_types.py:405: UserWarning: Failed to coerce '108.3' via int, leaving as string
  return {key: get_coercion(key)(value) for key, value in row.items()}
C:\Users\nicolas\Documents\GitHub\courtside-data\courtside_data\output\field_types.py:405: UserWarning: Failed to coerce '34.4' via int, leaving as string
  return {key: get_coercion(key)(value) for key, value in row.items()}
C:\Users\nicolas\Documents\GitHub\courtside-data\courtside_data\output\field_types.py:405: UserWarning: Failed to coerce '108.6' via int, leaving as string
  return {key: get_coercion(key)(value) for key, value in row.items()}
C:\Users\nicolas\Documents\GitHub\courtside-data\courtside_data\output\field_types.py:405: UserWarning: Failed to coerce '241.9' via int, leaving as string
  return {key: get_coercion(key)(value) for key, value in row.items()}
C:\Users\nicolas\Documents\GitHub\courtside-data\courtside_data\output\field_types.py:405: UserWarning: Failed to coerce '242.9' via int, leaving as string
  return {key: get_coercion(key)(value) for key, value in row.items()}
C:\Users\nicolas\Documents\GitHub\courtside-data\courtside_data\output\field_types.py:405: UserWarning: Failed to coerce '2.8' via int, leaving as string
  return {key: get_coercion(key)(value) for key, value in row.items()}
[305/341] playoff_bracket_per_game_opponent ... ERROR other ValueError  (7.0s)
C:\Users\nicolas\Documents\GitHub\courtside-data\courtside_data\output\field_types.py:405: UserWarning: Failed to coerce '91.3' via int, leaving as string
  return {key: get_coercion(key)(value) for key, value in row.items()}
C:\Users\nicolas\Documents\GitHub\courtside-data\courtside_data\output\field_types.py:405: UserWarning: Failed to coerce '35.8' via int, leaving as string
  return {key: get_coercion(key)(value) for key, value in row.items()}
C:\Users\nicolas\Documents\GitHub\courtside-data\courtside_data\output\field_types.py:405: UserWarning: Failed to coerce '55.5' via int, leaving as string
  return {key: get_coercion(key)(value) for key, value in row.items()}
C:\Users\nicolas\Documents\GitHub\courtside-data\courtside_data\output\field_types.py:405: UserWarning: Failed to coerce '37.3' via int, leaving as string
  return {key: get_coercion(key)(value) for key, value in row.items()}
C:\Users\nicolas\Documents\GitHub\courtside-data\courtside_data\output\field_types.py:405: UserWarning: Failed to coerce '39.4' via int, leaving as string
  return {key: get_coercion(key)(value) for key, value in row.items()}
C:\Users\nicolas\Documents\GitHub\courtside-data\courtside_data\output\field_types.py:405: UserWarning: Failed to coerce '78.0' via int, leaving as string
  return {key: get_coercion(key)(value) for key, value in row.items()}
C:\Users\nicolas\Documents\GitHub\courtside-data\courtside_data\output\field_types.py:405: UserWarning: Failed to coerce '107.6' via int, leaving as string
  return {key: get_coercion(key)(value) for key, value in row.items()}
C:\Users\nicolas\Documents\GitHub\courtside-data\courtside_data\output\field_types.py:405: UserWarning: Failed to coerce '80.8' via int, leaving as string
  return {key: get_coercion(key)(value) for key, value in row.items()}
C:\Users\nicolas\Documents\GitHub\courtside-data\courtside_data\output\field_types.py:405: UserWarning: Failed to coerce '106.3' via int, leaving as string
  return {key: get_coercion(key)(value) for key, value in row.items()}
C:\Users\nicolas\Documents\GitHub\courtside-data\courtside_data\output\field_types.py:405: UserWarning: Failed to coerce '105.5' via int, leaving as string
  return {key: get_coercion(key)(value) for key, value in row.items()}
C:\Users\nicolas\Documents\GitHub\courtside-data\courtside_data\output\field_types.py:405: UserWarning: Failed to coerce '78.3' via int, leaving as string
  return {key: get_coercion(key)(value) for key, value in row.items()}
C:\Users\nicolas\Documents\GitHub\courtside-data\courtside_data\output\field_types.py:405: UserWarning: Failed to coerce '104.2' via int, leaving as string
  return {key: get_coercion(key)(value) for key, value in row.items()}
C:\Users\nicolas\Documents\GitHub\courtside-data\courtside_data\output\field_types.py:405: UserWarning: Failed to coerce '50.4' via int, leaving as string
  return {key: get_coercion(key)(value) for key, value in row.items()}
C:\Users\nicolas\Documents\GitHub\courtside-data\courtside_data\output\field_types.py:405: UserWarning: Failed to coerce '102.8' via int, leaving as string
  return {key: get_coercion(key)(value) for key, value in row.items()}
C:\Users\nicolas\Documents\GitHub\courtside-data\courtside_data\output\field_types.py:405: UserWarning: Failed to coerce '79.0' via int, leaving as string
  return {key: get_coercion(key)(value) for key, value in row.items()}
C:\Users\nicolas\Documents\GitHub\courtside-data\courtside_data\output\field_types.py:405: UserWarning: Failed to coerce '99.0' via int, leaving as string
  return {key: get_coercion(key)(value) for key, value in row.items()}
C:\Users\nicolas\Documents\GitHub\courtside-data\courtside_data\output\field_types.py:405: UserWarning: Failed to coerce '78.2' via int, leaving as string
  return {key: get_coercion(key)(value) for key, value in row.items()}
C:\Users\nicolas\Documents\GitHub\courtside-data\courtside_data\output\field_types.py:405: UserWarning: Failed to coerce '97.4' via int, leaving as string
  return {key: get_coercion(key)(value) for key, value in row.items()}
C:\Users\nicolas\Documents\GitHub\courtside-data\courtside_data\output\field_types.py:405: UserWarning: Failed to coerce '95.2' via int, leaving as string
  return {key: get_coercion(key)(value) for key, value in row.items()}
[306/341] playoff_bracket_per_game_team ... ERROR other ValueError  (6.6s)
C:\Users\nicolas\Documents\GitHub\courtside-data\courtside_data\output\field_types.py:405: UserWarning: Failed to coerce '85.8' via int, leaving as string
  return {key: get_coercion(key)(value) for key, value in row.items()}
C:\Users\nicolas\Documents\GitHub\courtside-data\courtside_data\output\field_types.py:405: UserWarning: Failed to coerce '54.2' via int, leaving as string
  return {key: get_coercion(key)(value) for key, value in row.items()}
C:\Users\nicolas\Documents\GitHub\courtside-data\courtside_data\output\field_types.py:405: UserWarning: Failed to coerce '101.3' via int, leaving as string
  return {key: get_coercion(key)(value) for key, value in row.items()}
C:\Users\nicolas\Documents\GitHub\courtside-data\courtside_data\output\field_types.py:405: UserWarning: Failed to coerce '90.0' via int, leaving as string
  return {key: get_coercion(key)(value) for key, value in row.items()}
C:\Users\nicolas\Documents\GitHub\courtside-data\courtside_data\output\field_types.py:405: UserWarning: Failed to coerce '48.0' via int, leaving as string
  return {key: get_coercion(key)(value) for key, value in row.items()}
C:\Users\nicolas\Documents\GitHub\courtside-data\courtside_data\output\field_types.py:405: UserWarning: Failed to coerce '105.4' via int, leaving as string
  return {key: get_coercion(key)(value) for key, value in row.items()}
C:\Users\nicolas\Documents\GitHub\courtside-data\courtside_data\output\field_types.py:405: UserWarning: Failed to coerce '92.2' via int, leaving as string
  return {key: get_coercion(key)(value) for key, value in row.items()}
C:\Users\nicolas\Documents\GitHub\courtside-data\courtside_data\output\field_types.py:405: UserWarning: Failed to coerce '51.7' via int, leaving as string
  return {key: get_coercion(key)(value) for key, value in row.items()}
C:\Users\nicolas\Documents\GitHub\courtside-data\courtside_data\output\field_types.py:405: UserWarning: Failed to coerce '48.2' via int, leaving as string
  return {key: get_coercion(key)(value) for key, value in row.items()}
C:\Users\nicolas\Documents\GitHub\courtside-data\courtside_data\output\field_types.py:405: UserWarning: Failed to coerce '53.9' via int, leaving as string
  return {key: get_coercion(key)(value) for key, value in row.items()}
C:\Users\nicolas\Documents\GitHub\courtside-data\courtside_data\output\field_types.py:405: UserWarning: Failed to coerce '95.7' via int, leaving as string
  return {key: get_coercion(key)(value) for key, value in row.items()}
C:\Users\nicolas\Documents\GitHub\courtside-data\courtside_data\output\field_types.py:405: UserWarning: Failed to coerce '36.1' via int, leaving as string
  return {key: get_coercion(key)(value) for key, value in row.items()}
C:\Users\nicolas\Documents\GitHub\courtside-data\courtside_data\output\field_types.py:405: UserWarning: Failed to coerce '59.6' via int, leaving as string
  return {key: get_coercion(key)(value) for key, value in row.items()}
C:\Users\nicolas\Documents\GitHub\courtside-data\courtside_data\output\field_types.py:405: UserWarning: Failed to coerce '48.3' via int, leaving as string
  return {key: get_coercion(key)(value) for key, value in row.items()}
C:\Users\nicolas\Documents\GitHub\courtside-data\courtside_data\output\field_types.py:405: UserWarning: Failed to coerce '96.7' via int, leaving as string
  return {key: get_coercion(key)(value) for key, value in row.items()}
C:\Users\nicolas\Documents\GitHub\courtside-data\courtside_data\output\field_types.py:405: UserWarning: Failed to coerce '34.6' via int, leaving as string
  return {key: get_coercion(key)(value) for key, value in row.items()}
C:\Users\nicolas\Documents\GitHub\courtside-data\courtside_data\output\field_types.py:405: UserWarning: Failed to coerce '117.1' via int, leaving as string
  return {key: get_coercion(key)(value) for key, value in row.items()}
C:\Users\nicolas\Documents\GitHub\courtside-data\courtside_data\output\field_types.py:405: UserWarning: Failed to coerce '46.7' via int, leaving as string
  return {key: get_coercion(key)(value) for key, value in row.items()}
C:\Users\nicolas\Documents\GitHub\courtside-data\courtside_data\output\field_types.py:405: UserWarning: Failed to coerce '46.2' via int, leaving as string
  return {key: get_coercion(key)(value) for key, value in row.items()}
C:\Users\nicolas\Documents\GitHub\courtside-data\courtside_data\output\field_types.py:405: UserWarning: Failed to coerce '91.4' via int, leaving as string
  return {key: get_coercion(key)(value) for key, value in row.items()}
C:\Users\nicolas\Documents\GitHub\courtside-data\courtside_data\output\field_types.py:405: UserWarning: Failed to coerce '120.9' via int, leaving as string
  return {key: get_coercion(key)(value) for key, value in row.items()}
C:\Users\nicolas\Documents\GitHub\courtside-data\courtside_data\output\field_types.py:405: UserWarning: Failed to coerce '49.4' via int, leaving as string
  return {key: get_coercion(key)(value) for key, value in row.items()}
C:\Users\nicolas\Documents\GitHub\courtside-data\courtside_data\output\field_types.py:405: UserWarning: Failed to coerce '126.4' via int, leaving as string
  return {key: get_coercion(key)(value) for key, value in row.items()}
[307/341] playoff_bracket_per_poss_opponent ... ERROR other ValueError  (6.1s)
C:\Users\nicolas\Documents\GitHub\courtside-data\courtside_data\output\field_types.py:405: UserWarning: Failed to coerce '93.2' via int, leaving as string
  return {key: get_coercion(key)(value) for key, value in row.items()}
C:\Users\nicolas\Documents\GitHub\courtside-data\courtside_data\output\field_types.py:405: UserWarning: Failed to coerce '58.5' via int, leaving as string
  return {key: get_coercion(key)(value) for key, value in row.items()}
C:\Users\nicolas\Documents\GitHub\courtside-data\courtside_data\output\field_types.py:405: UserWarning: Failed to coerce '120.1' via int, leaving as string
  return {key: get_coercion(key)(value) for key, value in row.items()}
C:\Users\nicolas\Documents\GitHub\courtside-data\courtside_data\output\field_types.py:405: UserWarning: Failed to coerce '94.9' via int, leaving as string
  return {key: get_coercion(key)(value) for key, value in row.items()}
C:\Users\nicolas\Documents\GitHub\courtside-data\courtside_data\output\field_types.py:405: UserWarning: Failed to coerce '118.7' via int, leaving as string
  return {key: get_coercion(key)(value) for key, value in row.items()}
C:\Users\nicolas\Documents\GitHub\courtside-data\courtside_data\output\field_types.py:405: UserWarning: Failed to coerce '90.7' via int, leaving as string
  return {key: get_coercion(key)(value) for key, value in row.items()}
C:\Users\nicolas\Documents\GitHub\courtside-data\courtside_data\output\field_types.py:405: UserWarning: Failed to coerce '116.9' via int, leaving as string
  return {key: get_coercion(key)(value) for key, value in row.items()}
C:\Users\nicolas\Documents\GitHub\courtside-data\courtside_data\output\field_types.py:405: UserWarning: Failed to coerce '90.9' via int, leaving as string
  return {key: get_coercion(key)(value) for key, value in row.items()}
C:\Users\nicolas\Documents\GitHub\courtside-data\courtside_data\output\field_types.py:405: UserWarning: Failed to coerce '57.9' via int, leaving as string
  return {key: get_coercion(key)(value) for key, value in row.items()}
C:\Users\nicolas\Documents\GitHub\courtside-data\courtside_data\output\field_types.py:405: UserWarning: Failed to coerce '81.0' via int, leaving as string
  return {key: get_coercion(key)(value) for key, value in row.items()}
C:\Users\nicolas\Documents\GitHub\courtside-data\courtside_data\output\field_types.py:405: UserWarning: Failed to coerce '53.6' via int, leaving as string
  return {key: get_coercion(key)(value) for key, value in row.items()}
C:\Users\nicolas\Documents\GitHub\courtside-data\courtside_data\output\field_types.py:405: UserWarning: Failed to coerce '101.6' via int, leaving as string
  return {key: get_coercion(key)(value) for key, value in row.items()}
[308/341] playoff_bracket_per_poss_team ... ERROR other ValueError  (6.8s)
C:\Users\nicolas\Documents\GitHub\courtside-data\courtside_data\output\field_types.py:405: UserWarning: Failed to coerce '.816' via int, leaving as string
  return {key: get_coercion(key)(value) for key, value in row.items()}
C:\Users\nicolas\Documents\GitHub\courtside-data\courtside_data\output\field_types.py:405: UserWarning: Failed to coerce '.304' via int, leaving as string
  return {key: get_coercion(key)(value) for key, value in row.items()}
C:\Users\nicolas\Documents\GitHub\courtside-data\courtside_data\output\field_types.py:405: UserWarning: Failed to coerce '.886' via int, leaving as string
  return {key: get_coercion(key)(value) for key, value in row.items()}
C:\Users\nicolas\Documents\GitHub\courtside-data\courtside_data\output\field_types.py:405: UserWarning: Failed to coerce '.799' via int, leaving as string
  return {key: get_coercion(key)(value) for key, value in row.items()}
C:\Users\nicolas\Documents\GitHub\courtside-data\courtside_data\output\field_types.py:405: UserWarning: Failed to coerce '.794' via int, leaving as string
  return {key: get_coercion(key)(value) for key, value in row.items()}
C:\Users\nicolas\Documents\GitHub\courtside-data\courtside_data\output\field_types.py:405: UserWarning: Failed to coerce '.649' via int, leaving as string
  return {key: get_coercion(key)(value) for key, value in row.items()}
C:\Users\nicolas\Documents\GitHub\courtside-data\courtside_data\output\field_types.py:405: UserWarning: Failed to coerce '.811' via int, leaving as string
  return {key: get_coercion(key)(value) for key, value in row.items()}
C:\Users\nicolas\Documents\GitHub\courtside-data\courtside_data\output\field_types.py:405: UserWarning: Failed to coerce '.870' via int, leaving as string
  return {key: get_coercion(key)(value) for key, value in row.items()}
C:\Users\nicolas\Documents\GitHub\courtside-data\courtside_data\output\field_types.py:405: UserWarning: Failed to coerce '.623' via int, leaving as string
  return {key: get_coercion(key)(value) for key, value in row.items()}
C:\Users\nicolas\Documents\GitHub\courtside-data\courtside_data\output\field_types.py:405: UserWarning: Failed to coerce '.853' via int, leaving as string
  return {key: get_coercion(key)(value) for key, value in row.items()}
C:\Users\nicolas\Documents\GitHub\courtside-data\courtside_data\output\field_types.py:405: UserWarning: Failed to coerce '.599' via int, leaving as string
  return {key: get_coercion(key)(value) for key, value in row.items()}
C:\Users\nicolas\Documents\GitHub\courtside-data\courtside_data\output\field_types.py:405: UserWarning: Failed to coerce '.697' via int, leaving as string
  return {key: get_coercion(key)(value) for key, value in row.items()}
C:\Users\nicolas\Documents\GitHub\courtside-data\courtside_data\output\field_types.py:405: UserWarning: Failed to coerce '.745' via int, leaving as string
  return {key: get_coercion(key)(value) for key, value in row.items()}
C:\Users\nicolas\Documents\GitHub\courtside-data\courtside_data\output\field_types.py:405: UserWarning: Failed to coerce '.817' via int, leaving as string
  return {key: get_coercion(key)(value) for key, value in row.items()}
[309/341] playoff_bracket_shooting_opponent ... ERROR other ValueError  (6.2s)
C:\Users\nicolas\Documents\GitHub\courtside-data\courtside_data\output\field_types.py:405: UserWarning: Failed to coerce '.669' via int, leaving as string
  return {key: get_coercion(key)(value) for key, value in row.items()}
C:\Users\nicolas\Documents\GitHub\courtside-data\courtside_data\output\field_types.py:405: UserWarning: Failed to coerce '.582' via int, leaving as string
  return {key: get_coercion(key)(value) for key, value in row.items()}
C:\Users\nicolas\Documents\GitHub\courtside-data\courtside_data\output\field_types.py:405: UserWarning: Failed to coerce '.670' via int, leaving as string
  return {key: get_coercion(key)(value) for key, value in row.items()}
C:\Users\nicolas\Documents\GitHub\courtside-data\courtside_data\output\field_types.py:405: UserWarning: Failed to coerce '.663' via int, leaving as string
  return {key: get_coercion(key)(value) for key, value in row.items()}
C:\Users\nicolas\Documents\GitHub\courtside-data\courtside_data\output\field_types.py:405: UserWarning: Failed to coerce '.810' via int, leaving as string
  return {key: get_coercion(key)(value) for key, value in row.items()}
C:\Users\nicolas\Documents\GitHub\courtside-data\courtside_data\output\field_types.py:405: UserWarning: Failed to coerce '.665' via int, leaving as string
  return {key: get_coercion(key)(value) for key, value in row.items()}
C:\Users\nicolas\Documents\GitHub\courtside-data\courtside_data\output\field_types.py:405: UserWarning: Failed to coerce '.758' via int, leaving as string
  return {key: get_coercion(key)(value) for key, value in row.items()}
C:\Users\nicolas\Documents\GitHub\courtside-data\courtside_data\output\field_types.py:405: UserWarning: Failed to coerce '.594' via int, leaving as string
  return {key: get_coercion(key)(value) for key, value in row.items()}
C:\Users\nicolas\Documents\GitHub\courtside-data\courtside_data\output\field_types.py:405: UserWarning: Failed to coerce '.461' via int, leaving as string
  return {key: get_coercion(key)(value) for key, value in row.items()}
C:\Users\nicolas\Documents\GitHub\courtside-data\courtside_data\output\field_types.py:405: UserWarning: Failed to coerce '.881' via int, leaving as string
  return {key: get_coercion(key)(value) for key, value in row.items()}
C:\Users\nicolas\Documents\GitHub\courtside-data\courtside_data\output\field_types.py:405: UserWarning: Failed to coerce '.738' via int, leaving as string
  return {key: get_coercion(key)(value) for key, value in row.items()}
[310/341] playoff_bracket_shooting_team ... ERROR other ValueError  (6.7s)
[311/341] playoff_bracket_totals_opponent ... OK  (rows=16, 6.5s)
[312/341] playoff_bracket_totals_team ... OK  (rows=16, 6.6s)
C:\Users\nicolas\Documents\GitHub\courtside-data\courtside_data\output\field_types.py:405: UserWarning: Failed to coerce '-11.9' via int, leaving as string
  return {key: get_coercion(key)(value) for key, value in row.items()}
C:\Users\nicolas\Documents\GitHub\courtside-data\courtside_data\output\field_types.py:405: UserWarning: Failed to coerce '-12.6' via int, leaving as string
  return {key: get_coercion(key)(value) for key, value in row.items()}
C:\Users\nicolas\Documents\GitHub\courtside-data\courtside_data\output\field_types.py:405: UserWarning: Failed to coerce '1.3' via int, leaving as string
  return {key: get_coercion(key)(value) for key, value in row.items()}
C:\Users\nicolas\Documents\GitHub\courtside-data\courtside_data\output\field_types.py:405: UserWarning: Failed to coerce '-15.4' via int, leaving as string
  return {key: get_coercion(key)(value) for key, value in row.items()}
C:\Users\nicolas\Documents\GitHub\courtside-data\courtside_data\output\field_types.py:405: UserWarning: Failed to coerce '-19.3' via int, leaving as string
  return {key: get_coercion(key)(value) for key, value in row.items()}
C:\Users\nicolas\Documents\GitHub\courtside-data\courtside_data\output\field_types.py:405: UserWarning: Failed to coerce '-4.7' via int, leaving as string
  return {key: get_coercion(key)(value) for key, value in row.items()}
C:\Users\nicolas\Documents\GitHub\courtside-data\courtside_data\output\field_types.py:405: UserWarning: Failed to coerce '-19.9' via int, leaving as string
  return {key: get_coercion(key)(value) for key, value in row.items()}
C:\Users\nicolas\Documents\GitHub\courtside-data\courtside_data\output\field_types.py:405: UserWarning: Failed to coerce '-25.1' via int, leaving as string
  return {key: get_coercion(key)(value) for key, value in row.items()}
C:\Users\nicolas\Documents\GitHub\courtside-data\courtside_data\output\field_types.py:405: UserWarning: Failed to coerce '-10.3' via int, leaving as string
  return {key: get_coercion(key)(value) for key, value in row.items()}
C:\Users\nicolas\Documents\GitHub\courtside-data\courtside_data\output\field_types.py:405: UserWarning: Failed to coerce '-38.4' via int, leaving as string
  return {key: get_coercion(key)(value) for key, value in row.items()}
C:\Users\nicolas\Documents\GitHub\courtside-data\courtside_data\output\field_types.py:405: UserWarning: Failed to coerce '-32.5' via int, leaving as string
  return {key: get_coercion(key)(value) for key, value in row.items()}
C:\Users\nicolas\Documents\GitHub\courtside-data\courtside_data\output\field_types.py:405: UserWarning: Failed to coerce '-5.1' via int, leaving as string
  return {key: get_coercion(key)(value) for key, value in row.items()}
C:\Users\nicolas\Documents\GitHub\courtside-data\courtside_data\output\field_types.py:405: UserWarning: Failed to coerce '-19.2' via int, leaving as string
  return {key: get_coercion(key)(value) for key, value in row.items()}
C:\Users\nicolas\Documents\GitHub\courtside-data\courtside_data\output\field_types.py:405: UserWarning: Failed to coerce '-5.3' via int, leaving as string
  return {key: get_coercion(key)(value) for key, value in row.items()}
C:\Users\nicolas\Documents\GitHub\courtside-data\courtside_data\output\field_types.py:405: UserWarning: Failed to coerce '-6.1' via int, leaving as string
  return {key: get_coercion(key)(value) for key, value in row.items()}
C:\Users\nicolas\Documents\GitHub\courtside-data\courtside_data\output\field_types.py:405: UserWarning: Failed to coerce '-6.8' via int, leaving as string
  return {key: get_coercion(key)(value) for key, value in row.items()}
C:\Users\nicolas\Documents\GitHub\courtside-data\courtside_data\output\field_types.py:405: UserWarning: Failed to coerce '-81.4' via int, leaving as string
  return {key: get_coercion(key)(value) for key, value in row.items()}
C:\Users\nicolas\Documents\GitHub\courtside-data\courtside_data\output\field_types.py:405: UserWarning: Failed to coerce '-115.5' via int, leaving as string
  return {key: get_coercion(key)(value) for key, value in row.items()}
C:\Users\nicolas\Documents\GitHub\courtside-data\courtside_data\output\field_types.py:405: UserWarning: Failed to coerce '96.0' via int, leaving as string
  return {key: get_coercion(key)(value) for key, value in row.items()}
C:\Users\nicolas\Documents\GitHub\courtside-data\courtside_data\output\field_types.py:405: UserWarning: Failed to coerce '-1.8' via int, leaving as string
  return {key: get_coercion(key)(value) for key, value in row.items()}
C:\Users\nicolas\Documents\GitHub\courtside-data\courtside_data\output\field_types.py:405: UserWarning: Failed to coerce '-167.8' via int, leaving as string
  return {key: get_coercion(key)(value) for key, value in row.items()}
C:\Users\nicolas\Documents\GitHub\courtside-data\courtside_data\output\field_types.py:405: UserWarning: Failed to coerce '-28.7' via int, leaving as string
  return {key: get_coercion(key)(value) for key, value in row.items()}
[313/341] team_and_opponent_adj_shooting ... ERROR other ValueError  (6.1s)
[314/341] team_and_opponent_adj_shooting_post ... OK  (rows=13, 6.3s)
[315/341] team_and_opponent_advanced ... OK  (rows=21, 7.1s)
[316/341] team_and_opponent_advanced_post ... OK  (rows=11, 6.2s)
[317/341] team_and_opponent_pbp_stats ... OK  (rows=17, 6.3s)
[318/341] team_and_opponent_pbp_stats_post ... OK  (rows=14, 6.9s)
[319/341] team_and_opponent_per_game_stats ... OK  (rows=21, 6.4s)
[320/341] team_and_opponent_per_game_stats_post ... OK  (rows=15, 6.3s)
[321/341] team_and_opponent_per_minute_stats ... OK  (rows=24, 6.7s)
[322/341] team_and_opponent_per_minute_stats_post ... OK  (rows=0, 6.8s)
[323/341] team_and_opponent_per_poss ... OK  (rows=17, 6.3s)
[324/341] team_and_opponent_per_poss_post ... OK  (rows=0, 6.9s)
C:\Users\nicolas\Documents\GitHub\courtside-data\courtside_data\output\field_types.py:405: UserWarning: Failed to coerce '$16,910,113' via int, leaving as string
  return {key: get_coercion(key)(value) for key, value in row.items()}
C:\Users\nicolas\Documents\GitHub\courtside-data\courtside_data\output\field_types.py:405: UserWarning: Failed to coerce '$15,500,000' via int, leaving as string
  return {key: get_coercion(key)(value) for key, value in row.items()}
C:\Users\nicolas\Documents\GitHub\courtside-data\courtside_data\output\field_types.py:405: UserWarning: Failed to coerce '$12,500,000' via int, leaving as string
  return {key: get_coercion(key)(value) for key, value in row.items()}
C:\Users\nicolas\Documents\GitHub\courtside-data\courtside_data\output\field_types.py:405: UserWarning: Failed to coerce '$10,942,762' via int, leaving as string
  return {key: get_coercion(key)(value) for key, value in row.items()}
C:\Users\nicolas\Documents\GitHub\courtside-data\courtside_data\output\field_types.py:405: UserWarning: Failed to coerce '$6,306,060' via int, leaving as string
  return {key: get_coercion(key)(value) for key, value in row.items()}
C:\Users\nicolas\Documents\GitHub\courtside-data\courtside_data\output\field_types.py:405: UserWarning: Failed to coerce '$6,000,000' via int, leaving as string
  return {key: get_coercion(key)(value) for key, value in row.items()}
C:\Users\nicolas\Documents\GitHub\courtside-data\courtside_data\output\field_types.py:405: UserWarning: Failed to coerce '$5,434,282' via int, leaving as string
  return {key: get_coercion(key)(value) for key, value in row.items()}
C:\Users\nicolas\Documents\GitHub\courtside-data\courtside_data\output\field_types.py:405: UserWarning: Failed to coerce '$5,000,000' via int, leaving as string
  return {key: get_coercion(key)(value) for key, value in row.items()}
C:\Users\nicolas\Documents\GitHub\courtside-data\courtside_data\output\field_types.py:405: UserWarning: Failed to coerce '$2,500,000' via int, leaving as string
  return {key: get_coercion(key)(value) for key, value in row.items()}
C:\Users\nicolas\Documents\GitHub\courtside-data\courtside_data\output\field_types.py:405: UserWarning: Failed to coerce '$2,422,560' via int, leaving as string
  return {key: get_coercion(key)(value) for key, value in row.items()}
C:\Users\nicolas\Documents\GitHub\courtside-data\courtside_data\output\field_types.py:405: UserWarning: Failed to coerce '$1,936,920' via int, leaving as string
  return {key: get_coercion(key)(value) for key, value in row.items()}
C:\Users\nicolas\Documents\GitHub\courtside-data\courtside_data\output\field_types.py:405: UserWarning: Failed to coerce '$1,662,500' via int, leaving as string
  return {key: get_coercion(key)(value) for key, value in row.items()}
C:\Users\nicolas\Documents\GitHub\courtside-data\courtside_data\output\field_types.py:405: UserWarning: Failed to coerce '$1,567,200' via int, leaving as string
  return {key: get_coercion(key)(value) for key, value in row.items()}
C:\Users\nicolas\Documents\GitHub\courtside-data\courtside_data\output\field_types.py:405: UserWarning: Failed to coerce '$1,312,611' via int, leaving as string
  return {key: get_coercion(key)(value) for key, value in row.items()}
C:\Users\nicolas\Documents\GitHub\courtside-data\courtside_data\output\field_types.py:405: UserWarning: Failed to coerce '$905,249' via int, leaving as string
  return {key: get_coercion(key)(value) for key, value in row.items()}
C:\Users\nicolas\Documents\GitHub\courtside-data\courtside_data\output\field_types.py:405: UserWarning: Failed to coerce '$815,615' via int, leaving as string
  return {key: get_coercion(key)(value) for key, value in row.items()}
C:\Users\nicolas\Documents\GitHub\courtside-data\courtside_data\output\field_types.py:405: UserWarning: Failed to coerce '$729,919' via int, leaving as string
  return {key: get_coercion(key)(value) for key, value in row.items()}
C:\Users\nicolas\Documents\GitHub\courtside-data\courtside_data\output\field_types.py:405: UserWarning: Failed to coerce '$225,792' via int, leaving as string
  return {key: get_coercion(key)(value) for key, value in row.items()}
C:\Users\nicolas\Documents\GitHub\courtside-data\courtside_data\output\field_types.py:405: UserWarning: Failed to coerce '$193,536' via int, leaving as string
  return {key: get_coercion(key)(value) for key, value in row.items()}
C:\Users\nicolas\Documents\GitHub\courtside-data\courtside_data\output\field_types.py:405: UserWarning: Failed to coerce '$138,240' via int, leaving as string
  return {key: get_coercion(key)(value) for key, value in row.items()}
C:\Users\nicolas\Documents\GitHub\courtside-data\courtside_data\output\field_types.py:405: UserWarning: Failed to coerce '$133,129' via int, leaving as string
  return {key: get_coercion(key)(value) for key, value in row.items()}
C:\Users\nicolas\Documents\GitHub\courtside-data\courtside_data\output\field_types.py:405: UserWarning: Failed to coerce '$100,000' via int, leaving as string
  return {key: get_coercion(key)(value) for key, value in row.items()}
C:\Users\nicolas\Documents\GitHub\courtside-data\courtside_data\output\field_types.py:405: UserWarning: Failed to coerce '$26,773' via int, leaving as string
  return {key: get_coercion(key)(value) for key, value in row.items()}
C:\Users\nicolas\Documents\GitHub\courtside-data\courtside_data\output\field_types.py:405: UserWarning: Failed to coerce '$0' via int, leaving as string
  return {key: get_coercion(key)(value) for key, value in row.items()}
[325/341] team_and_opponent_salaries2 ... ERROR other ValueError  (6.5s)
C:\Users\nicolas\Documents\GitHub\courtside-data\courtside_data\output\field_types.py:405: UserWarning: Failed to coerce '.002' via int, leaving as string
  return {key: get_coercion(key)(value) for key, value in row.items()}
C:\Users\nicolas\Documents\GitHub\courtside-data\courtside_data\output\field_types.py:405: UserWarning: Failed to coerce '.168' via int, leaving as string
  return {key: get_coercion(key)(value) for key, value in row.items()}
C:\Users\nicolas\Documents\GitHub\courtside-data\courtside_data\output\field_types.py:405: UserWarning: Failed to coerce '.981' via int, leaving as string
  return {key: get_coercion(key)(value) for key, value in row.items()}
C:\Users\nicolas\Documents\GitHub\courtside-data\courtside_data\output\field_types.py:405: UserWarning: Failed to coerce '.787' via int, leaving as string
  return {key: get_coercion(key)(value) for key, value in row.items()}
C:\Users\nicolas\Documents\GitHub\courtside-data\courtside_data\output\field_types.py:405: UserWarning: Failed to coerce '.337' via int, leaving as string
  return {key: get_coercion(key)(value) for key, value in row.items()}
C:\Users\nicolas\Documents\GitHub\courtside-data\courtside_data\output\field_types.py:405: UserWarning: Failed to coerce '.974' via int, leaving as string
  return {key: get_coercion(key)(value) for key, value in row.items()}
C:\Users\nicolas\Documents\GitHub\courtside-data\courtside_data\output\field_types.py:405: UserWarning: Failed to coerce '.764' via int, leaving as string
  return {key: get_coercion(key)(value) for key, value in row.items()}
C:\Users\nicolas\Documents\GitHub\courtside-data\courtside_data\output\field_types.py:405: UserWarning: Failed to coerce '.025' via int, leaving as string
  return {key: get_coercion(key)(value) for key, value in row.items()}
C:\Users\nicolas\Documents\GitHub\courtside-data\courtside_data\output\field_types.py:405: UserWarning: Failed to coerce '.982' via int, leaving as string
  return {key: get_coercion(key)(value) for key, value in row.items()}
C:\Users\nicolas\Documents\GitHub\courtside-data\courtside_data\output\field_types.py:405: UserWarning: Failed to coerce '.031' via int, leaving as string
  return {key: get_coercion(key)(value) for key, value in row.items()}
C:\Users\nicolas\Documents\GitHub\courtside-data\courtside_data\output\field_types.py:405: UserWarning: Failed to coerce '.960' via int, leaving as string
  return {key: get_coercion(key)(value) for key, value in row.items()}
C:\Users\nicolas\Documents\GitHub\courtside-data\courtside_data\output\field_types.py:405: UserWarning: Failed to coerce '.808' via int, leaving as string
  return {key: get_coercion(key)(value) for key, value in row.items()}
C:\Users\nicolas\Documents\GitHub\courtside-data\courtside_data\output\field_types.py:405: UserWarning: Failed to coerce '.287' via int, leaving as string
  return {key: get_coercion(key)(value) for key, value in row.items()}
C:\Users\nicolas\Documents\GitHub\courtside-data\courtside_data\output\field_types.py:405: UserWarning: Failed to coerce '.713' via int, leaving as string
  return {key: get_coercion(key)(value) for key, value in row.items()}
[326/341] team_and_opponent_shooting ... ERROR other ValueError  (6.9s)
C:\Users\nicolas\Documents\GitHub\courtside-data\courtside_data\output\field_types.py:405: UserWarning: Failed to coerce '.654' via int, leaving as string
  return {key: get_coercion(key)(value) for key, value in row.items()}
C:\Users\nicolas\Documents\GitHub\courtside-data\courtside_data\output\field_types.py:405: UserWarning: Failed to coerce '.638' via int, leaving as string
  return {key: get_coercion(key)(value) for key, value in row.items()}
C:\Users\nicolas\Documents\GitHub\courtside-data\courtside_data\output\field_types.py:405: UserWarning: Failed to coerce '.017' via int, leaving as string
  return {key: get_coercion(key)(value) for key, value in row.items()}
C:\Users\nicolas\Documents\GitHub\courtside-data\courtside_data\output\field_types.py:405: UserWarning: Failed to coerce '.984' via int, leaving as string
  return {key: get_coercion(key)(value) for key, value in row.items()}
C:\Users\nicolas\Documents\GitHub\courtside-data\courtside_data\output\field_types.py:405: UserWarning: Failed to coerce '.742' via int, leaving as string
  return {key: get_coercion(key)(value) for key, value in row.items()}
[327/341] team_and_opponent_shooting_post ... ERROR other ValueError  (6.8s)
[328/341] team_and_opponent_totals_stats ... OK  (rows=29, 6.6s)
[329/341] team_and_opponent_totals_stats_post ... OK  (rows=0, 7.0s)
C:\Users\nicolas\Documents\GitHub\courtside-data\courtside_data\output\field_types.py:405: UserWarning: Failed to coerce '786:44' via int, leaving as string
  return {key: get_coercion(key)(value) for key, value in row.items()}
C:\Users\nicolas\Documents\GitHub\courtside-data\courtside_data\output\field_types.py:405: UserWarning: Failed to coerce '+0.9' via int, leaving as string
  return {key: get_coercion(key)(value) for key, value in row.items()}
C:\Users\nicolas\Documents\GitHub\courtside-data\courtside_data\output\field_types.py:405: UserWarning: Failed to coerce '-2.1' via int, leaving as string
  return {key: get_coercion(key)(value) for key, value in row.items()}
C:\Users\nicolas\Documents\GitHub\courtside-data\courtside_data\output\field_types.py:405: UserWarning: Failed to coerce '-4.8' via int, leaving as string
  return {key: get_coercion(key)(value) for key, value in row.items()}
C:\Users\nicolas\Documents\GitHub\courtside-data\courtside_data\output\field_types.py:405: UserWarning: Failed to coerce '+2.0' via int, leaving as string
  return {key: get_coercion(key)(value) for key, value in row.items()}
C:\Users\nicolas\Documents\GitHub\courtside-data\courtside_data\output\field_types.py:405: UserWarning: Failed to coerce '+0.1' via int, leaving as string
  return {key: get_coercion(key)(value) for key, value in row.items()}
C:\Users\nicolas\Documents\GitHub\courtside-data\courtside_data\output\field_types.py:405: UserWarning: Failed to coerce '+2.8' via int, leaving as string
  return {key: get_coercion(key)(value) for key, value in row.items()}
C:\Users\nicolas\Documents\GitHub\courtside-data\courtside_data\output\field_types.py:405: UserWarning: Failed to coerce '+0.2' via int, leaving as string
  return {key: get_coercion(key)(value) for key, value in row.items()}
C:\Users\nicolas\Documents\GitHub\courtside-data\courtside_data\output\field_types.py:405: UserWarning: Failed to coerce '718:37' via int, leaving as string
  return {key: get_coercion(key)(value) for key, value in row.items()}
C:\Users\nicolas\Documents\GitHub\courtside-data\courtside_data\output\field_types.py:405: UserWarning: Failed to coerce '-2.3' via int, leaving as string
  return {key: get_coercion(key)(value) for key, value in row.items()}
C:\Users\nicolas\Documents\GitHub\courtside-data\courtside_data\output\field_types.py:405: UserWarning: Failed to coerce '-2.9' via int, leaving as string
  return {key: get_coercion(key)(value) for key, value in row.items()}
C:\Users\nicolas\Documents\GitHub\courtside-data\courtside_data\output\field_types.py:405: UserWarning: Failed to coerce '+1.2' via int, leaving as string
  return {key: get_coercion(key)(value) for key, value in row.items()}
C:\Users\nicolas\Documents\GitHub\courtside-data\courtside_data\output\field_types.py:405: UserWarning: Failed to coerce '+1.8' via int, leaving as string
  return {key: get_coercion(key)(value) for key, value in row.items()}
C:\Users\nicolas\Documents\GitHub\courtside-data\courtside_data\output\field_types.py:405: UserWarning: Failed to coerce '665:04' via int, leaving as string
  return {key: get_coercion(key)(value) for key, value in row.items()}
C:\Users\nicolas\Documents\GitHub\courtside-data\courtside_data\output\field_types.py:405: UserWarning: Failed to coerce '-6.7' via int, leaving as string
  return {key: get_coercion(key)(value) for key, value in row.items()}
C:\Users\nicolas\Documents\GitHub\courtside-data\courtside_data\output\field_types.py:405: UserWarning: Failed to coerce '+1.9' via int, leaving as string
  return {key: get_coercion(key)(value) for key, value in row.items()}
C:\Users\nicolas\Documents\GitHub\courtside-data\courtside_data\output\field_types.py:405: UserWarning: Failed to coerce '+1.3' via int, leaving as string
  return {key: get_coercion(key)(value) for key, value in row.items()}
C:\Users\nicolas\Documents\GitHub\courtside-data\courtside_data\output\field_types.py:405: UserWarning: Failed to coerce '+2.6' via int, leaving as string
  return {key: get_coercion(key)(value) for key, value in row.items()}
C:\Users\nicolas\Documents\GitHub\courtside-data\courtside_data\output\field_types.py:405: UserWarning: Failed to coerce '-4.6' via int, leaving as string
  return {key: get_coercion(key)(value) for key, value in row.items()}
C:\Users\nicolas\Documents\GitHub\courtside-data\courtside_data\output\field_types.py:405: UserWarning: Failed to coerce '-7.9' via int, leaving as string
  return {key: get_coercion(key)(value) for key, value in row.items()}
C:\Users\nicolas\Documents\GitHub\courtside-data\courtside_data\output\field_types.py:405: UserWarning: Failed to coerce '-0.9' via int, leaving as string
  return {key: get_coercion(key)(value) for key, value in row.items()}
C:\Users\nicolas\Documents\GitHub\courtside-data\courtside_data\output\field_types.py:405: UserWarning: Failed to coerce '+0.5' via int, leaving as string
  return {key: get_coercion(key)(value) for key, value in row.items()}
C:\Users\nicolas\Documents\GitHub\courtside-data\courtside_data\output\field_types.py:405: UserWarning: Failed to coerce '659:16' via int, leaving as string
  return {key: get_coercion(key)(value) for key, value in row.items()}
C:\Users\nicolas\Documents\GitHub\courtside-data\courtside_data\output\field_types.py:405: UserWarning: Failed to coerce '-8.9' via int, leaving as string
  return {key: get_coercion(key)(value) for key, value in row.items()}
C:\Users\nicolas\Documents\GitHub\courtside-data\courtside_data\output\field_types.py:405: UserWarning: Failed to coerce '-3.8' via int, leaving as string
  return {key: get_coercion(key)(value) for key, value in row.items()}
C:\Users\nicolas\Documents\GitHub\courtside-data\courtside_data\output\field_types.py:405: UserWarning: Failed to coerce '+0.6' via int, leaving as string
  return {key: get_coercion(key)(value) for key, value in row.items()}
C:\Users\nicolas\Documents\GitHub\courtside-data\courtside_data\output\field_types.py:405: UserWarning: Failed to coerce '-5.4' via int, leaving as string
  return {key: get_coercion(key)(value) for key, value in row.items()}
C:\Users\nicolas\Documents\GitHub\courtside-data\courtside_data\output\field_types.py:405: UserWarning: Failed to coerce '+0.8' via int, leaving as string
  return {key: get_coercion(key)(value) for key, value in row.items()}
C:\Users\nicolas\Documents\GitHub\courtside-data\courtside_data\output\field_types.py:405: UserWarning: Failed to coerce '-1.7' via int, leaving as string
  return {key: get_coercion(key)(value) for key, value in row.items()}
C:\Users\nicolas\Documents\GitHub\courtside-data\courtside_data\output\field_types.py:405: UserWarning: Failed to coerce '+0.4' via int, leaving as string
  return {key: get_coercion(key)(value) for key, value in row.items()}
C:\Users\nicolas\Documents\GitHub\courtside-data\courtside_data\output\field_types.py:405: UserWarning: Failed to coerce '657:55' via int, leaving as string
  return {key: get_coercion(key)(value) for key, value in row.items()}
C:\Users\nicolas\Documents\GitHub\courtside-data\courtside_data\output\field_types.py:405: UserWarning: Failed to coerce '-12.3' via int, leaving as string
  return {key: get_coercion(key)(value) for key, value in row.items()}
C:\Users\nicolas\Documents\GitHub\courtside-data\courtside_data\output\field_types.py:405: UserWarning: Failed to coerce '-0.8' via int, leaving as string
  return {key: get_coercion(key)(value) for key, value in row.items()}
C:\Users\nicolas\Documents\GitHub\courtside-data\courtside_data\output\field_types.py:405: UserWarning: Failed to coerce '-1.4' via int, leaving as string
  return {key: get_coercion(key)(value) for key, value in row.items()}
C:\Users\nicolas\Documents\GitHub\courtside-data\courtside_data\output\field_types.py:405: UserWarning: Failed to coerce '+0.7' via int, leaving as string
  return {key: get_coercion(key)(value) for key, value in row.items()}
C:\Users\nicolas\Documents\GitHub\courtside-data\courtside_data\output\field_types.py:405: UserWarning: Failed to coerce '569:33' via int, leaving as string
  return {key: get_coercion(key)(value) for key, value in row.items()}
C:\Users\nicolas\Documents\GitHub\courtside-data\courtside_data\output\field_types.py:405: UserWarning: Failed to coerce '-4.9' via int, leaving as string
  return {key: get_coercion(key)(value) for key, value in row.items()}
C:\Users\nicolas\Documents\GitHub\courtside-data\courtside_data\output\field_types.py:405: UserWarning: Failed to coerce '+2.7' via int, leaving as string
  return {key: get_coercion(key)(value) for key, value in row.items()}
C:\Users\nicolas\Documents\GitHub\courtside-data\courtside_data\output\field_types.py:405: UserWarning: Failed to coerce '-3.4' via int, leaving as string
  return {key: get_coercion(key)(value) for key, value in row.items()}
C:\Users\nicolas\Documents\GitHub\courtside-data\courtside_data\output\field_types.py:405: UserWarning: Failed to coerce '+2.4' via int, leaving as string
  return {key: get_coercion(key)(value) for key, value in row.items()}
C:\Users\nicolas\Documents\GitHub\courtside-data\courtside_data\output\field_types.py:405: UserWarning: Failed to coerce '+3.0' via int, leaving as string
  return {key: get_coercion(key)(value) for key, value in row.items()}
C:\Users\nicolas\Documents\GitHub\courtside-data\courtside_data\output\field_types.py:405: UserWarning: Failed to coerce '560:51' via int, leaving as string
  return {key: get_coercion(key)(value) for key, value in row.items()}
C:\Users\nicolas\Documents\GitHub\courtside-data\courtside_data\output\field_types.py:405: UserWarning: Failed to coerce '-14.8' via int, leaving as string
  return {key: get_coercion(key)(value) for key, value in row.items()}
C:\Users\nicolas\Documents\GitHub\courtside-data\courtside_data\output\field_types.py:405: UserWarning: Failed to coerce '+4.4' via int, leaving as string
  return {key: get_coercion(key)(value) for key, value in row.items()}
C:\Users\nicolas\Documents\GitHub\courtside-data\courtside_data\output\field_types.py:405: UserWarning: Failed to coerce '+2.5' via int, leaving as string
  return {key: get_coercion(key)(value) for key, value in row.items()}
C:\Users\nicolas\Documents\GitHub\courtside-data\courtside_data\output\field_types.py:405: UserWarning: Failed to coerce '526:31' via int, leaving as string
  return {key: get_coercion(key)(value) for key, value in row.items()}
C:\Users\nicolas\Documents\GitHub\courtside-data\courtside_data\output\field_types.py:405: UserWarning: Failed to coerce '-1.2' via int, leaving as string
  return {key: get_coercion(key)(value) for key, value in row.items()}
C:\Users\nicolas\Documents\GitHub\courtside-data\courtside_data\output\field_types.py:405: UserWarning: Failed to coerce '+1.4' via int, leaving as string
  return {key: get_coercion(key)(value) for key, value in row.items()}
C:\Users\nicolas\Documents\GitHub\courtside-data\courtside_data\output\field_types.py:405: UserWarning: Failed to coerce '-0.1' via int, leaving as string
  return {key: get_coercion(key)(value) for key, value in row.items()}
C:\Users\nicolas\Documents\GitHub\courtside-data\courtside_data\output\field_types.py:405: UserWarning: Failed to coerce '+1.0' via int, leaving as string
  return {key: get_coercion(key)(value) for key, value in row.items()}
C:\Users\nicolas\Documents\GitHub\courtside-data\courtside_data\output\field_types.py:405: UserWarning: Failed to coerce '512:57' via int, leaving as string
  return {key: get_coercion(key)(value) for key, value in row.items()}
C:\Users\nicolas\Documents\GitHub\courtside-data\courtside_data\output\field_types.py:405: UserWarning: Failed to coerce '+1.1' via int, leaving as string
  return {key: get_coercion(key)(value) for key, value in row.items()}
C:\Users\nicolas\Documents\GitHub\courtside-data\courtside_data\output\field_types.py:405: UserWarning: Failed to coerce '+2.2' via int, leaving as string
  return {key: get_coercion(key)(value) for key, value in row.items()}
C:\Users\nicolas\Documents\GitHub\courtside-data\courtside_data\output\field_types.py:405: UserWarning: Failed to coerce '-4.2' via int, leaving as string
  return {key: get_coercion(key)(value) for key, value in row.items()}
C:\Users\nicolas\Documents\GitHub\courtside-data\courtside_data\output\field_types.py:405: UserWarning: Failed to coerce '-1.6' via int, leaving as string
  return {key: get_coercion(key)(value) for key, value in row.items()}
C:\Users\nicolas\Documents\GitHub\courtside-data\courtside_data\output\field_types.py:405: UserWarning: Failed to coerce '500:43' via int, leaving as string
  return {key: get_coercion(key)(value) for key, value in row.items()}
C:\Users\nicolas\Documents\GitHub\courtside-data\courtside_data\output\field_types.py:405: UserWarning: Failed to coerce '+5.0' via int, leaving as string
  return {key: get_coercion(key)(value) for key, value in row.items()}
C:\Users\nicolas\Documents\GitHub\courtside-data\courtside_data\output\field_types.py:405: UserWarning: Failed to coerce '496:57' via int, leaving as string
  return {key: get_coercion(key)(value) for key, value in row.items()}
C:\Users\nicolas\Documents\GitHub\courtside-data\courtside_data\output\field_types.py:405: UserWarning: Failed to coerce '-13.7' via int, leaving as string
  return {key: get_coercion(key)(value) for key, value in row.items()}
C:\Users\nicolas\Documents\GitHub\courtside-data\courtside_data\output\field_types.py:405: UserWarning: Failed to coerce '-4.3' via int, leaving as string
  return {key: get_coercion(key)(value) for key, value in row.items()}
C:\Users\nicolas\Documents\GitHub\courtside-data\courtside_data\output\field_types.py:405: UserWarning: Failed to coerce '+1.6' via int, leaving as string
  return {key: get_coercion(key)(value) for key, value in row.items()}
C:\Users\nicolas\Documents\GitHub\courtside-data\courtside_data\output\field_types.py:405: UserWarning: Failed to coerce '483:48' via int, leaving as string
  return {key: get_coercion(key)(value) for key, value in row.items()}
C:\Users\nicolas\Documents\GitHub\courtside-data\courtside_data\output\field_types.py:405: UserWarning: Failed to coerce '+3.7' via int, leaving as string
  return {key: get_coercion(key)(value) for key, value in row.items()}
C:\Users\nicolas\Documents\GitHub\courtside-data\courtside_data\output\field_types.py:405: UserWarning: Failed to coerce '452:28' via int, leaving as string
  return {key: get_coercion(key)(value) for key, value in row.items()}
C:\Users\nicolas\Documents\GitHub\courtside-data\courtside_data\output\field_types.py:405: UserWarning: Failed to coerce '+2.1' via int, leaving as string
  return {key: get_coercion(key)(value) for key, value in row.items()}
C:\Users\nicolas\Documents\GitHub\courtside-data\courtside_data\output\field_types.py:405: UserWarning: Failed to coerce '-3.2' via int, leaving as string
  return {key: get_coercion(key)(value) for key, value in row.items()}
C:\Users\nicolas\Documents\GitHub\courtside-data\courtside_data\output\field_types.py:405: UserWarning: Failed to coerce '+2.3' via int, leaving as string
  return {key: get_coercion(key)(value) for key, value in row.items()}
C:\Users\nicolas\Documents\GitHub\courtside-data\courtside_data\output\field_types.py:405: UserWarning: Failed to coerce '433:17' via int, leaving as string
  return {key: get_coercion(key)(value) for key, value in row.items()}
C:\Users\nicolas\Documents\GitHub\courtside-data\courtside_data\output\field_types.py:405: UserWarning: Failed to coerce '-11.1' via int, leaving as string
  return {key: get_coercion(key)(value) for key, value in row.items()}
C:\Users\nicolas\Documents\GitHub\courtside-data\courtside_data\output\field_types.py:405: UserWarning: Failed to coerce '+4.9' via int, leaving as string
  return {key: get_coercion(key)(value) for key, value in row.items()}
C:\Users\nicolas\Documents\GitHub\courtside-data\courtside_data\output\field_types.py:405: UserWarning: Failed to coerce '410:54' via int, leaving as string
  return {key: get_coercion(key)(value) for key, value in row.items()}
C:\Users\nicolas\Documents\GitHub\courtside-data\courtside_data\output\field_types.py:405: UserWarning: Failed to coerce '-13.6' via int, leaving as string
  return {key: get_coercion(key)(value) for key, value in row.items()}
C:\Users\nicolas\Documents\GitHub\courtside-data\courtside_data\output\field_types.py:405: UserWarning: Failed to coerce '404:54' via int, leaving as string
  return {key: get_coercion(key)(value) for key, value in row.items()}
C:\Users\nicolas\Documents\GitHub\courtside-data\courtside_data\output\field_types.py:405: UserWarning: Failed to coerce '-18.7' via int, leaving as string
  return {key: get_coercion(key)(value) for key, value in row.items()}
C:\Users\nicolas\Documents\GitHub\courtside-data\courtside_data\output\field_types.py:405: UserWarning: Failed to coerce '-7.8' via int, leaving as string
  return {key: get_coercion(key)(value) for key, value in row.items()}
C:\Users\nicolas\Documents\GitHub\courtside-data\courtside_data\output\field_types.py:405: UserWarning: Failed to coerce '-6.4' via int, leaving as string
  return {key: get_coercion(key)(value) for key, value in row.items()}
C:\Users\nicolas\Documents\GitHub\courtside-data\courtside_data\output\field_types.py:405: UserWarning: Failed to coerce '-5.9' via int, leaving as string
  return {key: get_coercion(key)(value) for key, value in row.items()}
C:\Users\nicolas\Documents\GitHub\courtside-data\courtside_data\output\field_types.py:405: UserWarning: Failed to coerce '-7.7' via int, leaving as string
  return {key: get_coercion(key)(value) for key, value in row.items()}
C:\Users\nicolas\Documents\GitHub\courtside-data\courtside_data\output\field_types.py:405: UserWarning: Failed to coerce '391:44' via int, leaving as string
  return {key: get_coercion(key)(value) for key, value in row.items()}
C:\Users\nicolas\Documents\GitHub\courtside-data\courtside_data\output\field_types.py:405: UserWarning: Failed to coerce '-8.1' via int, leaving as string
  return {key: get_coercion(key)(value) for key, value in row.items()}
C:\Users\nicolas\Documents\GitHub\courtside-data\courtside_data\output\field_types.py:405: UserWarning: Failed to coerce '+4.5' via int, leaving as string
  return {key: get_coercion(key)(value) for key, value in row.items()}
C:\Users\nicolas\Documents\GitHub\courtside-data\courtside_data\output\field_types.py:405: UserWarning: Failed to coerce '-11.3' via int, leaving as string
  return {key: get_coercion(key)(value) for key, value in row.items()}
C:\Users\nicolas\Documents\GitHub\courtside-data\courtside_data\output\field_types.py:405: UserWarning: Failed to coerce '391:11' via int, leaving as string
  return {key: get_coercion(key)(value) for key, value in row.items()}
C:\Users\nicolas\Documents\GitHub\courtside-data\courtside_data\output\field_types.py:405: UserWarning: Failed to coerce '-2.6' via int, leaving as string
  return {key: get_coercion(key)(value) for key, value in row.items()}
C:\Users\nicolas\Documents\GitHub\courtside-data\courtside_data\output\field_types.py:405: UserWarning: Failed to coerce '+4.3' via int, leaving as string
  return {key: get_coercion(key)(value) for key, value in row.items()}
C:\Users\nicolas\Documents\GitHub\courtside-data\courtside_data\output\field_types.py:405: UserWarning: Failed to coerce '+0.3' via int, leaving as string
  return {key: get_coercion(key)(value) for key, value in row.items()}
C:\Users\nicolas\Documents\GitHub\courtside-data\courtside_data\output\field_types.py:405: UserWarning: Failed to coerce '385:35' via int, leaving as string
  return {key: get_coercion(key)(value) for key, value in row.items()}
C:\Users\nicolas\Documents\GitHub\courtside-data\courtside_data\output\field_types.py:405: UserWarning: Failed to coerce '-18.8' via int, leaving as string
  return {key: get_coercion(key)(value) for key, value in row.items()}
C:\Users\nicolas\Documents\GitHub\courtside-data\courtside_data\output\field_types.py:405: UserWarning: Failed to coerce '-8.2' via int, leaving as string
  return {key: get_coercion(key)(value) for key, value in row.items()}
C:\Users\nicolas\Documents\GitHub\courtside-data\courtside_data\output\field_types.py:405: UserWarning: Failed to coerce '-9.2' via int, leaving as string
  return {key: get_coercion(key)(value) for key, value in row.items()}
C:\Users\nicolas\Documents\GitHub\courtside-data\courtside_data\output\field_types.py:405: UserWarning: Failed to coerce '+1.5' via int, leaving as string
  return {key: get_coercion(key)(value) for key, value in row.items()}
C:\Users\nicolas\Documents\GitHub\courtside-data\courtside_data\output\field_types.py:405: UserWarning: Failed to coerce '383:37' via int, leaving as string
  return {key: get_coercion(key)(value) for key, value in row.items()}
C:\Users\nicolas\Documents\GitHub\courtside-data\courtside_data\output\field_types.py:405: UserWarning: Failed to coerce '+3.4' via int, leaving as string
  return {key: get_coercion(key)(value) for key, value in row.items()}
C:\Users\nicolas\Documents\GitHub\courtside-data\courtside_data\output\field_types.py:405: UserWarning: Failed to coerce '-6.9' via int, leaving as string
  return {key: get_coercion(key)(value) for key, value in row.items()}
[330/341] team_lineups_lineups_2_man ... ERROR other ValueError  (8.2s)
C:\Users\nicolas\Documents\GitHub\courtside-data\courtside_data\output\field_types.py:405: UserWarning: Failed to coerce '283:07' via int, leaving as string
  return {key: get_coercion(key)(value) for key, value in row.items()}
C:\Users\nicolas\Documents\GitHub\courtside-data\courtside_data\output\field_types.py:405: UserWarning: Failed to coerce '-6.3' via int, leaving as string
  return {key: get_coercion(key)(value) for key, value in row.items()}
C:\Users\nicolas\Documents\GitHub\courtside-data\courtside_data\output\field_types.py:405: UserWarning: Failed to coerce '+6.5' via int, leaving as string
  return {key: get_coercion(key)(value) for key, value in row.items()}
C:\Users\nicolas\Documents\GitHub\courtside-data\courtside_data\output\field_types.py:405: UserWarning: Failed to coerce '+5.7' via int, leaving as string
  return {key: get_coercion(key)(value) for key, value in row.items()}
C:\Users\nicolas\Documents\GitHub\courtside-data\courtside_data\output\field_types.py:405: UserWarning: Failed to coerce '264:32' via int, leaving as string
  return {key: get_coercion(key)(value) for key, value in row.items()}
C:\Users\nicolas\Documents\GitHub\courtside-data\courtside_data\output\field_types.py:405: UserWarning: Failed to coerce '-15.1' via int, leaving as string
  return {key: get_coercion(key)(value) for key, value in row.items()}
C:\Users\nicolas\Documents\GitHub\courtside-data\courtside_data\output\field_types.py:405: UserWarning: Failed to coerce '+3.3' via int, leaving as string
  return {key: get_coercion(key)(value) for key, value in row.items()}
C:\Users\nicolas\Documents\GitHub\courtside-data\courtside_data\output\field_types.py:405: UserWarning: Failed to coerce '-7.3' via int, leaving as string
  return {key: get_coercion(key)(value) for key, value in row.items()}
C:\Users\nicolas\Documents\GitHub\courtside-data\courtside_data\output\field_types.py:405: UserWarning: Failed to coerce '239:39' via int, leaving as string
  return {key: get_coercion(key)(value) for key, value in row.items()}
C:\Users\nicolas\Documents\GitHub\courtside-data\courtside_data\output\field_types.py:405: UserWarning: Failed to coerce '-9.6' via int, leaving as string
  return {key: get_coercion(key)(value) for key, value in row.items()}
C:\Users\nicolas\Documents\GitHub\courtside-data\courtside_data\output\field_types.py:405: UserWarning: Failed to coerce '+7.2' via int, leaving as string
  return {key: get_coercion(key)(value) for key, value in row.items()}
C:\Users\nicolas\Documents\GitHub\courtside-data\courtside_data\output\field_types.py:405: UserWarning: Failed to coerce '+5.4' via int, leaving as string
  return {key: get_coercion(key)(value) for key, value in row.items()}
C:\Users\nicolas\Documents\GitHub\courtside-data\courtside_data\output\field_types.py:405: UserWarning: Failed to coerce '236:51' via int, leaving as string
  return {key: get_coercion(key)(value) for key, value in row.items()}
C:\Users\nicolas\Documents\GitHub\courtside-data\courtside_data\output\field_types.py:405: UserWarning: Failed to coerce '+7.1' via int, leaving as string
  return {key: get_coercion(key)(value) for key, value in row.items()}
C:\Users\nicolas\Documents\GitHub\courtside-data\courtside_data\output\field_types.py:405: UserWarning: Failed to coerce '+2.9' via int, leaving as string
  return {key: get_coercion(key)(value) for key, value in row.items()}
C:\Users\nicolas\Documents\GitHub\courtside-data\courtside_data\output\field_types.py:405: UserWarning: Failed to coerce '+6.1' via int, leaving as string
  return {key: get_coercion(key)(value) for key, value in row.items()}
C:\Users\nicolas\Documents\GitHub\courtside-data\courtside_data\output\field_types.py:405: UserWarning: Failed to coerce '+1.7' via int, leaving as string
  return {key: get_coercion(key)(value) for key, value in row.items()}
C:\Users\nicolas\Documents\GitHub\courtside-data\courtside_data\output\field_types.py:405: UserWarning: Failed to coerce '233:04' via int, leaving as string
  return {key: get_coercion(key)(value) for key, value in row.items()}
C:\Users\nicolas\Documents\GitHub\courtside-data\courtside_data\output\field_types.py:405: UserWarning: Failed to coerce '-14.2' via int, leaving as string
  return {key: get_coercion(key)(value) for key, value in row.items()}
C:\Users\nicolas\Documents\GitHub\courtside-data\courtside_data\output\field_types.py:405: UserWarning: Failed to coerce '-8.3' via int, leaving as string
  return {key: get_coercion(key)(value) for key, value in row.items()}
C:\Users\nicolas\Documents\GitHub\courtside-data\courtside_data\output\field_types.py:405: UserWarning: Failed to coerce '-7.6' via int, leaving as string
  return {key: get_coercion(key)(value) for key, value in row.items()}
C:\Users\nicolas\Documents\GitHub\courtside-data\courtside_data\output\field_types.py:405: UserWarning: Failed to coerce '228:39' via int, leaving as string
  return {key: get_coercion(key)(value) for key, value in row.items()}
C:\Users\nicolas\Documents\GitHub\courtside-data\courtside_data\output\field_types.py:405: UserWarning: Failed to coerce '-11.8' via int, leaving as string
  return {key: get_coercion(key)(value) for key, value in row.items()}
C:\Users\nicolas\Documents\GitHub\courtside-data\courtside_data\output\field_types.py:405: UserWarning: Failed to coerce '+6.4' via int, leaving as string
  return {key: get_coercion(key)(value) for key, value in row.items()}
C:\Users\nicolas\Documents\GitHub\courtside-data\courtside_data\output\field_types.py:405: UserWarning: Failed to coerce '+5.5' via int, leaving as string
  return {key: get_coercion(key)(value) for key, value in row.items()}
C:\Users\nicolas\Documents\GitHub\courtside-data\courtside_data\output\field_types.py:405: UserWarning: Failed to coerce '+5.1' via int, leaving as string
  return {key: get_coercion(key)(value) for key, value in row.items()}
C:\Users\nicolas\Documents\GitHub\courtside-data\courtside_data\output\field_types.py:405: UserWarning: Failed to coerce '223:29' via int, leaving as string
  return {key: get_coercion(key)(value) for key, value in row.items()}
C:\Users\nicolas\Documents\GitHub\courtside-data\courtside_data\output\field_types.py:405: UserWarning: Failed to coerce '+4.1' via int, leaving as string
  return {key: get_coercion(key)(value) for key, value in row.items()}
C:\Users\nicolas\Documents\GitHub\courtside-data\courtside_data\output\field_types.py:405: UserWarning: Failed to coerce '-7.4' via int, leaving as string
  return {key: get_coercion(key)(value) for key, value in row.items()}
C:\Users\nicolas\Documents\GitHub\courtside-data\courtside_data\output\field_types.py:405: UserWarning: Failed to coerce '209:04' via int, leaving as string
  return {key: get_coercion(key)(value) for key, value in row.items()}
C:\Users\nicolas\Documents\GitHub\courtside-data\courtside_data\output\field_types.py:405: UserWarning: Failed to coerce '+7.6' via int, leaving as string
  return {key: get_coercion(key)(value) for key, value in row.items()}
C:\Users\nicolas\Documents\GitHub\courtside-data\courtside_data\output\field_types.py:405: UserWarning: Failed to coerce '+5.8' via int, leaving as string
  return {key: get_coercion(key)(value) for key, value in row.items()}
C:\Users\nicolas\Documents\GitHub\courtside-data\courtside_data\output\field_types.py:405: UserWarning: Failed to coerce '207:07' via int, leaving as string
  return {key: get_coercion(key)(value) for key, value in row.items()}
C:\Users\nicolas\Documents\GitHub\courtside-data\courtside_data\output\field_types.py:405: UserWarning: Failed to coerce '-9.9' via int, leaving as string
  return {key: get_coercion(key)(value) for key, value in row.items()}
C:\Users\nicolas\Documents\GitHub\courtside-data\courtside_data\output\field_types.py:405: UserWarning: Failed to coerce '+5.3' via int, leaving as string
  return {key: get_coercion(key)(value) for key, value in row.items()}
C:\Users\nicolas\Documents\GitHub\courtside-data\courtside_data\output\field_types.py:405: UserWarning: Failed to coerce '+3.1' via int, leaving as string
  return {key: get_coercion(key)(value) for key, value in row.items()}
C:\Users\nicolas\Documents\GitHub\courtside-data\courtside_data\output\field_types.py:405: UserWarning: Failed to coerce '-9.1' via int, leaving as string
  return {key: get_coercion(key)(value) for key, value in row.items()}
C:\Users\nicolas\Documents\GitHub\courtside-data\courtside_data\output\field_types.py:405: UserWarning: Failed to coerce '+3.2' via int, leaving as string
  return {key: get_coercion(key)(value) for key, value in row.items()}
C:\Users\nicolas\Documents\GitHub\courtside-data\courtside_data\output\field_types.py:405: UserWarning: Failed to coerce '184:06' via int, leaving as string
  return {key: get_coercion(key)(value) for key, value in row.items()}
C:\Users\nicolas\Documents\GitHub\courtside-data\courtside_data\output\field_types.py:405: UserWarning: Failed to coerce '+7.8' via int, leaving as string
  return {key: get_coercion(key)(value) for key, value in row.items()}
C:\Users\nicolas\Documents\GitHub\courtside-data\courtside_data\output\field_types.py:405: UserWarning: Failed to coerce '+7.4' via int, leaving as string
  return {key: get_coercion(key)(value) for key, value in row.items()}
C:\Users\nicolas\Documents\GitHub\courtside-data\courtside_data\output\field_types.py:405: UserWarning: Failed to coerce '-10.6' via int, leaving as string
  return {key: get_coercion(key)(value) for key, value in row.items()}
C:\Users\nicolas\Documents\GitHub\courtside-data\courtside_data\output\field_types.py:405: UserWarning: Failed to coerce '-8.8' via int, leaving as string
  return {key: get_coercion(key)(value) for key, value in row.items()}
[331/341] team_lineups_lineups_2_man_p ... ERROR other ValueError  (7.5s)
C:\Users\nicolas\Documents\GitHub\courtside-data\courtside_data\output\field_types.py:405: UserWarning: Failed to coerce '810:11' via int, leaving as string
  return {key: get_coercion(key)(value) for key, value in row.items()}
C:\Users\nicolas\Documents\GitHub\courtside-data\courtside_data\output\field_types.py:405: UserWarning: Failed to coerce '-16.3' via int, leaving as string
  return {key: get_coercion(key)(value) for key, value in row.items()}
C:\Users\nicolas\Documents\GitHub\courtside-data\courtside_data\output\field_types.py:405: UserWarning: Failed to coerce '531:28' via int, leaving as string
  return {key: get_coercion(key)(value) for key, value in row.items()}
C:\Users\nicolas\Documents\GitHub\courtside-data\courtside_data\output\field_types.py:405: UserWarning: Failed to coerce '-12.7' via int, leaving as string
  return {key: get_coercion(key)(value) for key, value in row.items()}
C:\Users\nicolas\Documents\GitHub\courtside-data\courtside_data\output\field_types.py:405: UserWarning: Failed to coerce '-5.6' via int, leaving as string
  return {key: get_coercion(key)(value) for key, value in row.items()}
C:\Users\nicolas\Documents\GitHub\courtside-data\courtside_data\output\field_types.py:405: UserWarning: Failed to coerce '492:04' via int, leaving as string
  return {key: get_coercion(key)(value) for key, value in row.items()}
C:\Users\nicolas\Documents\GitHub\courtside-data\courtside_data\output\field_types.py:405: UserWarning: Failed to coerce '-9.7' via int, leaving as string
  return {key: get_coercion(key)(value) for key, value in row.items()}
C:\Users\nicolas\Documents\GitHub\courtside-data\courtside_data\output\field_types.py:405: UserWarning: Failed to coerce '-3.1' via int, leaving as string
  return {key: get_coercion(key)(value) for key, value in row.items()}
C:\Users\nicolas\Documents\GitHub\courtside-data\courtside_data\output\field_types.py:405: UserWarning: Failed to coerce '439:03' via int, leaving as string
  return {key: get_coercion(key)(value) for key, value in row.items()}
C:\Users\nicolas\Documents\GitHub\courtside-data\courtside_data\output\field_types.py:405: UserWarning: Failed to coerce '-6.2' via int, leaving as string
  return {key: get_coercion(key)(value) for key, value in row.items()}
C:\Users\nicolas\Documents\GitHub\courtside-data\courtside_data\output\field_types.py:405: UserWarning: Failed to coerce '422:14' via int, leaving as string
  return {key: get_coercion(key)(value) for key, value in row.items()}
C:\Users\nicolas\Documents\GitHub\courtside-data\courtside_data\output\field_types.py:405: UserWarning: Failed to coerce '-12.1' via int, leaving as string
  return {key: get_coercion(key)(value) for key, value in row.items()}
C:\Users\nicolas\Documents\GitHub\courtside-data\courtside_data\output\field_types.py:405: UserWarning: Failed to coerce '-6.6' via int, leaving as string
  return {key: get_coercion(key)(value) for key, value in row.items()}
C:\Users\nicolas\Documents\GitHub\courtside-data\courtside_data\output\field_types.py:405: UserWarning: Failed to coerce '409:18' via int, leaving as string
  return {key: get_coercion(key)(value) for key, value in row.items()}
C:\Users\nicolas\Documents\GitHub\courtside-data\courtside_data\output\field_types.py:405: UserWarning: Failed to coerce '402:22' via int, leaving as string
  return {key: get_coercion(key)(value) for key, value in row.items()}
C:\Users\nicolas\Documents\GitHub\courtside-data\courtside_data\output\field_types.py:405: UserWarning: Failed to coerce '385:28' via int, leaving as string
  return {key: get_coercion(key)(value) for key, value in row.items()}
C:\Users\nicolas\Documents\GitHub\courtside-data\courtside_data\output\field_types.py:405: UserWarning: Failed to coerce '366:15' via int, leaving as string
  return {key: get_coercion(key)(value) for key, value in row.items()}
C:\Users\nicolas\Documents\GitHub\courtside-data\courtside_data\output\field_types.py:405: UserWarning: Failed to coerce '-3.9' via int, leaving as string
  return {key: get_coercion(key)(value) for key, value in row.items()}
C:\Users\nicolas\Documents\GitHub\courtside-data\courtside_data\output\field_types.py:405: UserWarning: Failed to coerce '365:17' via int, leaving as string
  return {key: get_coercion(key)(value) for key, value in row.items()}
C:\Users\nicolas\Documents\GitHub\courtside-data\courtside_data\output\field_types.py:405: UserWarning: Failed to coerce '-11.2' via int, leaving as string
  return {key: get_coercion(key)(value) for key, value in row.items()}
C:\Users\nicolas\Documents\GitHub\courtside-data\courtside_data\output\field_types.py:405: UserWarning: Failed to coerce '-7.2' via int, leaving as string
  return {key: get_coercion(key)(value) for key, value in row.items()}
C:\Users\nicolas\Documents\GitHub\courtside-data\courtside_data\output\field_types.py:405: UserWarning: Failed to coerce '332:42' via int, leaving as string
  return {key: get_coercion(key)(value) for key, value in row.items()}
C:\Users\nicolas\Documents\GitHub\courtside-data\courtside_data\output\field_types.py:405: UserWarning: Failed to coerce '-14.4' via int, leaving as string
  return {key: get_coercion(key)(value) for key, value in row.items()}
C:\Users\nicolas\Documents\GitHub\courtside-data\courtside_data\output\field_types.py:405: UserWarning: Failed to coerce '330:33' via int, leaving as string
  return {key: get_coercion(key)(value) for key, value in row.items()}
C:\Users\nicolas\Documents\GitHub\courtside-data\courtside_data\output\field_types.py:405: UserWarning: Failed to coerce '-7.1' via int, leaving as string
  return {key: get_coercion(key)(value) for key, value in row.items()}
C:\Users\nicolas\Documents\GitHub\courtside-data\courtside_data\output\field_types.py:405: UserWarning: Failed to coerce '328:29' via int, leaving as string
  return {key: get_coercion(key)(value) for key, value in row.items()}
C:\Users\nicolas\Documents\GitHub\courtside-data\courtside_data\output\field_types.py:405: UserWarning: Failed to coerce '-5.2' via int, leaving as string
  return {key: get_coercion(key)(value) for key, value in row.items()}
C:\Users\nicolas\Documents\GitHub\courtside-data\courtside_data\output\field_types.py:405: UserWarning: Failed to coerce '316:28' via int, leaving as string
  return {key: get_coercion(key)(value) for key, value in row.items()}
C:\Users\nicolas\Documents\GitHub\courtside-data\courtside_data\output\field_types.py:405: UserWarning: Failed to coerce '-5.8' via int, leaving as string
  return {key: get_coercion(key)(value) for key, value in row.items()}
C:\Users\nicolas\Documents\GitHub\courtside-data\courtside_data\output\field_types.py:405: UserWarning: Failed to coerce '302:43' via int, leaving as string
  return {key: get_coercion(key)(value) for key, value in row.items()}
C:\Users\nicolas\Documents\GitHub\courtside-data\courtside_data\output\field_types.py:405: UserWarning: Failed to coerce '-15.9' via int, leaving as string
  return {key: get_coercion(key)(value) for key, value in row.items()}
C:\Users\nicolas\Documents\GitHub\courtside-data\courtside_data\output\field_types.py:405: UserWarning: Failed to coerce '+3.6' via int, leaving as string
  return {key: get_coercion(key)(value) for key, value in row.items()}
C:\Users\nicolas\Documents\GitHub\courtside-data\courtside_data\output\field_types.py:405: UserWarning: Failed to coerce '293:23' via int, leaving as string
  return {key: get_coercion(key)(value) for key, value in row.items()}
C:\Users\nicolas\Documents\GitHub\courtside-data\courtside_data\output\field_types.py:405: UserWarning: Failed to coerce '291:25' via int, leaving as string
  return {key: get_coercion(key)(value) for key, value in row.items()}
C:\Users\nicolas\Documents\GitHub\courtside-data\courtside_data\output\field_types.py:405: UserWarning: Failed to coerce '+3.8' via int, leaving as string
  return {key: get_coercion(key)(value) for key, value in row.items()}
C:\Users\nicolas\Documents\GitHub\courtside-data\courtside_data\output\field_types.py:405: UserWarning: Failed to coerce '+3.9' via int, leaving as string
  return {key: get_coercion(key)(value) for key, value in row.items()}
C:\Users\nicolas\Documents\GitHub\courtside-data\courtside_data\output\field_types.py:405: UserWarning: Failed to coerce '289:07' via int, leaving as string
  return {key: get_coercion(key)(value) for key, value in row.items()}
C:\Users\nicolas\Documents\GitHub\courtside-data\courtside_data\output\field_types.py:405: UserWarning: Failed to coerce '-12.2' via int, leaving as string
  return {key: get_coercion(key)(value) for key, value in row.items()}
C:\Users\nicolas\Documents\GitHub\courtside-data\courtside_data\output\field_types.py:405: UserWarning: Failed to coerce '284:11' via int, leaving as string
  return {key: get_coercion(key)(value) for key, value in row.items()}
C:\Users\nicolas\Documents\GitHub\courtside-data\courtside_data\output\field_types.py:405: UserWarning: Failed to coerce '-13.2' via int, leaving as string
  return {key: get_coercion(key)(value) for key, value in row.items()}
C:\Users\nicolas\Documents\GitHub\courtside-data\courtside_data\output\field_types.py:405: UserWarning: Failed to coerce '+4.7' via int, leaving as string
  return {key: get_coercion(key)(value) for key, value in row.items()}
C:\Users\nicolas\Documents\GitHub\courtside-data\courtside_data\output\field_types.py:405: UserWarning: Failed to coerce '283:33' via int, leaving as string
  return {key: get_coercion(key)(value) for key, value in row.items()}
[332/341] team_lineups_lineups_3_man ... ERROR other ValueError  (7.6s)
C:\Users\nicolas\Documents\GitHub\courtside-data\courtside_data\output\field_types.py:405: UserWarning: Failed to coerce '113:42' via int, leaving as string
  return {key: get_coercion(key)(value) for key, value in row.items()}
C:\Users\nicolas\Documents\GitHub\courtside-data\courtside_data\output\field_types.py:405: UserWarning: Failed to coerce '-14.7' via int, leaving as string
  return {key: get_coercion(key)(value) for key, value in row.items()}
C:\Users\nicolas\Documents\GitHub\courtside-data\courtside_data\output\field_types.py:405: UserWarning: Failed to coerce '+7.5' via int, leaving as string
  return {key: get_coercion(key)(value) for key, value in row.items()}
C:\Users\nicolas\Documents\GitHub\courtside-data\courtside_data\output\field_types.py:405: UserWarning: Failed to coerce '+3.5' via int, leaving as string
  return {key: get_coercion(key)(value) for key, value in row.items()}
C:\Users\nicolas\Documents\GitHub\courtside-data\courtside_data\output\field_types.py:405: UserWarning: Failed to coerce '111:59' via int, leaving as string
  return {key: get_coercion(key)(value) for key, value in row.items()}
C:\Users\nicolas\Documents\GitHub\courtside-data\courtside_data\output\field_types.py:405: UserWarning: Failed to coerce '-19.1' via int, leaving as string
  return {key: get_coercion(key)(value) for key, value in row.items()}
C:\Users\nicolas\Documents\GitHub\courtside-data\courtside_data\output\field_types.py:405: UserWarning: Failed to coerce '+8.4' via int, leaving as string
  return {key: get_coercion(key)(value) for key, value in row.items()}
C:\Users\nicolas\Documents\GitHub\courtside-data\courtside_data\output\field_types.py:405: UserWarning: Failed to coerce '+4.2' via int, leaving as string
  return {key: get_coercion(key)(value) for key, value in row.items()}
C:\Users\nicolas\Documents\GitHub\courtside-data\courtside_data\output\field_types.py:405: UserWarning: Failed to coerce '100:57' via int, leaving as string
  return {key: get_coercion(key)(value) for key, value in row.items()}
C:\Users\nicolas\Documents\GitHub\courtside-data\courtside_data\output\field_types.py:405: UserWarning: Failed to coerce '+8.7' via int, leaving as string
  return {key: get_coercion(key)(value) for key, value in row.items()}
C:\Users\nicolas\Documents\GitHub\courtside-data\courtside_data\output\field_types.py:405: UserWarning: Failed to coerce '94:18' via int, leaving as string
  return {key: get_coercion(key)(value) for key, value in row.items()}
C:\Users\nicolas\Documents\GitHub\courtside-data\courtside_data\output\field_types.py:405: UserWarning: Failed to coerce '-14.9' via int, leaving as string
  return {key: get_coercion(key)(value) for key, value in row.items()}
C:\Users\nicolas\Documents\GitHub\courtside-data\courtside_data\output\field_types.py:405: UserWarning: Failed to coerce '-10.1' via int, leaving as string
  return {key: get_coercion(key)(value) for key, value in row.items()}
C:\Users\nicolas\Documents\GitHub\courtside-data\courtside_data\output\field_types.py:405: UserWarning: Failed to coerce '+4.8' via int, leaving as string
  return {key: get_coercion(key)(value) for key, value in row.items()}
C:\Users\nicolas\Documents\GitHub\courtside-data\courtside_data\output\field_types.py:405: UserWarning: Failed to coerce '+8.9' via int, leaving as string
  return {key: get_coercion(key)(value) for key, value in row.items()}
C:\Users\nicolas\Documents\GitHub\courtside-data\courtside_data\output\field_types.py:405: UserWarning: Failed to coerce '+5.2' via int, leaving as string
  return {key: get_coercion(key)(value) for key, value in row.items()}
C:\Users\nicolas\Documents\GitHub\courtside-data\courtside_data\output\field_types.py:405: UserWarning: Failed to coerce '73:43' via int, leaving as string
  return {key: get_coercion(key)(value) for key, value in row.items()}
C:\Users\nicolas\Documents\GitHub\courtside-data\courtside_data\output\field_types.py:405: UserWarning: Failed to coerce '-15.6' via int, leaving as string
  return {key: get_coercion(key)(value) for key, value in row.items()}
C:\Users\nicolas\Documents\GitHub\courtside-data\courtside_data\output\field_types.py:405: UserWarning: Failed to coerce '+4.0' via int, leaving as string
  return {key: get_coercion(key)(value) for key, value in row.items()}
C:\Users\nicolas\Documents\GitHub\courtside-data\courtside_data\output\field_types.py:405: UserWarning: Failed to coerce '+4.6' via int, leaving as string
  return {key: get_coercion(key)(value) for key, value in row.items()}
C:\Users\nicolas\Documents\GitHub\courtside-data\courtside_data\output\field_types.py:405: UserWarning: Failed to coerce '+6.0' via int, leaving as string
  return {key: get_coercion(key)(value) for key, value in row.items()}
C:\Users\nicolas\Documents\GitHub\courtside-data\courtside_data\output\field_types.py:405: UserWarning: Failed to coerce '70:18' via int, leaving as string
  return {key: get_coercion(key)(value) for key, value in row.items()}
C:\Users\nicolas\Documents\GitHub\courtside-data\courtside_data\output\field_types.py:405: UserWarning: Failed to coerce '-12.4' via int, leaving as string
  return {key: get_coercion(key)(value) for key, value in row.items()}
C:\Users\nicolas\Documents\GitHub\courtside-data\courtside_data\output\field_types.py:405: UserWarning: Failed to coerce '+6.8' via int, leaving as string
  return {key: get_coercion(key)(value) for key, value in row.items()}
C:\Users\nicolas\Documents\GitHub\courtside-data\courtside_data\output\field_types.py:405: UserWarning: Failed to coerce '64:28' via int, leaving as string
  return {key: get_coercion(key)(value) for key, value in row.items()}
C:\Users\nicolas\Documents\GitHub\courtside-data\courtside_data\output\field_types.py:405: UserWarning: Failed to coerce '-10.2' via int, leaving as string
  return {key: get_coercion(key)(value) for key, value in row.items()}
C:\Users\nicolas\Documents\GitHub\courtside-data\courtside_data\output\field_types.py:405: UserWarning: Failed to coerce '+7.7' via int, leaving as string
  return {key: get_coercion(key)(value) for key, value in row.items()}
C:\Users\nicolas\Documents\GitHub\courtside-data\courtside_data\output\field_types.py:405: UserWarning: Failed to coerce '63:52' via int, leaving as string
  return {key: get_coercion(key)(value) for key, value in row.items()}
C:\Users\nicolas\Documents\GitHub\courtside-data\courtside_data\output\field_types.py:405: UserWarning: Failed to coerce '62:00' via int, leaving as string
  return {key: get_coercion(key)(value) for key, value in row.items()}
C:\Users\nicolas\Documents\GitHub\courtside-data\courtside_data\output\field_types.py:405: UserWarning: Failed to coerce '-8.7' via int, leaving as string
  return {key: get_coercion(key)(value) for key, value in row.items()}
C:\Users\nicolas\Documents\GitHub\courtside-data\courtside_data\output\field_types.py:405: UserWarning: Failed to coerce '59:41' via int, leaving as string
  return {key: get_coercion(key)(value) for key, value in row.items()}
C:\Users\nicolas\Documents\GitHub\courtside-data\courtside_data\output\field_types.py:405: UserWarning: Failed to coerce '+5.9' via int, leaving as string
  return {key: get_coercion(key)(value) for key, value in row.items()}
C:\Users\nicolas\Documents\GitHub\courtside-data\courtside_data\output\field_types.py:405: UserWarning: Failed to coerce '+6.2' via int, leaving as string
  return {key: get_coercion(key)(value) for key, value in row.items()}
C:\Users\nicolas\Documents\GitHub\courtside-data\courtside_data\output\field_types.py:405: UserWarning: Failed to coerce '+8.5' via int, leaving as string
  return {key: get_coercion(key)(value) for key, value in row.items()}
[333/341] team_lineups_lineups_3_man_p ... ERROR other ValueError  (7.3s)
C:\Users\nicolas\Documents\GitHub\courtside-data\courtside_data\output\field_types.py:405: UserWarning: Failed to coerce '416:54' via int, leaving as string
  return {key: get_coercion(key)(value) for key, value in row.items()}
C:\Users\nicolas\Documents\GitHub\courtside-data\courtside_data\output\field_types.py:405: UserWarning: Failed to coerce '372:59' via int, leaving as string
  return {key: get_coercion(key)(value) for key, value in row.items()}
C:\Users\nicolas\Documents\GitHub\courtside-data\courtside_data\output\field_types.py:405: UserWarning: Failed to coerce '-8.4' via int, leaving as string
  return {key: get_coercion(key)(value) for key, value in row.items()}
C:\Users\nicolas\Documents\GitHub\courtside-data\courtside_data\output\field_types.py:405: UserWarning: Failed to coerce '371:44' via int, leaving as string
  return {key: get_coercion(key)(value) for key, value in row.items()}
C:\Users\nicolas\Documents\GitHub\courtside-data\courtside_data\output\field_types.py:405: UserWarning: Failed to coerce '+6.7' via int, leaving as string
  return {key: get_coercion(key)(value) for key, value in row.items()}
C:\Users\nicolas\Documents\GitHub\courtside-data\courtside_data\output\field_types.py:405: UserWarning: Failed to coerce '337:38' via int, leaving as string
  return {key: get_coercion(key)(value) for key, value in row.items()}
C:\Users\nicolas\Documents\GitHub\courtside-data\courtside_data\output\field_types.py:405: UserWarning: Failed to coerce '294:45' via int, leaving as string
  return {key: get_coercion(key)(value) for key, value in row.items()}
C:\Users\nicolas\Documents\GitHub\courtside-data\courtside_data\output\field_types.py:405: UserWarning: Failed to coerce '+10.1' via int, leaving as string
  return {key: get_coercion(key)(value) for key, value in row.items()}
C:\Users\nicolas\Documents\GitHub\courtside-data\courtside_data\output\field_types.py:405: UserWarning: Failed to coerce '240:46' via int, leaving as string
  return {key: get_coercion(key)(value) for key, value in row.items()}
C:\Users\nicolas\Documents\GitHub\courtside-data\courtside_data\output\field_types.py:405: UserWarning: Failed to coerce '+5.6' via int, leaving as string
  return {key: get_coercion(key)(value) for key, value in row.items()}
C:\Users\nicolas\Documents\GitHub\courtside-data\courtside_data\output\field_types.py:405: UserWarning: Failed to coerce '234:09' via int, leaving as string
  return {key: get_coercion(key)(value) for key, value in row.items()}
C:\Users\nicolas\Documents\GitHub\courtside-data\courtside_data\output\field_types.py:405: UserWarning: Failed to coerce '194:55' via int, leaving as string
  return {key: get_coercion(key)(value) for key, value in row.items()}
C:\Users\nicolas\Documents\GitHub\courtside-data\courtside_data\output\field_types.py:405: UserWarning: Failed to coerce '183:25' via int, leaving as string
  return {key: get_coercion(key)(value) for key, value in row.items()}
C:\Users\nicolas\Documents\GitHub\courtside-data\courtside_data\output\field_types.py:405: UserWarning: Failed to coerce '169:14' via int, leaving as string
  return {key: get_coercion(key)(value) for key, value in row.items()}
C:\Users\nicolas\Documents\GitHub\courtside-data\courtside_data\output\field_types.py:405: UserWarning: Failed to coerce '+10.3' via int, leaving as string
  return {key: get_coercion(key)(value) for key, value in row.items()}
C:\Users\nicolas\Documents\GitHub\courtside-data\courtside_data\output\field_types.py:405: UserWarning: Failed to coerce '165:59' via int, leaving as string
  return {key: get_coercion(key)(value) for key, value in row.items()}
C:\Users\nicolas\Documents\GitHub\courtside-data\courtside_data\output\field_types.py:405: UserWarning: Failed to coerce '+13.5' via int, leaving as string
  return {key: get_coercion(key)(value) for key, value in row.items()}
C:\Users\nicolas\Documents\GitHub\courtside-data\courtside_data\output\field_types.py:405: UserWarning: Failed to coerce '165:24' via int, leaving as string
  return {key: get_coercion(key)(value) for key, value in row.items()}
C:\Users\nicolas\Documents\GitHub\courtside-data\courtside_data\output\field_types.py:405: UserWarning: Failed to coerce '164:41' via int, leaving as string
  return {key: get_coercion(key)(value) for key, value in row.items()}
C:\Users\nicolas\Documents\GitHub\courtside-data\courtside_data\output\field_types.py:405: UserWarning: Failed to coerce '158:26' via int, leaving as string
  return {key: get_coercion(key)(value) for key, value in row.items()}
C:\Users\nicolas\Documents\GitHub\courtside-data\courtside_data\output\field_types.py:405: UserWarning: Failed to coerce '143:21' via int, leaving as string
  return {key: get_coercion(key)(value) for key, value in row.items()}
C:\Users\nicolas\Documents\GitHub\courtside-data\courtside_data\output\field_types.py:405: UserWarning: Failed to coerce '140:37' via int, leaving as string
  return {key: get_coercion(key)(value) for key, value in row.items()}
C:\Users\nicolas\Documents\GitHub\courtside-data\courtside_data\output\field_types.py:405: UserWarning: Failed to coerce '-9.8' via int, leaving as string
  return {key: get_coercion(key)(value) for key, value in row.items()}
C:\Users\nicolas\Documents\GitHub\courtside-data\courtside_data\output\field_types.py:405: UserWarning: Failed to coerce '139:20' via int, leaving as string
  return {key: get_coercion(key)(value) for key, value in row.items()}
C:\Users\nicolas\Documents\GitHub\courtside-data\courtside_data\output\field_types.py:405: UserWarning: Failed to coerce '+14.0' via int, leaving as string
  return {key: get_coercion(key)(value) for key, value in row.items()}
C:\Users\nicolas\Documents\GitHub\courtside-data\courtside_data\output\field_types.py:405: UserWarning: Failed to coerce '129:13' via int, leaving as string
  return {key: get_coercion(key)(value) for key, value in row.items()}
C:\Users\nicolas\Documents\GitHub\courtside-data\courtside_data\output\field_types.py:405: UserWarning: Failed to coerce '126:26' via int, leaving as string
  return {key: get_coercion(key)(value) for key, value in row.items()}
C:\Users\nicolas\Documents\GitHub\courtside-data\courtside_data\output\field_types.py:405: UserWarning: Failed to coerce '-23.3' via int, leaving as string
  return {key: get_coercion(key)(value) for key, value in row.items()}
C:\Users\nicolas\Documents\GitHub\courtside-data\courtside_data\output\field_types.py:405: UserWarning: Failed to coerce '125:41' via int, leaving as string
  return {key: get_coercion(key)(value) for key, value in row.items()}
C:\Users\nicolas\Documents\GitHub\courtside-data\courtside_data\output\field_types.py:405: UserWarning: Failed to coerce '-12.9' via int, leaving as string
  return {key: get_coercion(key)(value) for key, value in row.items()}
[334/341] team_lineups_lineups_4_man ... ERROR other ValueError  (7.5s)
[335/341] team_lineups_lineups_4_man_p ... OK  (rows=0, 7.2s)
[336/341] team_lineups_lineups_5_man_p ... OK  (rows=0, 7.3s)
C:\Users\nicolas\Documents\GitHub\courtside-data\courtside_data\output\field_types.py:405: UserWarning: Failed to coerce '75%' via int, leaving as string
  return {key: get_coercion(key)(value) for key, value in row.items()}
C:\Users\nicolas\Documents\GitHub\courtside-data\courtside_data\output\field_types.py:405: UserWarning: Failed to coerce '55%' via int, leaving as string
  return {key: get_coercion(key)(value) for key, value in row.items()}
C:\Users\nicolas\Documents\GitHub\courtside-data\courtside_data\output\field_types.py:405: UserWarning: Failed to coerce '51%' via int, leaving as string
  return {key: get_coercion(key)(value) for key, value in row.items()}
C:\Users\nicolas\Documents\GitHub\courtside-data\courtside_data\output\field_types.py:405: UserWarning: Failed to coerce '56%' via int, leaving as string
  return {key: get_coercion(key)(value) for key, value in row.items()}
C:\Users\nicolas\Documents\GitHub\courtside-data\courtside_data\output\field_types.py:405: UserWarning: Failed to coerce '63%' via int, leaving as string
  return {key: get_coercion(key)(value) for key, value in row.items()}
C:\Users\nicolas\Documents\GitHub\courtside-data\courtside_data\output\field_types.py:405: UserWarning: Failed to coerce '21%' via int, leaving as string
  return {key: get_coercion(key)(value) for key, value in row.items()}
C:\Users\nicolas\Documents\GitHub\courtside-data\courtside_data\output\field_types.py:405: UserWarning: Failed to coerce '81%' via int, leaving as string
  return {key: get_coercion(key)(value) for key, value in row.items()}
C:\Users\nicolas\Documents\GitHub\courtside-data\courtside_data\output\field_types.py:405: UserWarning: Failed to coerce '44%' via int, leaving as string
  return {key: get_coercion(key)(value) for key, value in row.items()}
C:\Users\nicolas\Documents\GitHub\courtside-data\courtside_data\output\field_types.py:405: UserWarning: Failed to coerce '18%' via int, leaving as string
  return {key: get_coercion(key)(value) for key, value in row.items()}
C:\Users\nicolas\Documents\GitHub\courtside-data\courtside_data\output\field_types.py:405: UserWarning: Failed to coerce '2%' via int, leaving as string
  return {key: get_coercion(key)(value) for key, value in row.items()}
C:\Users\nicolas\Documents\GitHub\courtside-data\courtside_data\output\field_types.py:405: UserWarning: Failed to coerce '1%' via int, leaving as string
  return {key: get_coercion(key)(value) for key, value in row.items()}
[337/341] team_on_off_on_off_p ... ERROR other ValueError  (8.1s)
[338/341] team_schedule_games_playoffs ... ERROR other ValueError  (6.2s)
[339/341] team_starting_lineups_starting_lineups_po1 ... OK  (rows=0, 6.4s)
[340/341] team_starting_lineups_starting_lineups_summary_po0 ... OK  (rows=21, 6.3s)
[341/341] team_starting_lineups_starting_lineups_summary_po1 ... OK  (rows=0, 6.1s)
DONE: ok=198 error=143 skipped=0  (elapsed 1920.7s)  -> endpoint_smoke_results.json/.md
